card_id,series_name,set_code,set_name,scrydex_id,card_number,card_name,current_rarity,expected_image_url
9c6b2b37-9ee8-4049-b84e-8aa47df8f483,SMシリーズ,SM1M,コレクションムーン,sm1m_ja,071,ネストボール,UR,https://images.scrydex.com/pokemon/sm1m_ja-71/large
b9c52dca-1547-4822-b334-f80cb536d97b,SMシリーズ,SM1p,サン＆ムーン,sm1p_ja,059,ジュナイパーGX,HR,https://images.scrydex.com/pokemon/sm1p_ja-59/large
9c493606-b8e5-4329-85b2-18bc79a8eece,SMシリーズ,SM1p,サン＆ムーン,sm1p_ja,060,ガオガエンGX,HR,https://images.scrydex.com/pokemon/sm1p_ja-60/large
cf1daa25-2acf-4839-b310-e977a79a8142,SMシリーズ,SM1p,サン＆ムーン,sm1p_ja,063,ドヒドイデGX,UR,https://images.scrydex.com/pokemon/sm1p_ja-63/large
88562ec1-b3d8-4693-b645-841408618416,SMシリーズ,SM1p,サン＆ムーン,sm1p_ja,067,ダブル無色エネルギー,UR,https://images.scrydex.com/pokemon/sm1p_ja-67/large
204473e0-713e-4db1-a241-bf0416194c96,SMシリーズ,SM1S,コレクションサン,sm1s_ja,067,ラプラスGX,HR,https://images.scrydex.com/pokemon/sm1s_ja-67/large
41274613-a8f3-47e1-b3c4-f290933136a4,SMシリーズ,SM1S,コレクションサン,sm1s_ja,071,ハイパーボール,UR,https://images.scrydex.com/pokemon/sm1s_ja-71/large
41a3922a-360e-4d0d-8311-15cbedecae45,SMシリーズ,SM1S,コレクションサン,sm1s_ja,072,ロトム図鑑,UR,https://images.scrydex.com/pokemon/sm1s_ja-72/large
c8b581a5-b56a-4255-9c71-c1fd72c2e91e,SMシリーズ,SM2K,キミを待つ島々,sm2k_ja,056,バクガメスGX,HR,https://images.scrydex.com/pokemon/sm2k_ja-56/large
f53ff845-83ce-4fa5-a4a4-0db13f0ef026,SMシリーズ,SM2K,キミを待つ島々,sm2k_ja,060,フィールドブロアー,UR,https://images.scrydex.com/pokemon/sm2k_ja-60/large
8d831b17-8bc9-405b-99a0-a79a44a6f952,SMシリーズ,SM2K,キミを待つ島々,sm2k_ja,061,まんたんのくすり,UR,https://images.scrydex.com/pokemon/sm2k_ja-61/large
873c7edb-8297-4222-a8d9-10f6de91df2d,SMシリーズ,SM2p,新たなる試練の向こう,sm2p_ja,058,カプ・ブルルGX,HR,https://images.scrydex.com/pokemon/sm2p_ja-58/large
61912123-b962-4875-a646-2dc291133d68,SMシリーズ,SM2p,新たなる試練の向こう,sm2p_ja,061,カイリキーGX,HR,https://images.scrydex.com/pokemon/sm2p_ja-61/large
cba3e1e4-74d6-4a6e-8b74-869759531e58,SMシリーズ,SM2p,新たなる試練の向こう,sm2p_ja,064,こだわりハチマキ,UR,https://images.scrydex.com/pokemon/sm2p_ja-64/large
57ec64e0-0441-4be2-a3fe-5f14b7937c7a,SMシリーズ,SM2p,新たなる試練の向こう,sm2p_ja,065,マルチつけかえ,UR,https://images.scrydex.com/pokemon/sm2p_ja-65/large
70e423e1-8d96-4e34-a394-505031ed57a5,SMシリーズ,SM3H,闘う虹を見たか,sm3h_ja,058,リザードンGX,HR,https://images.scrydex.com/pokemon/sm3h_ja-58/large
1bd4862f-e879-438f-b9a1-0665f23e47d9,SMシリーズ,SM3H,闘う虹を見たか,sm3h_ja,059,ホウオウGX,HR,https://images.scrydex.com/pokemon/sm3h_ja-59/large
8b602e54-1f11-45e3-ab3c-0870f4264c81,SMシリーズ,SM3H,闘う虹を見たか,sm3h_ja,060,アローラベトベトンGX,HR,https://images.scrydex.com/pokemon/sm3h_ja-60/large
a40a11d5-6791-48b4-8a45-12761b428f4d,SMシリーズ,SM3H,闘う虹を見たか,sm3h_ja,062,あなぬけのヒモ,UR,https://images.scrydex.com/pokemon/sm3h_ja-62/large
5a9f8258-7eb7-4759-9639-26cae8a1bbdf,SMシリーズ,SM3H,闘う虹を見たか,sm3h_ja,063,ムキムキダンベル,UR,https://images.scrydex.com/pokemon/sm3h_ja-63/large
f40bba98-6ff2-4463-a81b-c2f7a6b97f8b,SMシリーズ,SM3H,闘う虹を見たか,sm3h_ja,064,基本炎エネルギー,UR,https://images.scrydex.com/pokemon/sm3h_ja-64/large
1923bca1-d5a5-4b8b-8f1a-3289cf2dc178,SMシリーズ,SM3N,光を喰らう闇,sm3n_ja,058,グソクムシャGX,HR,https://images.scrydex.com/pokemon/sm3n_ja-58/large
99e277b6-c9a8-4fe0-ad2a-af3710f26ed4,SMシリーズ,SM3N,光を喰らう闇,sm3n_ja,062,スーパーポケモン回収,UR,https://images.scrydex.com/pokemon/sm3n_ja-62/large
f56fbcb2-0851-4747-83d9-adee40a2caa1,SMシリーズ,SM3p,ひかる伝説,sm3p_ja,078,エンテイGX,HR,https://images.scrydex.com/pokemon/sm3p_ja-78/large
bade14dc-5696-4496-b9e7-fdb807b8a1f8,SMシリーズ,SM4A,超次元の暴獣,sm4a_ja,056,ギャラドスGX,HR,https://images.scrydex.com/pokemon/sm4a_ja-56/large
558356c0-84a9-4878-8449-aaad5018d76b,SMシリーズ,SM4A,超次元の暴獣,sm4a_ja,060,ねがいのバトン,UR,https://images.scrydex.com/pokemon/sm4a_ja-60/large
51f4148b-d256-44f6-a106-94b8de63e05c,SMシリーズ,SM4A,超次元の暴獣,sm4a_ja,061,カウンターエネルギー,UR,https://images.scrydex.com/pokemon/sm4a_ja-61/large
2d3962b1-41e9-45fc-b955-8025362cf1c7,SMシリーズ,SM4p,GXバトルブースト,sm4p_ja,124,ルナアーラGX,UR,https://images.scrydex.com/pokemon/sm4p_ja-124/large
0c1095d0-f3b2-46f1-9688-69322062a9ca,SMシリーズ,SM4S,覚醒の勇者,sm4s_ja,059,シルヴァディGX,HR,https://images.scrydex.com/pokemon/sm4s_ja-59/large
352aea46-5c3f-4766-8e8c-3d19fa37bf37,SMシリーズ,SM4S,覚醒の勇者,sm4s_ja,060,カウンターキャッチャー,UR,https://images.scrydex.com/pokemon/sm4s_ja-60/large
1af80269-f69d-4824-881c-93fffc157b8b,SMシリーズ,SM4S,覚醒の勇者,sm4s_ja,061,ワープエネルギー,UR,https://images.scrydex.com/pokemon/sm4s_ja-61/large
1c24e08d-cc1c-461f-ad19-01164767d5ca,SMシリーズ,SM5M,ウルトラムーン,sm5m_ja,065,超ブーストエネルギー,旧裏R,https://images.scrydex.com/pokemon/sm5m_ja-65/large
c8e3fcc6-02d3-4009-a0ce-95828bd6c6d2,SMシリーズ,SM5M,ウルトラムーン,sm5m_ja,073,グレイシアGX,HR,https://images.scrydex.com/pokemon/sm5m_ja-73/large
6bfac6ab-ddf9-4f9c-826c-305ea489762c,SMシリーズ,SM5M,ウルトラムーン,sm5m_ja,076,クラッシュハンマー,UR,https://images.scrydex.com/pokemon/sm5m_ja-76/large
449d88cb-952c-4cff-8f48-3d40a55ef198,SMシリーズ,SM5p,ウルトラフォース,sm5p_ja,037,アルセウス,旧裏R,https://images.scrydex.com/pokemon/sm5p_ja-37/large
8040bc99-b7f5-4f96-9358-035b5e31817e,SMシリーズ,SM5p,ウルトラフォース,sm5p_ja,057,パルキアGX,HR,https://images.scrydex.com/pokemon/sm5p_ja-57/large
41b0e632-3857-4d4a-bfa0-d6898af55e21,SMシリーズ,SM5p,ウルトラフォース,sm5p_ja,061,エネルギーリサイクル,UR,https://images.scrydex.com/pokemon/sm5p_ja-61/large
84ee3291-1d79-4c96-a09c-0565484bf8cd,SMシリーズ,SM5p,ウルトラフォース,sm5p_ja,062,ビーストリング,UR,https://images.scrydex.com/pokemon/sm5p_ja-62/large
0219b473-f4ce-448e-97b4-2a09a3452d97,SMシリーズ,SM5S,ウルトラサン,sm5s_ja,059,アカギ,旧裏R,https://images.scrydex.com/pokemon/sm5s_ja-59/large
0749b121-4f85-4967-bd2a-d7d28fcbcd30,SMシリーズ,SM5S,ウルトラサン,sm5s_ja,076,のぞきみレッドカード,UR,https://images.scrydex.com/pokemon/sm5s_ja-76/large
fcbe27e5-8b78-4847-907d-6ba58cbea633,SMシリーズ,SM5S,ウルトラサン,sm5s_ja,077,ミッシングクローバー,UR,https://images.scrydex.com/pokemon/sm5s_ja-77/large
2a7d7ed3-8e6a-48c0-b699-0f06315ac448,SMシリーズ,SM5S,ウルトラサン,sm5s_ja,078,ユニットエネルギー草炎水,UR,https://images.scrydex.com/pokemon/sm5s_ja-78/large
2aa33b3d-f3d4-4db7-a714-0635dac6627a,SMシリーズ,SM6,禁断の光,sm6_ja,027,ボルケニオン,旧裏R,https://images.scrydex.com/pokemon/sm6_ja-27/large
dda81346-ef31-4909-96f6-35ef0bdd9366,ソード・シールド,S6H,白銀のランス,swsh6h_ja,093,おむかえちょうちん,UR,https://images.scrydex.com/pokemon/swsh6h_ja-93/large
b9740436-e84d-4d65-9295-efb1d5ba4e0f,ソード・シールド,S6H,白銀のランス,swsh6h_ja,094,いかついメット,UR,https://images.scrydex.com/pokemon/swsh6h_ja-94/large
959b583f-2cf7-4721-b521-91c8dd9ed3f8,ソード・シールド,S6H,白銀のランス,swsh6h_ja,095,基本水エネルギー,UR,https://images.scrydex.com/pokemon/swsh6h_ja-95/large
44ada121-2ea7-4e6a-afce-81927f4d103a,SMシリーズ,SM6,禁断の光,sm6_ja,051,ディアンシー,旧裏R,https://images.scrydex.com/pokemon/sm6_ja-51/large
ac253be5-57e2-4205-a9b4-7910ee7d7f7c,SMシリーズ,SM6,禁断の光,sm6_ja,094,ユニットエネルギー闘悪妖,U,https://images.scrydex.com/pokemon/sm6_ja-94/large
5742e872-4c6a-498b-9ad2-4462ff04ff49,SMシリーズ,SM6,禁断の光,sm6_ja,103,ゲッコウガGX,HR,https://images.scrydex.com/pokemon/sm6_ja-103/large
e3ba9029-d327-42f0-883d-1d1d59fdae88,SMシリーズ,SM6,禁断の光,sm6_ja,108,エネポーター,UR,https://images.scrydex.com/pokemon/sm6_ja-108/large
31b75f53-08f1-4dfb-9077-cc4344905064,SMシリーズ,SM6a,ドラゴンストーム,sm6a_ja,050,ワタル♢,旧裏R,https://images.scrydex.com/pokemon/sm6a_ja-50/large
1e2626bb-4e2d-4d22-a6cb-4074cf68283e,SMシリーズ,SM6a,ドラゴンストーム,sm6a_ja,063,ホワイトキュレムGX,HR,https://images.scrydex.com/pokemon/sm6a_ja-63/large
d77760b2-c85b-484c-af68-a8fc6c4b619a,SMシリーズ,SM6b,チャンピオンロード,sm6b_ja,078,フリーザーGX,HR,https://images.scrydex.com/pokemon/sm6b_ja-78/large
e378273b-a896-4663-8960-843e39b0b7a3,SMシリーズ,SM6b,チャンピオンロード,sm6b_ja,080,バリヤードGX,HR,https://images.scrydex.com/pokemon/sm6b_ja-80/large
9f705dba-d165-4389-9e3e-11b7d92394bb,SMシリーズ,SM7,裂空のカリスマ,sm7_ja,057,ジラーチ,旧裏R,https://images.scrydex.com/pokemon/sm7_ja-57/large
b9d5f691-3e67-4b71-b00a-a5ed41431335,SMシリーズ,SM7,裂空のカリスマ,sm7_ja,067,ラティオス,旧裏R,https://images.scrydex.com/pokemon/sm7_ja-67/large
4261abb6-f72e-44f6-a43f-8a7b7b8b565d,SMシリーズ,SM7,裂空のカリスマ,sm7_ja,105,ダーテングGX,HR,https://images.scrydex.com/pokemon/sm7_ja-105/large
4c17795a-b05f-485c-bef7-cd819da98f89,SMシリーズ,SM7,裂空のカリスマ,sm7_ja,110,ダートじてんしゃ,UR,https://images.scrydex.com/pokemon/sm7_ja-110/large
58ea73cd-92bf-4eff-8fcc-4d7e99face03,SMシリーズ,SM7,裂空のカリスマ,sm7_ja,112,ハッスルベルト,UR,https://images.scrydex.com/pokemon/sm7_ja-112/large
30aa58d0-4cb5-4247-abdc-4fa63ed8c9bd,SMシリーズ,SM7a,迅雷スパーク,sm7a_ja,067,ビリジオンGX,HR,https://images.scrydex.com/pokemon/sm7a_ja-67/large
1e2344aa-2f37-4788-8732-649a64d5ff68,SMシリーズ,SM7a,迅雷スパーク,sm7a_ja,070,ゲノセクトGX,HR,https://images.scrydex.com/pokemon/sm7a_ja-70/large
b5022459-b1be-48d1-88c8-157679a79809,SMシリーズ,SM7a,迅雷スパーク,sm7a_ja,071,エレキパワー,UR,https://images.scrydex.com/pokemon/sm7a_ja-71/large
b71cd0a7-9b00-4a94-b4eb-5ed7efb2ae62,SMシリーズ,SM7b,フェアリーライズ,sm7b_ja,033,ゼルネアス,旧裏R,https://images.scrydex.com/pokemon/sm7b_ja-33/large
92e85f33-6de9-4a8e-8222-73aaab55d05f,SMシリーズ,SM7b,フェアリーライズ,sm7b_ja,050,ライフフォレスト,旧裏R,https://images.scrydex.com/pokemon/sm7b_ja-50/large
ce5b8d8a-57b0-40fa-b28a-657e1320d9de,SMシリーズ,SM7b,フェアリーライズ,sm7b_ja,057,ジュカインGX,HR,https://images.scrydex.com/pokemon/sm7b_ja-57/large
9014378c-3526-4c6b-b449-d4be6d17fb97,SMシリーズ,SM7b,フェアリーライズ,sm7b_ja,061,ネットボール,UR,https://images.scrydex.com/pokemon/sm7b_ja-61/large
11800eec-b7be-4bf0-a88d-fc579a56eb20,SMシリーズ,SM8,超爆インパクト,sm8_ja,015,セレビィ,旧裏R,https://images.scrydex.com/pokemon/sm8_ja-15/large
65e2e758-5851-4bd9-bb5b-12abe8e888b3,SMシリーズ,SM8,超爆インパクト,sm8_ja,104,ツボツボGX,HR,https://images.scrydex.com/pokemon/sm8_ja-104/large
0a40cb03-baf7-4a2c-b772-0aea5fe1f65b,SMシリーズ,SM8,超爆インパクト,sm8_ja,109,あとだしハンマー,UR,https://images.scrydex.com/pokemon/sm8_ja-109/large
fb497125-c617-4852-9a64-e3aa3f227f69,SMシリーズ,SM8,超爆インパクト,sm8_ja,110,ロストミキサー,UR,https://images.scrydex.com/pokemon/sm8_ja-110/large
30ae7332-ae84-4036-8bd6-b5f602866e4f,SMシリーズ,SM8,超爆インパクト,sm8_ja,111,こだわりメット,UR,https://images.scrydex.com/pokemon/sm8_ja-111/large
e2f095eb-1b6d-4335-8b87-0ce3e5d8aa5c,SMシリーズ,SM8a,ダークオーダー,sm8a_ja,014,カプ・コケコ,旧裏R,https://images.scrydex.com/pokemon/sm8a_ja-14/large
c713e3ed-3a2a-4ad2-81c2-f8ef0c771aaa,SMシリーズ,SM8a,ダークオーダー,sm8a_ja,061,ガオガエンGX,HR,https://images.scrydex.com/pokemon/sm8a_ja-61/large
19b43fb6-ec5d-418f-8b16-704f8051ad3e,SMシリーズ,SM8a,ダークオーダー,sm8a_ja,063,エレキチャージャー,UR,https://images.scrydex.com/pokemon/sm8a_ja-63/large
81fd8ce9-86ad-4137-aba5-eff3c88fcc97,SMシリーズ,SM8a,ダークオーダー,sm8a_ja,064,デンジャラスドリル,UR,https://images.scrydex.com/pokemon/sm8a_ja-64/large
a0465a04-410f-4c11-a3be-96e47bdd618e,SMシリーズ,SM8b,GXウルトラシャイニー,sm8b_ja,047,ルナアーラ,旧裏R,https://images.scrydex.com/pokemon/sm8b_ja-47/large
2fc951f3-8093-4a2d-b3b4-fc3b7084a4f9,SMシリーズ,SM8b,GXウルトラシャイニー,sm8b_ja,058,ディアンシー,旧裏R,https://images.scrydex.com/pokemon/sm8b_ja-58/large
5e5ca33a-2d7b-4089-9a5e-f6e345c3ed06,SMシリーズ,SM8b,GXウルトラシャイニー,sm8b_ja,082,ソルガレオ,旧裏R,https://images.scrydex.com/pokemon/sm8b_ja-82/large
e76af6ec-45a4-477e-99cc-bd2cdeff9fa3,SMシリーズ,SM8b,GXウルトラシャイニー,sm8b_ja,244,カプ・ブルルGX,UR,https://images.scrydex.com/pokemon/sm8b_ja-244/large
c8c13bb7-60b0-4161-8587-6e2c0f3a511f,SMシリーズ,SM8b,GXウルトラシャイニー,sm8b_ja,245,カプ・レヒレGX,UR,https://images.scrydex.com/pokemon/sm8b_ja-245/large
6e7fcd05-450b-49e5-93a9-5fbde68b6d70,SMシリーズ,SM8b,GXウルトラシャイニー,sm8b_ja,249,ソルガレオGX,UR,https://images.scrydex.com/pokemon/sm8b_ja-249/large
7e5880f1-8922-4226-9b93-d061e1b879e5,SMシリーズ,SM9,タッグボルト,sm9_ja,116,ポケモン通信,UR,https://images.scrydex.com/pokemon/sm9_ja-116/large
5fd28c08-b017-4933-a767-7952e2fd8b98,SMシリーズ,SM9,タッグボルト,sm9_ja,117,ジャッジマンホイッスル,UR,https://images.scrydex.com/pokemon/sm9_ja-117/large
26d5a107-824a-412d-bb79-7083c52a633e,SMシリーズ,SM9,タッグボルト,sm9_ja,118,せせらぎの丘,UR,https://images.scrydex.com/pokemon/sm9_ja-118/large
7ee071d4-2a82-407c-857d-d61e486dfe39,SMシリーズ,SM9a,ナイトユニゾン,sm9a_ja,064,モルフォンGX,HR,https://images.scrydex.com/pokemon/sm9a_ja-64/large
cd2b6707-99f5-4757-9b45-c9911654ab5c,SMシリーズ,SM9a,ナイトユニゾン,sm9a_ja,065,デデンネGX,HR,https://images.scrydex.com/pokemon/sm9a_ja-65/large
ef1cff47-6abf-495d-b9e7-0e423daa9cf9,SMシリーズ,SM9a,ナイトユニゾン,sm9a_ja,068,電磁レーダー,UR,https://images.scrydex.com/pokemon/sm9a_ja-68/large
2c064f13-2a0f-4075-8e5a-2bcc73bce7a9,SMシリーズ,SM9a,ナイトユニゾン,sm9a_ja,069,ポケギア3.0,UR,https://images.scrydex.com/pokemon/sm9a_ja-69/large
75c2795b-d7b8-4ea0-9c71-1278679ecdfc,SMシリーズ,SM9a,ナイトユニゾン,sm9a_ja,070,エーテルパラダイス保護区,UR,https://images.scrydex.com/pokemon/sm9a_ja-70/large
4821dcce-0a68-43c1-9eb0-5a814efd8fb4,SMシリーズ,SM9b,フルメタルウォール,sm9b_ja,069,テンガン山,UR,https://images.scrydex.com/pokemon/sm9b_ja-69/large
30c390be-385e-4203-aa40-11fb88b28b3f,SVシリーズ,SV11B,ブラックボルト,sv11b_ja,022,オタマロ,C,https://images.scrydex.com/pokemon/sv11b_ja-22/large
b6cd74e1-5375-4fef-933e-212dbc5bea45,SVシリーズ,SV11B,ブラックボルト,sv11b_ja,023,ガマガル,C,https://images.scrydex.com/pokemon/sv11b_ja-23/large
ee43207d-01f8-4b55-bca9-367a74f3589b,SVシリーズ,SV11B,ブラックボルト,sv11b_ja,032,エモンガ,C,https://images.scrydex.com/pokemon/sv11b_ja-32/large
e49644f1-6f92-4e95-9d22-1c95556e095f,SVシリーズ,SV11B,ブラックボルト,sv11b_ja,042,ランクルス,U,https://images.scrydex.com/pokemon/sv11b_ja-42/large
81f876a2-cb0a-4830-8d0c-14a539ccd276,SVシリーズ,SV11B,ブラックボルト,sv11b_ja,063,バルチャイ,C,https://images.scrydex.com/pokemon/sv11b_ja-63/large
e0a0eb3f-fa9a-4058-8a9b-42bb9dcc75ee,SVシリーズ,SV11B,ブラックボルト,sv11b_ja,065,シュバルゴ,U,https://images.scrydex.com/pokemon/sv11b_ja-65/large
c16fc15d-940b-49a9-8054-c7b6fb25f19e,SVシリーズ,SV11B,ブラックボルト,sv11b_ja,073,マメパト,C,https://images.scrydex.com/pokemon/sv11b_ja-73/large
debcf9f7-1019-46aa-9ebc-867afe928467,SVシリーズ,SV11B,ブラックボルト,sv11b_ja,079,エネルギーコイン,U,https://images.scrydex.com/pokemon/sv11b_ja-79/large
03be28e8-17df-465b-9f58-9ee8821331c3,SVシリーズ,SV11W,ホワイトフレア,sv11w_ja,018,ミジュマル,C,https://images.scrydex.com/pokemon/sv11w_ja-18/large
a59f428f-f4cc-4e1b-9c38-e8e032d7185f,SVシリーズ,SV11W,ホワイトフレア,sv11w_ja,019,フタチマル,C,https://images.scrydex.com/pokemon/sv11w_ja-19/large
da89f017-41a6-412e-8d70-d62a36aa4519,SVシリーズ,SV11W,ホワイトフレア,sv11w_ja,039,ゴチミル,C,https://images.scrydex.com/pokemon/sv11w_ja-39/large
12ca7167-a992-4d40-8655-40f64d386a4a,SVシリーズ,SV11W,ホワイトフレア,sv11w_ja,063,テッシード,C,https://images.scrydex.com/pokemon/sv11w_ja-63/large
55489f0c-d1d1-45c6-9787-b011d5202c14,SVシリーズ,SV11W,ホワイトフレア,sv11w_ja,076,ワシボン,C,https://images.scrydex.com/pokemon/sv11w_ja-76/large
0d5b78c1-df5c-469f-894b-17acd74db3f3,SMシリーズ,SM12a,TAG TEAM GX タッグオールスターズ,sm12a_ja,211,ヨワシGX,HR,https://images.scrydex.com/pokemon/sm12a_ja-211/large
d6b1600b-d6ed-4b93-a775-2f2504072c28,SMシリーズ,SM12a,TAG TEAM GX タッグオールスターズ,sm12a_ja,212,エーフィ&デオキシスGX,HR,https://images.scrydex.com/pokemon/sm12a_ja-212/large
c64b16ed-0b56-424d-a242-d372b3904055,SMシリーズ,SM12a,TAG TEAM GX タッグオールスターズ,sm12a_ja,213,オーロット&ヨノワールGX,HR,https://images.scrydex.com/pokemon/sm12a_ja-213/large
5051eac5-584d-46c5-8188-9c106fb6bebf,SMシリーズ,SM12a,TAG TEAM GX タッグオールスターズ,sm12a_ja,214,ジラーチGX,HR,https://images.scrydex.com/pokemon/sm12a_ja-214/large
a7554d56-95f4-45eb-bfef-da6c618fb402,SMシリーズ,SM12a,TAG TEAM GX タッグオールスターズ,sm12a_ja,215,ブラッキー&ダークライGX,HR,https://images.scrydex.com/pokemon/sm12a_ja-215/large
36acdde0-42d1-44dc-9f9f-cc2e73c871ca,SMシリーズ,SM12a,TAG TEAM GX タッグオールスターズ,sm12a_ja,216,マニューラGX,HR,https://images.scrydex.com/pokemon/sm12a_ja-216/large
19598261-908f-4ef4-bd5d-d59d9d9ff364,SMシリーズ,SM12a,TAG TEAM GX タッグオールスターズ,sm12a_ja,217,ルカリオ&メルメタルGX,HR,https://images.scrydex.com/pokemon/sm12a_ja-217/large
2089a2d2-302a-4d41-bd86-7f7c54b04503,SMシリーズ,SM12a,TAG TEAM GX タッグオールスターズ,sm12a_ja,218,トゲピー&ピィ&ププリンGX,HR,https://images.scrydex.com/pokemon/sm12a_ja-218/large
c748b204-ecd8-43f0-a764-64db8980007c,SMシリーズ,SM12a,TAG TEAM GX タッグオールスターズ,sm12a_ja,219,イーブイGX,HR,https://images.scrydex.com/pokemon/sm12a_ja-219/large
25bc5b08-58f2-49f6-ab06-ceb33247b5e0,SMシリーズ,SM12a,TAG TEAM GX タッグオールスターズ,sm12a_ja,220,レシラム&リザードンGX,UR,https://images.scrydex.com/pokemon/sm12a_ja-220/large
e0b71f64-8386-4df6-97f9-c110748664dc,SMシリーズ,SM12a,TAG TEAM GX タッグオールスターズ,sm12a_ja,221,ピカチュウ&ゼクロムGX,UR,https://images.scrydex.com/pokemon/sm12a_ja-221/large
0405a7a6-419f-48bd-a91e-f484c6ce6a7b,SMシリーズ,SM12a,TAG TEAM GX タッグオールスターズ,sm12a_ja,222,ミュウツー&ミュウGX,UR,https://images.scrydex.com/pokemon/sm12a_ja-222/large
86e67546-d73c-4b54-8a17-d7b41e7f2c0c,SMシリーズ,SM12a,TAG TEAM GX タッグオールスターズ,sm12a_ja,223,ゲッコウガ&ゾロアークGX,UR,https://images.scrydex.com/pokemon/sm12a_ja-223/large
7a84efe6-4915-4502-9106-8c42bebdf705,SMシリーズ,SM12a,TAG TEAM GX タッグオールスターズ,sm12a_ja,224,ルカリオ&メルメタルGX,UR,https://images.scrydex.com/pokemon/sm12a_ja-224/large
d0afb17b-a5d2-4355-938a-7b292228b77f,SMシリーズ,SM12a,TAG TEAM GX タッグオールスターズ,sm12a_ja,225,ガブリアス&ギラティナGX,UR,https://images.scrydex.com/pokemon/sm12a_ja-225/large
e8d660ee-7dfd-44d9-944a-4580b43b46c3,SMシリーズ,SM12a,TAG TEAM GX タッグオールスターズ,sm12a_ja,226,ファイヤー&サンダー&フリーザーGX,UR,https://images.scrydex.com/pokemon/sm12a_ja-226/large
0a1d5edd-c4f6-4a28-8f6b-ca66f6b0c2d9,SMシリーズ,SM1M,コレクションムーン,sm1m_ja,067,ラランテスGX,HR,https://images.scrydex.com/pokemon/sm1m_ja-67/large
782884f0-9e5a-4471-b4ed-c86cfceb4546,SMシリーズ,SM1M,コレクションムーン,sm1m_ja,068,ルナアーラGX,HR,https://images.scrydex.com/pokemon/sm1m_ja-68/large
0ed3e2a1-5a49-4181-9273-91198293e8c8,SMシリーズ,SM1M,コレクションムーン,sm1m_ja,069,ブラッキーGX,HR,https://images.scrydex.com/pokemon/sm1m_ja-69/large
3e146ff8-cc79-4272-8d7a-a55239a35d8c,SMシリーズ,SM1M,コレクションムーン,sm1m_ja,070,ケンタロスGX,HR,https://images.scrydex.com/pokemon/sm1m_ja-70/large
18ded000-ff0c-4007-930f-cbb245e81f98,SMシリーズ,SM1M,コレクションムーン,sm1m_ja,072,ポケモンいれかえ,UR,https://images.scrydex.com/pokemon/sm1m_ja-72/large
222b4dbf-ee76-4932-9dbe-92bb36e8c7f7,SMシリーズ,SM1M,コレクションムーン,sm1m_ja,073,基本超エネルギー,UR,https://images.scrydex.com/pokemon/sm1m_ja-73/large
5aae27c7-dab8-4f44-8e97-258e90a23d68,SMシリーズ,SM1p,サン＆ムーン,sm1p_ja,061,アシレーヌGX,HR,https://images.scrydex.com/pokemon/sm1p_ja-61/large
aa4c7200-d38e-473a-9e0f-4369f8100021,SMシリーズ,SM1p,サン＆ムーン,sm1p_ja,062,クワガノンGX,HR,https://images.scrydex.com/pokemon/sm1p_ja-62/large
e3f3ed38-920c-41e4-87cd-32ef83425f69,SMシリーズ,SM1p,サン＆ムーン,sm1p_ja,064,ニンフィアGX,HR,https://images.scrydex.com/pokemon/sm1p_ja-64/large
7bdc0f48-6ce9-4c33-8a27-d823fbf27a32,SMシリーズ,SM1p,サン＆ムーン,sm1p_ja,065,ジジーロンGX,HR,https://images.scrydex.com/pokemon/sm1p_ja-65/large
60bf2e17-b996-4c3f-9c24-b4573465a5b3,SMシリーズ,SM1p,サン＆ムーン,sm1p_ja,068,基本草エネルギー,UR,https://images.scrydex.com/pokemon/sm1p_ja-68/large
e07c761f-f8ca-49e3-9648-ee77a70689f3,SMシリーズ,SM12a,TAG TEAM GX タッグオールスターズ,sm12a_ja,169,ワンダーラビリンス,旧裏R,https://images.scrydex.com/pokemon/sm12a_ja-169/large
52fcc3e0-98e0-430c-9016-84ba8336eba5,SMシリーズ,SM1S,コレクションサン,sm1s_ja,068,エーフィGX,HR,https://images.scrydex.com/pokemon/sm1s_ja-68/large
fb67c163-43c4-4d95-a0db-19e8f40a0f03,SMシリーズ,SM1S,コレクションサン,sm1s_ja,069,ソルガレオGX,HR,https://images.scrydex.com/pokemon/sm1s_ja-69/large
7600d5b2-a2e6-42c3-bfe1-2a68e1c6e87d,SMシリーズ,SM1S,コレクションサン,sm1s_ja,070,デカグースGX,HR,https://images.scrydex.com/pokemon/sm1s_ja-70/large
958615f9-bc12-411d-8d11-febba9ef5a1e,SMシリーズ,SM2K,キミを待つ島々,sm2k_ja,057,アローラキュウコンGX,HR,https://images.scrydex.com/pokemon/sm2k_ja-57/large
20783f54-6b53-4108-aa96-53c725407110,SMシリーズ,SM2K,キミを待つ島々,sm2k_ja,058,カプ・コケコGX,HR,https://images.scrydex.com/pokemon/sm2k_ja-58/large
20290a51-fbe8-4e32-a76b-9eeb07e67476,SMシリーズ,SM2K,キミを待つ島々,sm2k_ja,059,ジャラランガGX,HR,https://images.scrydex.com/pokemon/sm2k_ja-59/large
78ba1ea8-aef9-4623-b793-d3b684dc5f40,SMシリーズ,SM2p,新たなる試練の向こう,sm2p_ja,059,エンニュートGX,HR,https://images.scrydex.com/pokemon/sm2p_ja-59/large
ab884126-e15f-44c1-b59a-bf561ebdd86f,SMシリーズ,SM2p,新たなる試練の向こう,sm2p_ja,060,カプ・レヒレGX,HR,https://images.scrydex.com/pokemon/sm2p_ja-60/large
965894ed-9784-4c9c-b243-b1b3703d8935,SMシリーズ,SM2p,新たなる試練の向こう,sm2p_ja,062,ルガルガンGX,HR,https://images.scrydex.com/pokemon/sm2p_ja-62/large
f5f6f052-3908-4819-b1a9-e129e8908921,SMシリーズ,SM2p,新たなる試練の向こう,sm2p_ja,063,ダークライGX,HR,https://images.scrydex.com/pokemon/sm2p_ja-63/large
6c5276f3-c319-4933-b1a2-0bf9f507f16c,SMシリーズ,SM12a,TAG TEAM GX タッグオールスターズ,sm12a_ja,197,ホミカの演奏,SR,https://images.scrydex.com/pokemon/sm12a_ja-197/large
8c423d9c-8694-4fac-8bb7-0db69613fabc,SMシリーズ,SM3H,闘う虹を見たか,sm3h_ja,061,オンバーンGX,UR,https://images.scrydex.com/pokemon/sm3h_ja-61/large
4a806319-04e0-4133-8455-e4cda6c9b2ce,SMシリーズ,SM3N,光を喰らう闇,sm3n_ja,059,ネクロズマGX,HR,https://images.scrydex.com/pokemon/sm3n_ja-59/large
f51ab149-7c35-4b96-8677-cc7a33e972b4,SMシリーズ,SM3N,光を喰らう闇,sm3n_ja,060,マーシャドーGX,HR,https://images.scrydex.com/pokemon/sm3n_ja-60/large
a80018ba-5230-4ab0-9c53-5cd556150d85,SMシリーズ,SM3N,光を喰らう闇,sm3n_ja,061,サーナイトGX,HR,https://images.scrydex.com/pokemon/sm3n_ja-61/large
f3ff452d-aa27-41de-b841-7a4ad79b3869,SMシリーズ,SM3N,光を喰らう闇,sm3n_ja,063,レスキュータンカ,UR,https://images.scrydex.com/pokemon/sm3n_ja-63/large
10c6bd93-bd64-4ff1-94ed-355d73f0e0b1,SMシリーズ,SM3N,光を喰らう闇,sm3n_ja,064,基本フェアリーエネルギー,UR,https://images.scrydex.com/pokemon/sm3n_ja-64/large
4ffff3cc-6de2-4835-861f-ea94f1760a8f,SMシリーズ,SM3p,ひかる伝説,sm3p_ja,079,ライチュウGX,HR,https://images.scrydex.com/pokemon/sm3p_ja-79/large
1f2913b1-3d28-4f66-9ebf-24b6f8954c48,SMシリーズ,SM3p,ひかる伝説,sm3p_ja,080,ミュウツーGX,HR,https://images.scrydex.com/pokemon/sm3p_ja-80/large
456879da-be46-476b-92d9-c185e678b5b1,SMシリーズ,SM3p,ひかる伝説,sm3p_ja,081,ゾロアークGX,HR,https://images.scrydex.com/pokemon/sm3p_ja-81/large
40f01a4a-5de0-405e-a596-fda2a4195b5d,SMシリーズ,SM4A,超次元の暴獣,sm4a_ja,057,ウツロイドGX,HR,https://images.scrydex.com/pokemon/sm4a_ja-57/large
72c3c79c-5333-482e-b241-be391d93f767,SMシリーズ,SM4A,超次元の暴獣,sm4a_ja,058,アクジキングGX,HR,https://images.scrydex.com/pokemon/sm4a_ja-58/large
ca5eda13-8650-4fdc-8b43-39df11dcdd1a,SMシリーズ,SM4A,超次元の暴獣,sm4a_ja,059,アローラナッシーGX,HR,https://images.scrydex.com/pokemon/sm4a_ja-59/large
7b966e0f-c1cc-4584-aaa2-946e48574ea7,SMシリーズ,SM12a,TAG TEAM GX タッグオールスターズ,sm12a_ja,163,サンダーマウンテン,旧裏R,https://images.scrydex.com/pokemon/sm12a_ja-163/large
0f2b39fc-b26f-4115-9e89-199b070557a8,SMシリーズ,SM4p,GXバトルブースト,sm4p_ja,121,フェローチェGX,HR,https://images.scrydex.com/pokemon/sm4p_ja-121/large
d0fb8e34-398d-4b9e-8b49-cd95c4f9ccd9,SMシリーズ,SM4p,GXバトルブースト,sm4p_ja,122,デンジュモクGX,HR,https://images.scrydex.com/pokemon/sm4p_ja-122/large
106d7983-69f5-454e-aedf-f6ffdd126d59,SMシリーズ,SM4p,GXバトルブースト,sm4p_ja,123,テッカグヤGX,HR,https://images.scrydex.com/pokemon/sm4p_ja-123/large
56b952fd-3df5-4735-a299-8f6ec261063c,SMシリーズ,SM4p,GXバトルブースト,sm4p_ja,125,ソルガレオGX,UR,https://images.scrydex.com/pokemon/sm4p_ja-125/large
4168bc97-18c6-4917-a66a-3f9f014b33c0,SMシリーズ,SM12a,TAG TEAM GX タッグオールスターズ,sm12a_ja,166,ヒートファクトリー,旧裏R,https://images.scrydex.com/pokemon/sm12a_ja-166/large
49a52da8-28bc-42b4-ab31-de3429f4f63d,SMシリーズ,SM12a,TAG TEAM GX タッグオールスターズ,sm12a_ja,167,ブラックマーケット,旧裏R,https://images.scrydex.com/pokemon/sm12a_ja-167/large
929c245c-0ee7-4afd-9ceb-9e245e1931a7,SMシリーズ,SM4S,覚醒の勇者,sm4s_ja,056,アローラゴローニャGX,HR,https://images.scrydex.com/pokemon/sm4s_ja-56/large
c43afcbe-61e6-4476-9ab7-2ecb9a19d5b4,SMシリーズ,SM12a,TAG TEAM GX タッグオールスターズ,sm12a_ja,168,ライフフォレスト,旧裏R,https://images.scrydex.com/pokemon/sm12a_ja-168/large
9596676f-4dff-4c0d-aa1b-f55daa4da373,SMシリーズ,SM4S,覚醒の勇者,sm4s_ja,057,マッシブーンGX,HR,https://images.scrydex.com/pokemon/sm4s_ja-57/large
fe6107a1-1abc-4307-b852-4bd4a6391c9d,SMシリーズ,SM4S,覚醒の勇者,sm4s_ja,058,カミツルギGX,HR,https://images.scrydex.com/pokemon/sm4s_ja-58/large
a04a14d3-5125-4000-a442-90ebc7697d09,SMシリーズ,SM4S,覚醒の勇者,sm4s_ja,062,基本鋼エネルギー,UR,https://images.scrydex.com/pokemon/sm4s_ja-62/large
fda595e6-9eec-4c61-9fc6-156a9e987dcb,SMシリーズ,SM12a,TAG TEAM GX タッグオールスターズ,sm12a_ja,170,超ブーストエネルギー,旧裏R,https://images.scrydex.com/pokemon/sm12a_ja-170/large
7d094e59-3cda-46fb-bad0-2a54a18a445a,SMシリーズ,SM5M,ウルトラムーン,sm5m_ja,030,ギラティナ,旧裏R,https://images.scrydex.com/pokemon/sm5m_ja-30/large
67fc8c3c-66ef-487f-8669-8af329d821a7,SMシリーズ,SM5M,ウルトラムーン,sm5m_ja,032,ルナアーラ,旧裏R,https://images.scrydex.com/pokemon/sm5m_ja-32/large
f447816e-f39b-4cd0-99d3-6081e6cf9aeb,SMシリーズ,SM12a,TAG TEAM GX タッグオールスターズ,sm12a_ja,172,ビーストエネルギー,旧裏R,https://images.scrydex.com/pokemon/sm12a_ja-172/large
58f48ada-be60-4dfa-8d59-59f351de5da2,SMシリーズ,SM5M,ウルトラムーン,sm5m_ja,074,ネクロズマ あかつきのつばさGX,HR,https://images.scrydex.com/pokemon/sm5m_ja-74/large
3de9f647-4302-4118-9da6-30c39142f415,SMシリーズ,SM5M,ウルトラムーン,sm5m_ja,075,パルキアGX,HR,https://images.scrydex.com/pokemon/sm5m_ja-75/large
a45eb4c0-d91d-4d91-8900-4a5cb9a0e1c1,SMシリーズ,SM5M,ウルトラムーン,sm5m_ja,077,エスケープボード,UR,https://images.scrydex.com/pokemon/sm5m_ja-77/large
73b948c8-6b4e-4c0d-a249-8604a90514d8,SMシリーズ,SM5M,ウルトラムーン,sm5m_ja,078,ユニットエネルギー雷超鋼,UR,https://images.scrydex.com/pokemon/sm5m_ja-78/large
b3b50f79-2b0f-43e9-9cf1-270474c7778d,SMシリーズ,SM5p,ウルトラフォース,sm5p_ja,048,ビーストエネルギー,旧裏R,https://images.scrydex.com/pokemon/sm5p_ja-48/large
b7d6492a-88b1-4323-b61c-4b9ed6bb021d,SMシリーズ,SM5p,ウルトラフォース,sm5p_ja,058,アーゴヨンGX,HR,https://images.scrydex.com/pokemon/sm5p_ja-58/large
e4d494fd-e4d1-4557-98f9-6ecbc0117582,SMシリーズ,SM5p,ウルトラフォース,sm5p_ja,059,ルカリオGX,HR,https://images.scrydex.com/pokemon/sm5p_ja-59/large
1be96dd8-0388-4123-a8ed-ba9951b7bb46,SMシリーズ,SM5p,ウルトラフォース,sm5p_ja,060,ディアルガGX,HR,https://images.scrydex.com/pokemon/sm5p_ja-60/large
db4a7210-7f45-49d1-9934-45d9bfccd7f8,SMシリーズ,SM5p,ウルトラフォース,sm5p_ja,063,鋼鉄のフライパン,UR,https://images.scrydex.com/pokemon/sm5p_ja-63/large
54a06d07-1fd7-4de6-9555-7424430a635d,SMシリーズ,SM5S,ウルトラサン,sm5s_ja,031,ダークライ,旧裏R,https://images.scrydex.com/pokemon/sm5s_ja-31/large
7449601d-40a9-4591-bead-bc9aaff2ee4e,SMシリーズ,SM5S,ウルトラサン,sm5s_ja,043,ソルガレオ,旧裏R,https://images.scrydex.com/pokemon/sm5s_ja-43/large
6130ccb0-7ef4-4dd5-9cbe-23bddc19595d,SMシリーズ,SM5S,ウルトラサン,sm5s_ja,073,リーフィアGX,HR,https://images.scrydex.com/pokemon/sm5s_ja-73/large
ba5b5d35-d946-4351-aa64-338417301bce,SMシリーズ,SM5S,ウルトラサン,sm5s_ja,074,ネクロズマ たそがれのたてがみGX,HR,https://images.scrydex.com/pokemon/sm5s_ja-74/large
726e30cc-cc97-4ff3-889b-5da3d9e57998,SMシリーズ,SM5S,ウルトラサン,sm5s_ja,075,ディアルガGX,HR,https://images.scrydex.com/pokemon/sm5s_ja-75/large
db83c336-ea0c-473c-a786-4e4dce66aa41,SMシリーズ,SM6,禁断の光,sm6_ja,104,ジガルデGX,HR,https://images.scrydex.com/pokemon/sm6_ja-104/large
97dc7caf-03de-4e0b-9b27-720f92cdcb9c,SMシリーズ,SM6,禁断の光,sm6_ja,105,イベルタルGX,HR,https://images.scrydex.com/pokemon/sm6_ja-105/large
72ea092d-f231-4bf6-9733-f9c7f648b5e6,SMシリーズ,SM6,禁断の光,sm6_ja,106,ゼルネアスGX,HR,https://images.scrydex.com/pokemon/sm6_ja-106/large
d715487d-6a94-49db-96d5-0e65e0f7b2f6,SMシリーズ,SM6,禁断の光,sm6_ja,107,ウルトラネクロズマGX,HR,https://images.scrydex.com/pokemon/sm6_ja-107/large
f6b1ecb2-9d17-4328-9b47-332956fa4390,SMシリーズ,SM6,禁断の光,sm6_ja,109,ミステリートレジャー,UR,https://images.scrydex.com/pokemon/sm6_ja-109/large
e7b1e7d6-6a28-438c-94cd-41b256394fd1,SMシリーズ,SM6,禁断の光,sm6_ja,110,ユニットエネルギー闘悪妖,UR,https://images.scrydex.com/pokemon/sm6_ja-110/large
2cba195d-b1b6-489a-aef9-18dc45974617,SMシリーズ,SM6a,ドラゴンストーム,sm6a_ja,060,レシラムGX,HR,https://images.scrydex.com/pokemon/sm6a_ja-60/large
262470eb-d13f-4202-b7c9-2f777268ac91,SMシリーズ,SM6a,ドラゴンストーム,sm6a_ja,061,キングドラGX,HR,https://images.scrydex.com/pokemon/sm6a_ja-61/large
eb1871c4-81dd-4a9b-ae7a-a0d445ec3590,SMシリーズ,SM6a,ドラゴンストーム,sm6a_ja,062,カイリューGX,HR,https://images.scrydex.com/pokemon/sm6a_ja-62/large
654051cd-b4bd-484e-ad71-d16a17c48047,SMシリーズ,SM6a,ドラゴンストーム,sm6a_ja,064,いれかえフロート,UR,https://images.scrydex.com/pokemon/sm6a_ja-64/large
153bf42b-f701-4ddf-b2b7-5373646b833c,SMシリーズ,SM6a,ドラゴンストーム,sm6a_ja,065,火打石,UR,https://images.scrydex.com/pokemon/sm6a_ja-65/large
36977a84-ad04-4f24-89e2-7eadbc3141da,SMシリーズ,SM6a,ドラゴンストーム,sm6a_ja,066,竜の鉤爪,UR,https://images.scrydex.com/pokemon/sm6a_ja-66/large
3241d1bc-7cce-49f6-bbf5-27e8da693045,SMシリーズ,SM1S,コレクションサン,sm1s_ja,073,基本鋼エネルギー,UR,https://images.scrydex.com/pokemon/sm1s_ja-73/large
b71a1daf-75d3-4b56-b717-e3560658ad1b,SMシリーズ,SM6b,チャンピオンロード,sm6b_ja,079,マルマインGX,HR,https://images.scrydex.com/pokemon/sm6b_ja-79/large
ec9d0af1-581d-45cb-b3f6-51e6d59cd6ab,SMシリーズ,SM8,超爆インパクト,sm8_ja,093,ヒートファクトリー,旧裏R,https://images.scrydex.com/pokemon/sm8_ja-93/large
8c46f1c7-3ab5-4467-95f3-c360ef0900aa,SMシリーズ,SM1p,サン＆ムーン,sm1p_ja,066,ふしぎなアメ,UR,https://images.scrydex.com/pokemon/sm1p_ja-66/large
71f22816-c96a-44b7-96f4-1f99948f5d62,SMシリーズ,SM8b,GXウルトラシャイニー,sm8b_ja,147,ビーストエネルギー,旧裏R,https://images.scrydex.com/pokemon/sm8b_ja-147/large
04696445-d093-4756-8992-a7363d2229cb,SMシリーズ,SM6b,チャンピオンロード,sm6b_ja,081,ジュペッタGX,HR,https://images.scrydex.com/pokemon/sm6b_ja-81/large
9c2ffa6f-c8d4-473d-82a7-ecc8b57102a1,SMシリーズ,SM6b,チャンピオンロード,sm6b_ja,082,ハッサムGX,HR,https://images.scrydex.com/pokemon/sm6b_ja-82/large
ded34c71-5a5a-48fb-ae35-5074e39bc01a,SMシリーズ,SM6b,チャンピオンロード,sm6b_ja,083,ボーマンダGX,HR,https://images.scrydex.com/pokemon/sm6b_ja-83/large
375f60eb-cde2-4d83-b01d-d66c948503a7,SMシリーズ,SM6b,チャンピオンロード,sm6b_ja,084,ふっかつそう,UR,https://images.scrydex.com/pokemon/sm6b_ja-84/large
ae1f2fec-9082-4282-af38-1539b47900fc,SMシリーズ,SM6b,チャンピオンロード,sm6b_ja,085,ポケナビ,UR,https://images.scrydex.com/pokemon/sm6b_ja-85/large
3a54025f-1584-4623-95bb-6b31f697b4e6,SMシリーズ,SM6b,チャンピオンロード,sm6b_ja,086,レインボーエネルギー,UR,https://images.scrydex.com/pokemon/sm6b_ja-86/large
6a345687-3176-453c-8789-8be65b120d21,SMシリーズ,SM7,裂空のカリスマ,sm7_ja,066,ラティアス,旧裏R,https://images.scrydex.com/pokemon/sm7_ja-66/large
5176b175-7e23-4988-a040-510ecefbe70d,SMシリーズ,SM7,裂空のカリスマ,sm7_ja,106,バシャーモGX,HR,https://images.scrydex.com/pokemon/sm7_ja-106/large
6ca7ba08-3ef6-41dd-bb56-b08c7d35caa0,SMシリーズ,SM7,裂空のカリスマ,sm7_ja,107,ツンデツンデGX,HR,https://images.scrydex.com/pokemon/sm7_ja-107/large
d570a3eb-3b6b-41db-bef9-a74bb8e9abae,SMシリーズ,SM7,裂空のカリスマ,sm7_ja,108,チルタリスGX,HR,https://images.scrydex.com/pokemon/sm7_ja-108/large
8009fed5-87b4-4998-bd46-a2ce5dbb89b9,SMシリーズ,SM7,裂空のカリスマ,sm7_ja,109,レックウザGX,HR,https://images.scrydex.com/pokemon/sm7_ja-109/large
8f9f5cde-ddf1-4c8f-97c0-86c3542977fd,SMシリーズ,SM7,裂空のカリスマ,sm7_ja,111,レインボーブラシ,UR,https://images.scrydex.com/pokemon/sm7_ja-111/large
3e790b04-1aef-444c-9cf9-ca2496f305aa,SMシリーズ,SM7a,迅雷スパーク,sm7a_ja,043,メタモン,旧裏R,https://images.scrydex.com/pokemon/sm7a_ja-43/large
c665b88a-781b-417a-88ac-18ba0ec1957e,SMシリーズ,SM7a,迅雷スパーク,sm7a_ja,068,マグカルゴGX,HR,https://images.scrydex.com/pokemon/sm7a_ja-68/large
6436f2fa-b184-4020-82de-35742e26a9be,SMシリーズ,SM7a,迅雷スパーク,sm7a_ja,069,ゼラオラGX,HR,https://images.scrydex.com/pokemon/sm7a_ja-69/large
508c2b95-ba8a-40fa-b35a-4973da769360,SMシリーズ,SM7a,迅雷スパーク,sm7a_ja,072,カスタムキャッチャー,UR,https://images.scrydex.com/pokemon/sm7a_ja-72/large
4a83b078-b2ad-4392-bbe2-80aa7c72f6fe,SMシリーズ,SM7a,迅雷スパーク,sm7a_ja,073,カウンターゲイン,UR,https://images.scrydex.com/pokemon/sm7a_ja-73/large
5f86c7b5-935b-47ee-a562-66095f1ce564,SMシリーズ,SM7b,フェアリーライズ,sm7b_ja,058,シンボラーGX,HR,https://images.scrydex.com/pokemon/sm7b_ja-58/large
f0abd4bf-d698-4b18-9739-eeb3aa63b797,SMシリーズ,SM7b,フェアリーライズ,sm7b_ja,059,アローラキュウコンGX,HR,https://images.scrydex.com/pokemon/sm7b_ja-59/large
45c8f433-26f8-4fc3-a32a-88a22a5fef5c,SMシリーズ,SM7b,フェアリーライズ,sm7b_ja,060,ミミッキュGX,HR,https://images.scrydex.com/pokemon/sm7b_ja-60/large
e9643b0e-60fe-4571-81e1-db7ddf7e028e,SMシリーズ,SM7b,フェアリーライズ,sm7b_ja,062,ぼうけんのカバン,UR,https://images.scrydex.com/pokemon/sm7b_ja-62/large
ee55948d-6d96-432f-9c57-bf21cf4b09d3,SMシリーズ,SM7b,フェアリーライズ,sm7b_ja,063,のろいのおふだ,UR,https://images.scrydex.com/pokemon/sm7b_ja-63/large
2ab99cbb-4813-4f46-82b5-1c0514d2234b,SMシリーズ,SM8,超爆インパクト,sm8_ja,105,ズガドーンGX,HR,https://images.scrydex.com/pokemon/sm8_ja-105/large
5e227225-f2ac-4537-ab5a-9ff86ee50b18,SMシリーズ,SM8,超爆インパクト,sm8_ja,106,スイクンGX,HR,https://images.scrydex.com/pokemon/sm8_ja-106/large
2b0ac5e5-ce08-4e5d-8750-a8f3f654f125,SMシリーズ,SM8,超爆インパクト,sm8_ja,107,バンギラスGX,HR,https://images.scrydex.com/pokemon/sm8_ja-107/large
0a8d9eb4-b93e-45af-b49f-5e89e692c341,SMシリーズ,SM8,超爆インパクト,sm8_ja,108,ルギアGX,HR,https://images.scrydex.com/pokemon/sm8_ja-108/large
cc29ce9e-b1b5-4294-87fa-2f7ad34e1426,SMシリーズ,SM8b,GXウルトラシャイニー,sm8b_ja,006,シェイミ,旧裏R,https://images.scrydex.com/pokemon/sm8b_ja-6/large
3f8a1fe9-4108-423a-9414-57e6b22930ac,SMシリーズ,SM8a,ダークオーダー,sm8a_ja,059,デンリュウGX,HR,https://images.scrydex.com/pokemon/sm8a_ja-59/large
1e594db8-3f25-425c-8bfd-06739adc18d1,SMシリーズ,SM8a,ダークオーダー,sm8a_ja,060,フーパGX,HR,https://images.scrydex.com/pokemon/sm8a_ja-60/large
14a21409-67ef-41ed-bee9-35f25ed4613c,SMシリーズ,SM8a,ダークオーダー,sm8a_ja,062,コバルオンGX,HR,https://images.scrydex.com/pokemon/sm8a_ja-62/large
60fc4b9b-804f-44e5-ac6d-c4e9052ef2b3,SMシリーズ,SM8a,ダークオーダー,sm8a_ja,065,メタルゴーグル,UR,https://images.scrydex.com/pokemon/sm8a_ja-65/large
a26aa867-d136-4963-8e4e-d414efede3df,SMシリーズ,SM8b,GXウルトラシャイニー,sm8b_ja,246,カプ・コケコGX,UR,https://images.scrydex.com/pokemon/sm8b_ja-246/large
7f8a7b08-5fb9-478e-9199-ed70aeb08640,SMシリーズ,SM8b,GXウルトラシャイニー,sm8b_ja,247,カプ・テテフGX,UR,https://images.scrydex.com/pokemon/sm8b_ja-247/large
fbeeb131-1077-4331-b715-c6ca17d55b20,SMシリーズ,SM8b,GXウルトラシャイニー,sm8b_ja,248,ルナアーラGX,UR,https://images.scrydex.com/pokemon/sm8b_ja-248/large
f547c842-713a-47b2-bc5d-b28a6683213f,SMシリーズ,SM8b,GXウルトラシャイニー,sm8b_ja,250,ウルトラネクロズマGX,UR,https://images.scrydex.com/pokemon/sm8b_ja-250/large
9178826d-773d-45af-a46c-61af3dbb88b6,SMシリーズ,SM9,タッグボルト,sm9_ja,110,セレビィ&フシギバナGX,HR,https://images.scrydex.com/pokemon/sm9_ja-110/large
b681cc0d-9024-4226-8e83-d8a5755401c1,SMシリーズ,SM9,タッグボルト,sm9_ja,111,コイキング&ホエルオーGX,HR,https://images.scrydex.com/pokemon/sm9_ja-111/large
e2305e9b-fae4-479d-95b8-756585807d42,SMシリーズ,SM9,タッグボルト,sm9_ja,112,ピカチュウ&ゼクロムGX,HR,https://images.scrydex.com/pokemon/sm9_ja-112/large
56309e1a-9739-45e7-a163-e4a2693f23bf,SMシリーズ,SM9,タッグボルト,sm9_ja,113,ゲンガー&ミミッキュGX,HR,https://images.scrydex.com/pokemon/sm9_ja-113/large
b747abcb-f8cf-47a4-b23b-04bd65415073,SMシリーズ,SM9,タッグボルト,sm9_ja,114,ラティアス&ラティオスGX,HR,https://images.scrydex.com/pokemon/sm9_ja-114/large
69fd199b-b956-43b2-a812-b98ffd8f53e3,SMシリーズ,SM9,タッグボルト,sm9_ja,115,イーブイ&カビゴンGX,HR,https://images.scrydex.com/pokemon/sm9_ja-115/large
a877f555-c81e-4937-a0d0-aeb373bcf762,SMシリーズ,SM9a,ナイトユニゾン,sm9a_ja,066,ゲッコウガ&ゾロアークGX,HR,https://images.scrydex.com/pokemon/sm9a_ja-66/large
c80bcae6-714b-4be2-8927-d5b9da689c45,SMシリーズ,SM9a,ナイトユニゾン,sm9a_ja,067,サーナイト&ニンフィアGX,HR,https://images.scrydex.com/pokemon/sm9a_ja-67/large
05428301-1687-47c1-a5fe-5d8c88e361d3,SMシリーズ,SM9b,フルメタルウォール,sm9b_ja,063,フェローチェ&マッシブーンGX,HR,https://images.scrydex.com/pokemon/sm9b_ja-63/large
dec08aed-efc3-479e-9841-6bcf748833c8,SMシリーズ,SM9b,フルメタルウォール,sm9b_ja,064,カメックスGX,HR,https://images.scrydex.com/pokemon/sm9b_ja-64/large
0f42e71a-721e-424c-82e4-c88a26ead5bb,SMシリーズ,SM9b,フルメタルウォール,sm9b_ja,065,ルカリオ&メルメタルGX,HR,https://images.scrydex.com/pokemon/sm9b_ja-65/large
13cc37f3-5f53-40cf-9d2d-aacc10ce9051,SMシリーズ,SM9b,フルメタルウォール,sm9b_ja,066,テッカグヤGX,HR,https://images.scrydex.com/pokemon/sm9b_ja-66/large
828a5b09-71ba-49dc-a690-e1c177b47772,SMシリーズ,SM9b,フルメタルウォール,sm9b_ja,067,ビーストブリンガー,UR,https://images.scrydex.com/pokemon/sm9b_ja-67/large
75006f8b-3938-411b-98c2-9db871356045,SMシリーズ,SM9b,フルメタルウォール,sm9b_ja,068,メタルコアバリア,UR,https://images.scrydex.com/pokemon/sm9b_ja-68/large
003b7017-c1e6-4520-994f-b1927d8e918e,SVシリーズ,SV11B,ブラックボルト,sv11b_ja,006,チュリネ,C,https://images.scrydex.com/pokemon/sv11b_ja-6/large
956723f2-03e4-4abb-bbe4-eb7dc2cf2516,SVシリーズ,SV11B,ブラックボルト,sv11b_ja,007,ドレディア,U,https://images.scrydex.com/pokemon/sv11b_ja-7/large
6a246851-948f-463f-b3cd-d8fae36271f1,SVシリーズ,SV11B,ブラックボルト,sv11b_ja,008,マラカッチ,C,https://images.scrydex.com/pokemon/sv11b_ja-8/large
cc3cf21b-adca-4f76-9892-8dbb34c38713,SVシリーズ,SV11B,ブラックボルト,sv11b_ja,009,カブルモ,C,https://images.scrydex.com/pokemon/sv11b_ja-9/large
01b7a357-8c73-430f-a9e9-9e331ff59775,SVシリーズ,SV11B,ブラックボルト,sv11b_ja,010,タマゲタケ,C,https://images.scrydex.com/pokemon/sv11b_ja-10/large
99ed3e4f-442b-4f8e-a1cc-fe987a267ed4,SVシリーズ,SV11B,ブラックボルト,sv11b_ja,011,モロバレル,U,https://images.scrydex.com/pokemon/sv11b_ja-11/large
a0e317ae-6abc-4af9-a5ba-fb753a12376f,SVシリーズ,SV11B,ブラックボルト,sv11b_ja,012,ビクティニ,R,https://images.scrydex.com/pokemon/sv11b_ja-12/large
5d7f19c2-3832-4938-9c75-c670f2405c1d,SVシリーズ,SV11B,ブラックボルト,sv11b_ja,013,ダルマッカ,C,https://images.scrydex.com/pokemon/sv11b_ja-13/large
95f0d636-dade-4893-bbd0-10fdfb70a631,SVシリーズ,SV11B,ブラックボルト,sv11b_ja,014,ヒヒダルマ,U,https://images.scrydex.com/pokemon/sv11b_ja-14/large
5b5776ac-4ab1-4ed7-a792-4dac490d44fb,SVシリーズ,SV11B,ブラックボルト,sv11b_ja,015,ヒトモシ,C,https://images.scrydex.com/pokemon/sv11b_ja-15/large
39833b88-2564-4f19-883e-0977ea0f6922,SVシリーズ,SV11B,ブラックボルト,sv11b_ja,016,ランプラー,C,https://images.scrydex.com/pokemon/sv11b_ja-16/large
f1bf3293-fb26-4142-8f87-8e3ee5e00c8c,SVシリーズ,SV11B,ブラックボルト,sv11b_ja,017,シャンデラ,R,https://images.scrydex.com/pokemon/sv11b_ja-17/large
1613d1f0-32b7-4fd8-a557-8d9545f8e40b,SVシリーズ,SV11B,ブラックボルト,sv11b_ja,018,メラルバ,C,https://images.scrydex.com/pokemon/sv11b_ja-18/large
13a7066d-5790-414c-8dec-6d0055083f5e,SVシリーズ,SV11B,ブラックボルト,sv11b_ja,019,ウルガモス,R,https://images.scrydex.com/pokemon/sv11b_ja-19/large
2ed98e10-d82d-450e-87f2-89351b265a8f,SVシリーズ,SV11B,ブラックボルト,sv11b_ja,020,ヒヤップ,C,https://images.scrydex.com/pokemon/sv11b_ja-20/large
beb5b2e9-ca79-4d05-81c7-2fc1837d71c7,SVシリーズ,SV11B,ブラックボルト,sv11b_ja,021,ヒヤッキー,U,https://images.scrydex.com/pokemon/sv11b_ja-21/large
e92da0f0-0de4-47d8-b35f-86fba9bcd844,SVシリーズ,SV11B,ブラックボルト,sv11b_ja,024,ガマゲロゲ,U,https://images.scrydex.com/pokemon/sv11b_ja-24/large
121b0af5-fd93-4a7e-8f96-a2ac0953830a,SVシリーズ,SV11B,ブラックボルト,sv11b_ja,025,プロトーガ,U,https://images.scrydex.com/pokemon/sv11b_ja-25/large
25c9efaf-9241-4652-b5c0-c487626b19e8,SVシリーズ,SV11B,ブラックボルト,sv11b_ja,026,アバゴーラ,R,https://images.scrydex.com/pokemon/sv11b_ja-26/large
4acf74ab-e347-424d-87a5-3c8846c7c539,SVシリーズ,SV11B,ブラックボルト,sv11b_ja,027,ママンボウ,U,https://images.scrydex.com/pokemon/sv11b_ja-27/large
fdddd541-491c-40d7-a7e3-8e5cfc04f496,SVシリーズ,SV11B,ブラックボルト,sv11b_ja,028,クマシュン,C,https://images.scrydex.com/pokemon/sv11b_ja-28/large
099a9602-3978-4a1c-b11e-ae1154c56f67,SVシリーズ,SV11B,ブラックボルト,sv11b_ja,029,ツンベアー,R,https://images.scrydex.com/pokemon/sv11b_ja-29/large
a8846f15-4456-440e-a291-bedeb49cfb8e,SVシリーズ,SV11B,ブラックボルト,sv11b_ja,030,フリージオ,U,https://images.scrydex.com/pokemon/sv11b_ja-30/large
e539d625-5f55-4ccf-b582-a3f0b5844375,SVシリーズ,SV11B,ブラックボルト,sv11b_ja,033,シビシラス,C,https://images.scrydex.com/pokemon/sv11b_ja-33/large
c3bca4e2-0798-4175-9c2e-13f627ae6af0,SVシリーズ,SV11B,ブラックボルト,sv11b_ja,034,シビビール,U,https://images.scrydex.com/pokemon/sv11b_ja-34/large
0f15343d-504d-4886-b708-794e4cc409d6,SVシリーズ,SV11B,ブラックボルト,sv11b_ja,035,シビルドン,U,https://images.scrydex.com/pokemon/sv11b_ja-35/large
cd09fc3b-380b-4a10-8626-052e623053ed,SVシリーズ,SV11B,ブラックボルト,sv11b_ja,036,ボルトロス,R,https://images.scrydex.com/pokemon/sv11b_ja-36/large
1db56065-c059-4173-ae24-ccd0e4e4a49d,SVシリーズ,SV11B,ブラックボルト,sv11b_ja,038,ムンナ,C,https://images.scrydex.com/pokemon/sv11b_ja-38/large
0d910751-edcd-41bb-9c54-52c17542fdeb,SVシリーズ,SV11B,ブラックボルト,sv11b_ja,039,ムシャーナ,U,https://images.scrydex.com/pokemon/sv11b_ja-39/large
685c6d4c-c356-4ebf-8301-935a55404b5a,SVシリーズ,SV11B,ブラックボルト,sv11b_ja,040,ユニラン,C,https://images.scrydex.com/pokemon/sv11b_ja-40/large
daac1345-2862-4974-bc25-c5bb02d8e473,SVシリーズ,SV11B,ブラックボルト,sv11b_ja,041,ダブラン,C,https://images.scrydex.com/pokemon/sv11b_ja-41/large
3d6c2ab4-4c6f-4c6b-8890-9d2da4f45b09,SVシリーズ,SV11B,ブラックボルト,sv11b_ja,043,リグレー,C,https://images.scrydex.com/pokemon/sv11b_ja-43/large
65d906f2-1db8-4372-82b7-e0545c0608a9,SVシリーズ,SV11B,ブラックボルト,sv11b_ja,044,オーベム,U,https://images.scrydex.com/pokemon/sv11b_ja-44/large
080bedf1-6b0f-4868-8cb5-0f85ca932414,SVシリーズ,SV11B,ブラックボルト,sv11b_ja,045,ゴビット,C,https://images.scrydex.com/pokemon/sv11b_ja-45/large
01023104-ba65-4cd0-a092-ce4ae80dd7c8,SVシリーズ,SV11B,ブラックボルト,sv11b_ja,046,ゴルーグ,U,https://images.scrydex.com/pokemon/sv11b_ja-46/large
4d8d64b8-38c2-49b9-ae0f-751f0bf38356,SVシリーズ,SV11B,ブラックボルト,sv11b_ja,048,モグリュー,C,https://images.scrydex.com/pokemon/sv11b_ja-48/large
546618e0-76fc-4a69-9ef3-d26467506e3d,SVシリーズ,SV11B,ブラックボルト,sv11b_ja,050,ドッコラー,C,https://images.scrydex.com/pokemon/sv11b_ja-50/large
d084289e-b86d-42f2-b868-239d1f2fec33,SVシリーズ,SV11B,ブラックボルト,sv11b_ja,051,ドテッコツ,C,https://images.scrydex.com/pokemon/sv11b_ja-51/large
4b716ac3-b1a0-4f25-8fdd-c25320582210,SVシリーズ,SV11B,ブラックボルト,sv11b_ja,052,ローブシン,R,https://images.scrydex.com/pokemon/sv11b_ja-52/large
472b0f52-e3cd-4b9d-b88e-351970e78540,SVシリーズ,SV11B,ブラックボルト,sv11b_ja,053,ナゲキ,U,https://images.scrydex.com/pokemon/sv11b_ja-53/large
1fcd5b5a-1fc3-490a-8634-fcac63bae95a,SVシリーズ,SV11B,ブラックボルト,sv11b_ja,054,イシズマイ,C,https://images.scrydex.com/pokemon/sv11b_ja-54/large
22f272d3-8af8-43d5-928c-177abc0666fd,SVシリーズ,SV11B,ブラックボルト,sv11b_ja,055,イワパレス,U,https://images.scrydex.com/pokemon/sv11b_ja-55/large
1819a14f-bb34-4cef-b580-31d65b7e7145,SVシリーズ,SV11B,ブラックボルト,sv11b_ja,056,ランドロス,R,https://images.scrydex.com/pokemon/sv11b_ja-56/large
23471607-6d2e-44cf-ba4d-5f1b57ce732f,SVシリーズ,SV11B,ブラックボルト,sv11b_ja,057,フシデ,C,https://images.scrydex.com/pokemon/sv11b_ja-57/large
9f040df7-6ce1-4e50-9915-f5a25140ba71,SVシリーズ,SV11B,ブラックボルト,sv11b_ja,058,ホイーガ,C,https://images.scrydex.com/pokemon/sv11b_ja-58/large
38a566bd-0f97-4069-b4b1-b4f9977174ee,SVシリーズ,SV11B,ブラックボルト,sv11b_ja,059,ペンドラー,U,https://images.scrydex.com/pokemon/sv11b_ja-59/large
355db28d-b9a9-4a34-8b26-16c092ca3e11,SVシリーズ,SV11B,ブラックボルト,sv11b_ja,060,メグロコ,C,https://images.scrydex.com/pokemon/sv11b_ja-60/large
770f2e1a-9dde-4fc4-ae96-646532b21772,SVシリーズ,SV11B,ブラックボルト,sv11b_ja,061,ワルビル,C,https://images.scrydex.com/pokemon/sv11b_ja-61/large
6b4b6bf5-5a37-453f-a464-d4f879f624cc,SVシリーズ,SV11B,ブラックボルト,sv11b_ja,062,ワルビアル,U,https://images.scrydex.com/pokemon/sv11b_ja-62/large
7305fee8-b45c-4c8f-897e-e82ab7488752,SVシリーズ,SV11B,ブラックボルト,sv11b_ja,064,バルジーナ,U,https://images.scrydex.com/pokemon/sv11b_ja-64/large
edb41a5c-df71-4f15-ae48-5bec5df7cafa,SVシリーズ,SV11B,ブラックボルト,sv11b_ja,066,コマタナ,C,https://images.scrydex.com/pokemon/sv11b_ja-66/large
7a13374e-15d0-4992-a994-127c0ed767e7,SVシリーズ,SV11B,ブラックボルト,sv11b_ja,067,キリキザン,U,https://images.scrydex.com/pokemon/sv11b_ja-67/large
f8711420-ee31-407e-8f69-19bf7446ae6e,SVシリーズ,SV11B,ブラックボルト,sv11b_ja,068,コバルオン,R,https://images.scrydex.com/pokemon/sv11b_ja-68/large
60ebd249-f8bd-4cc3-83aa-dcda8c82e8c4,SVシリーズ,SV11B,ブラックボルト,sv11b_ja,070,キバゴ,C,https://images.scrydex.com/pokemon/sv11b_ja-70/large
a85c93d0-e204-40c3-a1df-1cebe285be44,SVシリーズ,SV11B,ブラックボルト,sv11b_ja,071,オノンド,C,https://images.scrydex.com/pokemon/sv11b_ja-71/large
478db56a-5ef5-42fc-af65-93438cd91921,SVシリーズ,SV11B,ブラックボルト,sv11b_ja,072,オノノクス,R,https://images.scrydex.com/pokemon/sv11b_ja-72/large
737c8c16-5090-4e54-87ef-57184bc50e4a,SVシリーズ,SV11B,ブラックボルト,sv11b_ja,074,ハトーボー,C,https://images.scrydex.com/pokemon/sv11b_ja-74/large
da06c2d9-2164-48be-a27c-a3ebfcdf4ba4,SVシリーズ,SV11B,ブラックボルト,sv11b_ja,075,ケンホロウ,U,https://images.scrydex.com/pokemon/sv11b_ja-75/large
08b27d92-60a8-4bce-b13b-b6502a88ba82,SVシリーズ,SV11B,ブラックボルト,sv11b_ja,076,タブンネ,C,https://images.scrydex.com/pokemon/sv11b_ja-76/large
369fdc6a-a755-4fd3-a181-6457321f83a6,SVシリーズ,SV11B,ブラックボルト,sv11b_ja,077,チラーミィ,C,https://images.scrydex.com/pokemon/sv11b_ja-77/large
8e5b52ab-5137-4ac0-a002-bfe2f46d60b0,SVシリーズ,SV11B,ブラックボルト,sv11b_ja,078,チラチーノ,U,https://images.scrydex.com/pokemon/sv11b_ja-78/large
932888c1-5b51-405f-b228-0aafe00d2ac1,SVシリーズ,SV11B,ブラックボルト,sv11b_ja,080,古びたふたの化石,C,https://images.scrydex.com/pokemon/sv11b_ja-80/large
6fd26f0b-0622-486d-9713-d777a574de39,SVシリーズ,SV11B,ブラックボルト,sv11b_ja,081,ポケギア3.0,U,https://images.scrydex.com/pokemon/sv11b_ja-81/large
2733be49-dcf0-41c1-bab9-e6c0dd7108ad,SVシリーズ,SV11B,ブラックボルト,sv11b_ja,082,ふうせん,U,https://images.scrydex.com/pokemon/sv11b_ja-82/large
c4b88015-360a-4b10-948b-22c85af3ba6a,SVシリーズ,SV11B,ブラックボルト,sv11b_ja,083,Nの筋書き,U,https://images.scrydex.com/pokemon/sv11b_ja-83/large
446f0291-08b5-4bab-a161-de5a7fe45628,SVシリーズ,SV11B,ブラックボルト,sv11b_ja,084,博士の研究,U,https://images.scrydex.com/pokemon/sv11b_ja-84/large
fd961c1d-ed36-489d-92d9-c9269651d227,SVシリーズ,SV11B,ブラックボルト,sv11b_ja,085,マコモ,U,https://images.scrydex.com/pokemon/sv11b_ja-85/large
717b2b34-2683-4c1a-a4bb-5e3b2cac614e,SVシリーズ,SV11B,ブラックボルト,sv11b_ja,086,プリズムエネルギー,U,https://images.scrydex.com/pokemon/sv11b_ja-86/large
cac06921-f028-42d8-b671-afb6b61642b5,SVシリーズ,SV11W,ホワイトフレア,sv11w_ja,007,メブキジカ,U,https://images.scrydex.com/pokemon/sv11w_ja-7/large
5448d7c1-d40a-4b0a-bd88-72f26bcd642f,SVシリーズ,SV11W,ホワイトフレア,sv11w_ja,008,チョボマキ,C,https://images.scrydex.com/pokemon/sv11w_ja-8/large
d1cb93ca-4cd8-4a69-aba9-66d20a8c0a34,SVシリーズ,SV11W,ホワイトフレア,sv11w_ja,009,アギルダー,U,https://images.scrydex.com/pokemon/sv11w_ja-9/large
0a16d55a-6d8f-4db5-adf4-f9bc253ee87e,SVシリーズ,SV11W,ホワイトフレア,sv11w_ja,010,ビリジオン,R,https://images.scrydex.com/pokemon/sv11w_ja-10/large
53fb7ba4-7890-4599-95b0-4559e4e1f906,SVシリーズ,SV11W,ホワイトフレア,sv11w_ja,011,ポカブ,C,https://images.scrydex.com/pokemon/sv11w_ja-11/large
cf905edf-9f18-4445-b50b-991e7be6409d,SVシリーズ,SV11W,ホワイトフレア,sv11w_ja,012,チャオブー,C,https://images.scrydex.com/pokemon/sv11w_ja-12/large
21173464-6351-46fd-9fb9-44f646b785fc,SVシリーズ,SV11W,ホワイトフレア,sv11w_ja,013,エンブオー,R,https://images.scrydex.com/pokemon/sv11w_ja-13/large
dac111d4-c512-4c03-ada4-6b44a07983a7,SVシリーズ,SV11W,ホワイトフレア,sv11w_ja,014,バオップ,C,https://images.scrydex.com/pokemon/sv11w_ja-14/large
1512ce09-a9e7-47bd-8507-23ea59445bd9,SVシリーズ,SV11W,ホワイトフレア,sv11w_ja,015,バオッキー,U,https://images.scrydex.com/pokemon/sv11w_ja-15/large
3c0776b8-2e6f-4387-9cb4-f9971d77fe20,SVシリーズ,SV11W,ホワイトフレア,sv11w_ja,016,クイタラン,U,https://images.scrydex.com/pokemon/sv11w_ja-16/large
65c5d4eb-5411-43cf-bd1e-ab0be4e0492a,SVシリーズ,SV11W,ホワイトフレア,sv11w_ja,020,ダイケンキ,R,https://images.scrydex.com/pokemon/sv11w_ja-20/large
9a5950c7-2bda-411b-90d2-1c3f501baa00,SVシリーズ,SV11W,ホワイトフレア,sv11w_ja,021,バスラオ,C,https://images.scrydex.com/pokemon/sv11w_ja-21/large
6b877903-6006-434c-a2d5-0d45912df304,SVシリーズ,SV11W,ホワイトフレア,sv11w_ja,022,コアルヒー,C,https://images.scrydex.com/pokemon/sv11w_ja-22/large
3fcdb2f6-eb11-488b-8703-eb241ad1da81,SVシリーズ,SV11W,ホワイトフレア,sv11w_ja,023,スワンナ,U,https://images.scrydex.com/pokemon/sv11w_ja-23/large
6068f6ad-43b2-4cf4-a694-7e3d21d94fda,SVシリーズ,SV11W,ホワイトフレア,sv11w_ja,024,バニプッチ,C,https://images.scrydex.com/pokemon/sv11w_ja-24/large
e9471e67-6a6c-4e69-8e3e-2a16694204ae,SVシリーズ,SV11W,ホワイトフレア,sv11w_ja,025,バニリッチ,C,https://images.scrydex.com/pokemon/sv11w_ja-25/large
06a2baff-409b-4243-a456-607499a1196c,SVシリーズ,SV11W,ホワイトフレア,sv11w_ja,026,バイバニラ,U,https://images.scrydex.com/pokemon/sv11w_ja-26/large
6f886082-4438-4c85-b222-3837a0d866a9,SVシリーズ,SV11W,ホワイトフレア,sv11w_ja,028,シママ,C,https://images.scrydex.com/pokemon/sv11w_ja-28/large
69e1afd1-f15f-4288-a122-4d752fe678a7,SVシリーズ,SV11W,ホワイトフレア,sv11w_ja,029,ゼブライカ,U,https://images.scrydex.com/pokemon/sv11w_ja-29/large
0cceb703-35ae-4082-bc07-0de23d974f82,SVシリーズ,SV11W,ホワイトフレア,sv11w_ja,030,バチュル,C,https://images.scrydex.com/pokemon/sv11w_ja-30/large
b34028b2-143a-442c-ab92-96a2defea399,SVシリーズ,SV11W,ホワイトフレア,sv11w_ja,031,デンチュラ,U,https://images.scrydex.com/pokemon/sv11w_ja-31/large
cf46ee58-0a9b-4a57-8ea1-bbf881daa331,SVシリーズ,SV11W,ホワイトフレア,sv11w_ja,032,マッギョ,U,https://images.scrydex.com/pokemon/sv11w_ja-32/large
21f59e61-25ed-4757-a902-ca02082b2dde,SVシリーズ,SV11W,ホワイトフレア,sv11w_ja,033,コロモリ,C,https://images.scrydex.com/pokemon/sv11w_ja-33/large
37bf6156-1ae6-461d-ad20-d8bc42309477,SVシリーズ,SV11W,ホワイトフレア,sv11w_ja,034,ココロモリ,U,https://images.scrydex.com/pokemon/sv11w_ja-34/large
d4d27239-0cc9-4f5f-8323-139a689c444f,SVシリーズ,SV11W,ホワイトフレア,sv11w_ja,035,シンボラー,U,https://images.scrydex.com/pokemon/sv11w_ja-35/large
7e31f04e-8233-4fc3-a5cb-352bfe7deffb,SVシリーズ,SV11W,ホワイトフレア,sv11w_ja,036,デスマス,C,https://images.scrydex.com/pokemon/sv11w_ja-36/large
81996107-d17f-4213-8a04-81f7b5892ac8,SVシリーズ,SV11W,ホワイトフレア,sv11w_ja,037,デスカーン,R,https://images.scrydex.com/pokemon/sv11w_ja-37/large
06f6c72b-ec11-4173-8142-0a909b82755d,SVシリーズ,SV11W,ホワイトフレア,sv11w_ja,038,ゴチム,C,https://images.scrydex.com/pokemon/sv11w_ja-38/large
f6110edb-e41d-4eb9-8217-2390155dfb18,SVシリーズ,SV11W,ホワイトフレア,sv11w_ja,040,ゴチルゼル,R,https://images.scrydex.com/pokemon/sv11w_ja-40/large
7480f403-176b-4b0e-9b8a-baf12f16e99a,SVシリーズ,SV11W,ホワイトフレア,sv11w_ja,041,プルリル,C,https://images.scrydex.com/pokemon/sv11w_ja-41/large
f524d8e9-a63f-47e2-a4f8-ab92419f4c45,SVシリーズ,SV11W,ホワイトフレア,sv11w_ja,043,ダンゴロ,C,https://images.scrydex.com/pokemon/sv11w_ja-43/large
2cff620e-1021-4cd3-84bb-dcf8befaca4a,SVシリーズ,SV11W,ホワイトフレア,sv11w_ja,044,ガントル,C,https://images.scrydex.com/pokemon/sv11w_ja-44/large
41c6586f-2804-462d-bbec-9d7baae6d6d6,SVシリーズ,SV11W,ホワイトフレア,sv11w_ja,045,ギガイアス,U,https://images.scrydex.com/pokemon/sv11w_ja-45/large
f5734fbe-c2de-47b5-93b0-5b04f1225142,SVシリーズ,SV11W,ホワイトフレア,sv11w_ja,046,ダゲキ,U,https://images.scrydex.com/pokemon/sv11w_ja-46/large
d8c32043-ba57-4911-8800-2e135d3ab679,SVシリーズ,SV11W,ホワイトフレア,sv11w_ja,047,アーケン,U,https://images.scrydex.com/pokemon/sv11w_ja-47/large
1bba1055-38ee-4eda-8638-8acfa315ed7c,SVシリーズ,SV11W,ホワイトフレア,sv11w_ja,048,アーケオス,R,https://images.scrydex.com/pokemon/sv11w_ja-48/large
d8d54061-c45f-48c5-a12b-4652f76f4092,SVシリーズ,SV11W,ホワイトフレア,sv11w_ja,049,コジョフー,C,https://images.scrydex.com/pokemon/sv11w_ja-49/large
4b1956c6-d4bc-46ec-bf09-7e3f88d8f8da,SVシリーズ,SV11W,ホワイトフレア,sv11w_ja,050,コジョンド,U,https://images.scrydex.com/pokemon/sv11w_ja-50/large
bb09a286-6f9d-49ce-ac44-b1557f4fd048,SVシリーズ,SV11W,ホワイトフレア,sv11w_ja,051,テラキオン,R,https://images.scrydex.com/pokemon/sv11w_ja-51/large
fe8b837d-b6fb-4b16-a969-7cfd9153eeba,SVシリーズ,SV11W,ホワイトフレア,sv11w_ja,052,チョロネコ,C,https://images.scrydex.com/pokemon/sv11w_ja-52/large
48e4b6b4-857d-4dd8-aea6-1f31f1d18b2c,SVシリーズ,SV11W,ホワイトフレア,sv11w_ja,053,レパルダス,U,https://images.scrydex.com/pokemon/sv11w_ja-53/large
38dd15a2-9e6b-4412-b0f4-668dcc56ce91,SVシリーズ,SV11W,ホワイトフレア,sv11w_ja,054,ズルッグ,C,https://images.scrydex.com/pokemon/sv11w_ja-54/large
70049151-3e32-4e51-b197-049375013948,SVシリーズ,SV11W,ホワイトフレア,sv11w_ja,055,ズルズキン,U,https://images.scrydex.com/pokemon/sv11w_ja-55/large
3686a0ff-aa25-4dfc-adf2-1e92b21a50e9,SVシリーズ,SV11W,ホワイトフレア,sv11w_ja,056,ヤブクロン,C,https://images.scrydex.com/pokemon/sv11w_ja-56/large
b7af624d-18e0-4d3c-94b2-a75d1f438923,SVシリーズ,SV11W,ホワイトフレア,sv11w_ja,057,ダストダス,U,https://images.scrydex.com/pokemon/sv11w_ja-57/large
b42ca06e-12d5-47df-b65b-5cf0e3279c08,SVシリーズ,SV11W,ホワイトフレア,sv11w_ja,058,ゾロア,C,https://images.scrydex.com/pokemon/sv11w_ja-58/large
eb325339-914f-4e2d-b378-b6ec5d706d5a,SVシリーズ,SV11W,ホワイトフレア,sv11w_ja,059,ゾロアーク,R,https://images.scrydex.com/pokemon/sv11w_ja-59/large
ea225ea4-94a4-45e3-b334-9d2983ab7809,SVシリーズ,SV11W,ホワイトフレア,sv11w_ja,060,モノズ,C,https://images.scrydex.com/pokemon/sv11w_ja-60/large
402fe582-a7fc-4495-97a5-ac6d89fe74b2,SVシリーズ,SV11W,ホワイトフレア,sv11w_ja,061,ジヘッド,C,https://images.scrydex.com/pokemon/sv11w_ja-61/large
2d0d2670-2ba3-4019-ad47-1f1d633bc865,SVシリーズ,SV11W,ホワイトフレア,sv11w_ja,064,ナットレイ,U,https://images.scrydex.com/pokemon/sv11w_ja-64/large
ea33f116-30a9-4346-a41f-b2e2050f4117,SVシリーズ,SV11W,ホワイトフレア,sv11w_ja,065,ギアル,C,https://images.scrydex.com/pokemon/sv11w_ja-65/large
3bf7b42b-7413-4c91-b156-deba24d23cea,SVシリーズ,SV11W,ホワイトフレア,sv11w_ja,066,ギギアル,C,https://images.scrydex.com/pokemon/sv11w_ja-66/large
92e1dd31-3dca-4ad8-8ec2-fb567330446e,SVシリーズ,SV11W,ホワイトフレア,sv11w_ja,067,ギギギアル,R,https://images.scrydex.com/pokemon/sv11w_ja-67/large
d0e0d7c0-da49-4cf6-bb00-1e1b7b9ceaf5,SVシリーズ,SV11W,ホワイトフレア,sv11w_ja,068,アイアント,U,https://images.scrydex.com/pokemon/sv11w_ja-68/large
b28ffadd-c4b8-4822-b89a-9a5298698100,SVシリーズ,SV11W,ホワイトフレア,sv11w_ja,069,クリムガン,U,https://images.scrydex.com/pokemon/sv11w_ja-69/large
52fe304c-627d-4557-ac39-5ffa1a257775,SVシリーズ,SV11W,ホワイトフレア,sv11w_ja,070,ミネズミ,C,https://images.scrydex.com/pokemon/sv11w_ja-70/large
7cc32871-0f19-4f3c-ac09-e4dc536e9460,SVシリーズ,SV11W,ホワイトフレア,sv11w_ja,071,ミルホッグ,U,https://images.scrydex.com/pokemon/sv11w_ja-71/large
5d5c27b1-6c0b-4e6c-aca3-17a904674fe8,SVシリーズ,SV11W,ホワイトフレア,sv11w_ja,072,ヨーテリー,C,https://images.scrydex.com/pokemon/sv11w_ja-72/large
8a312c92-329f-4ee7-93e6-3392473628d0,SVシリーズ,SV11W,ホワイトフレア,sv11w_ja,073,ハーデリア,C,https://images.scrydex.com/pokemon/sv11w_ja-73/large
2c5b7638-da59-4b68-ad1b-9acbd559c806,SVシリーズ,SV11W,ホワイトフレア,sv11w_ja,074,ムーランド,U,https://images.scrydex.com/pokemon/sv11w_ja-74/large
5baeebac-7195-4610-bae2-e987d8b54a17,SVシリーズ,SV11W,ホワイトフレア,sv11w_ja,077,ウォーグル,U,https://images.scrydex.com/pokemon/sv11w_ja-77/large
a204402d-38bc-4519-9de6-bde8c05fc718,SVシリーズ,SV11W,ホワイトフレア,sv11w_ja,078,トルネロス,R,https://images.scrydex.com/pokemon/sv11w_ja-78/large
ea9a59b9-7569-4eab-8d0e-6075f1c7aa87,SVシリーズ,SV11W,ホワイトフレア,sv11w_ja,079,エネルギー回収,U,https://images.scrydex.com/pokemon/sv11w_ja-79/large
b49cd3ab-b2e9-49e0-86af-556e52e869a0,SVシリーズ,SV11W,ホワイトフレア,sv11w_ja,080,ツールスクラッパー,U,https://images.scrydex.com/pokemon/sv11w_ja-80/large
31abe0e2-eeb0-4dce-90de-3bb47ede12fd,SVシリーズ,SV11W,ホワイトフレア,sv11w_ja,081,古びたはねの化石,C,https://images.scrydex.com/pokemon/sv11w_ja-81/large
ebe4bd4f-5687-4c55-8358-bb4bc644ead3,SVシリーズ,SV11W,ホワイトフレア,sv11w_ja,082,ブレイブバングル,U,https://images.scrydex.com/pokemon/sv11w_ja-82/large
91e8877f-d6d4-4fdd-b284-fe2b7b47c5af,SVシリーズ,SV11W,ホワイトフレア,sv11w_ja,083,クラウン,U,https://images.scrydex.com/pokemon/sv11w_ja-83/large
ff494437-fba5-45fe-acc4-b10ab4717f6f,SVシリーズ,SV11W,ホワイトフレア,sv11w_ja,084,チェレン,U,https://images.scrydex.com/pokemon/sv11w_ja-84/large
fe33d30a-4cd9-46ff-9ead-d3281874426b,SVシリーズ,SV11W,ホワイトフレア,sv11w_ja,085,トウコ,U,https://images.scrydex.com/pokemon/sv11w_ja-85/large
0e9fbad8-be28-4082-9074-6859e803ee21,SVシリーズ,SV11W,ホワイトフレア,sv11w_ja,086,イグニッションエネルギー,U,https://images.scrydex.com/pokemon/sv11w_ja-86/large
f2684cb6-c3fe-47f7-905c-a4a163b538f3,SMシリーズ,SM8a,ダークオーダー,sm8a_ja,052,ブラックマーケット,旧裏R,https://images.scrydex.com/pokemon/sm8a_ja-52/large
b0fbb240-efb4-4213-b47d-d063890943c9,ソード・シールド,S6K,漆黒のガイスト,swsh6k_ja,088,カトレア,HR,https://images.scrydex.com/pokemon/swsh6k_ja-88/large
26d459e3-2c99-494e-8ece-37aa9c998fef,ソード・シールド,S6K,漆黒のガイスト,swsh6k_ja,089,キクコ,HR,https://images.scrydex.com/pokemon/swsh6k_ja-89/large
492bcb98-2c60-4676-905b-353b14cd89c6,ソード・シールド,S5I,一撃マスター,swsh5i_ja,082,アップリューVMAX,HR,https://images.scrydex.com/pokemon/swsh5i_ja-82/large
8da5b5cd-c167-4c20-9256-0b0ff98c42f7,ソード・シールド,S5I,一撃マスター,swsh5i_ja,086,シバ,HR,https://images.scrydex.com/pokemon/swsh5i_ja-86/large
b17434ba-185e-46f7-a9ef-9aa71ef3d8e2,ソード・シールド,S5I,一撃マスター,swsh5i_ja,087,フヨウ,HR,https://images.scrydex.com/pokemon/swsh5i_ja-87/large
d04acdee-7942-4720-aec1-2d1ff32b6a88,ソード・シールド,S6H,白銀のランス,swsh6h_ja,053,ポリゴン２,U,https://images.scrydex.com/pokemon/swsh6h_ja-53/large
b216ed63-1dc7-4b11-9b5a-d644ac345979,ソード・シールド,S6H,白銀のランス,swsh6h_ja,054,ポリゴンＺ,R,https://images.scrydex.com/pokemon/swsh6h_ja-54/large
896e8b33-940f-416b-b088-b68cae72e857,ソード・シールド,S6H,白銀のランス,swsh6h_ja,084,はくばバドレックスVMAX,HR,https://images.scrydex.com/pokemon/swsh6h_ja-84/large
47f07a53-a746-4f87-8aea-7c77931eed0c,ソード・シールド,S6H,白銀のランス,swsh6h_ja,086,サダイジャVMAX,HR,https://images.scrydex.com/pokemon/swsh6h_ja-86/large
8aec81e6-f099-4625-ad73-62c40e63038d,ソード・シールド,S6H,白銀のランス,swsh6h_ja,088,アスナ,HR,https://images.scrydex.com/pokemon/swsh6h_ja-88/large
52050923-efe5-47f6-815d-fa57346b5000,ソード・シールド,S6K,漆黒のガイスト,swsh6k_ja,084,セレビィVMAX,HR,https://images.scrydex.com/pokemon/swsh6k_ja-84/large
8acafbba-5ff1-4bff-a7e0-0be3a8ec01da,ソード・シールド,S6K,漆黒のガイスト,swsh6k_ja,092,マルマイン,UR,https://images.scrydex.com/pokemon/swsh6k_ja-92/large
1c5e47ae-40e0-4c83-be5a-e25e73633296,ソード・シールド,S6K,漆黒のガイスト,swsh6k_ja,093,霧の水晶,UR,https://images.scrydex.com/pokemon/swsh6k_ja-93/large
d00bf247-8da1-4222-bea5-ba675b76455f,ソード・シールド,S6K,漆黒のガイスト,swsh6k_ja,094,やまびこホーン,UR,https://images.scrydex.com/pokemon/swsh6k_ja-94/large
f901c986-9c0b-42a6-9d02-22ffad7a203b,ソード・シールド,S7D,摩天パーフェクト,swsh7d_ja,080,ルガルガンVMAX,HR,https://images.scrydex.com/pokemon/swsh7d_ja-80/large
fa39b59a-a77f-41ba-aced-edac16fe0459,ソード・シールド,S8,フュージョンアーツ,swsh8_ja,116,シャンデラVMAX,HR,https://images.scrydex.com/pokemon/swsh8_ja-116/large
88c827ed-0ea9-4825-b71f-eda9bbe9906c,ソード・シールド,S8b,VMAXクライマックス,swsh8b_ja,057,モルペコV-UNION,RRR,https://images.scrydex.com/pokemon/swsh8b_ja-57/large
a30e9a29-4868-495e-aaaa-f40fe8755765,ソード・シールド,S8b,VMAXクライマックス,swsh8b_ja,058,モルペコV-UNION,RRR,https://images.scrydex.com/pokemon/swsh8b_ja-58/large
7ad9ea3d-c2d2-46c9-a3a3-892c26fe7bcf,SMシリーズ,SM10,ダブルブレイズ,sm10_ja,111,ドンカラスGX,HR,https://images.scrydex.com/pokemon/sm10_ja-111/large
2ba5ff93-9a79-4f48-b453-881e990df1f3,SMシリーズ,SM10,ダブルブレイズ,sm10_ja,114,炎の結晶,UR,https://images.scrydex.com/pokemon/sm10_ja-114/large
49a1562f-d2d4-4575-9464-cc2867109e4b,SMシリーズ,SM10a,ジージーエンド,sm10a_ja,063,ヒードランGX,HR,https://images.scrydex.com/pokemon/sm10a_ja-63/large
87374ccc-714c-49d9-b038-44b21231d055,SMシリーズ,SM10a,ジージーエンド,sm10a_ja,064,ライチュウ&アローラライチュウGX,HR,https://images.scrydex.com/pokemon/sm10a_ja-64/large
5ef2ba51-7621-4118-af9f-6463255d84db,SMシリーズ,SM10a,ジージーエンド,sm10a_ja,065,クチートGX,HR,https://images.scrydex.com/pokemon/sm10a_ja-65/large
03f8cf81-20df-4e3f-9812-84e7731c6c68,SMシリーズ,SM10a,ジージーエンド,sm10a_ja,067,タッグスイッチ,UR,https://images.scrydex.com/pokemon/sm10a_ja-67/large
836445b1-1401-4ba3-babd-7df5510b991d,SMシリーズ,SM10b,スカイレジェンド,sm10b_ja,067,Uターンボード,UR,https://images.scrydex.com/pokemon/sm10b_ja-67/large
cffe2e66-705c-49ad-a6c8-beee0c7a0bf7,SMシリーズ,SM10b,スカイレジェンド,sm10b_ja,068,トキワの森,UR,https://images.scrydex.com/pokemon/sm10b_ja-68/large
115c288e-6f49-4e65-9fd3-b0e31910172e,SMシリーズ,SM10b,スカイレジェンド,sm10b_ja,069,リサイクルエネルギー,UR,https://images.scrydex.com/pokemon/sm10b_ja-69/large
8c6d0777-f4bb-4761-8ca4-1d5bba68e07d,SMシリーズ,SM10b,スカイレジェンド,sm10b_ja,063,モクロー&アローラナッシーGX,HR,https://images.scrydex.com/pokemon/sm10b_ja-63/large
636a1723-0c7d-442d-8e73-0849742020b3,SMシリーズ,SM11,ミラクルツイン,sm11_ja,107,ヤドン&コダックGX,HR,https://images.scrydex.com/pokemon/sm11_ja-107/large
4b53ce8f-7ac5-4fed-ad78-e9ff59e77555,SMシリーズ,SM11,ミラクルツイン,sm11_ja,113,プレシャスボール,UR,https://images.scrydex.com/pokemon/sm11_ja-113/large
98430a6b-62f3-47df-a205-2a06c9342860,SMシリーズ,SM11,ミラクルツイン,sm11_ja,114,ジャイアントボム,UR,https://images.scrydex.com/pokemon/sm11_ja-114/large
2fb2980d-504e-4413-b4ce-05f7119f872a,SMシリーズ,SM11,ミラクルツイン,sm11_ja,115,ウィークガードエネルギー,UR,https://images.scrydex.com/pokemon/sm11_ja-115/large
1287a63e-8eab-4446-b002-6f1959f7bfa3,SMシリーズ,SM11b,ドリームリーグ,sm11b_ja,075,無人発電所,UR,https://images.scrydex.com/pokemon/sm11b_ja-75/large
c52c49c9-ff70-442d-b573-f4f3288c452c,SMシリーズ,SM11a,リミックスバウト,sm11a_ja,074,フシギバナ&ツタージャGX,HR,https://images.scrydex.com/pokemon/sm11a_ja-74/large
67130cff-ec46-437f-8493-b2c018a62c4f,SMシリーズ,SM11b,ドリームリーグ,sm11b_ja,069,ラフレシアGX,HR,https://images.scrydex.com/pokemon/sm11b_ja-69/large
0a9fb348-7fcc-4c1a-b457-79b129a0e72e,SMシリーズ,SM11b,ドリームリーグ,sm11b_ja,073,スイレンのつりざお,UR,https://images.scrydex.com/pokemon/sm11b_ja-73/large
11360c1e-711c-4bec-8f37-17b7475c6324,SMシリーズ,SM12,オルタージェネシス,sm12_ja,109,ウルガモスGX,HR,https://images.scrydex.com/pokemon/sm12_ja-109/large
53e1fb6f-61a9-4232-8582-22d529d1b708,SMシリーズ,SM12a,TAG TEAM GX タッグオールスターズ,sm12a_ja,021,ビクティニ,旧裏R,https://images.scrydex.com/pokemon/sm12a_ja-21/large
183ca2ed-00ac-42c9-8817-d8072c2b761b,SMシリーズ,SM12a,TAG TEAM GX タッグオールスターズ,sm12a_ja,037,ボルケニオン,旧裏R,https://images.scrydex.com/pokemon/sm12a_ja-37/large
d5923bf6-4b0d-41c0-b5d5-2a6c47c2a712,SMシリーズ,SM12a,TAG TEAM GX タッグオールスターズ,sm12a_ja,049,カプ・コケコ,旧裏R,https://images.scrydex.com/pokemon/sm12a_ja-49/large
292033e4-b054-442b-a063-472ce246b323,SMシリーズ,SM12a,TAG TEAM GX タッグオールスターズ,sm12a_ja,058,ギラティナ,旧裏R,https://images.scrydex.com/pokemon/sm12a_ja-58/large
cdd914b2-b5f6-4996-9fe9-0cdee28a9f97,SMシリーズ,SM12a,TAG TEAM GX タッグオールスターズ,sm12a_ja,070,ディアンシー,旧裏R,https://images.scrydex.com/pokemon/sm12a_ja-70/large
020d164b-5775-4f88-85c3-721bebd3e968,SMシリーズ,SM12a,TAG TEAM GX タッグオールスターズ,sm12a_ja,091,ジラーチ,旧裏R,https://images.scrydex.com/pokemon/sm12a_ja-91/large
3c54a714-c9f9-43e5-b0ed-19f491de4e93,SMシリーズ,SM12a,TAG TEAM GX タッグオールスターズ,sm12a_ja,108,メタモン,旧裏R,https://images.scrydex.com/pokemon/sm12a_ja-108/large
2d774ba6-9a23-4cbf-8c82-c712c855c2e8,SMシリーズ,SM12a,TAG TEAM GX タッグオールスターズ,sm12a_ja,144,アカギ,旧裏R,https://images.scrydex.com/pokemon/sm12a_ja-144/large
582f8575-d94f-466a-bb51-f56a2ad888a5,SMシリーズ,SM7a,迅雷スパーク,sm7a_ja,058,サンダーマウンテン,旧裏R,https://images.scrydex.com/pokemon/sm7a_ja-58/large
94bbdd09-0291-4e74-9ba0-f033226e6a46,ソード・シールド,S8b,VMAXクライマックス,swsh8b_ja,059,モルペコV-UNION,RRR,https://images.scrydex.com/pokemon/swsh8b_ja-59/large
f17ad68c-1a1c-4f66-b6b4-668899014904,SMシリーズ,SM10a,ジージーエンド,sm10a_ja,069,くろおび,UR,https://images.scrydex.com/pokemon/sm10a_ja-69/large
a36ace6d-d09d-4d72-ad45-ffc952d613f1,SMシリーズ,SM12a,TAG TEAM GX タッグオールスターズ,sm12a_ja,011,シェイミ,ー,https://images.scrydex.com/pokemon/sm12a_ja-11/large
2e78d7c0-0053-4181-932a-7bbcca292b86,SMシリーズ,SM8,超爆インパクト,sm8_ja,092,ルザミーネ,旧裏R,https://images.scrydex.com/pokemon/sm8_ja-92/large
48008013-9fe9-455c-9d98-a3d55093a66f,SMシリーズ,SM8b,GXウルトラシャイニー,sm8b_ja,145,ワンダーラビリンス,旧裏R,https://images.scrydex.com/pokemon/sm8b_ja-145/large
f449aa8a-40b7-4919-97cd-652fc1b2a6be,SMシリーズ,SM6a,ドラゴンストーム,sm6a_ja,004,ビクティニ,旧裏R,https://images.scrydex.com/pokemon/sm6a_ja-4/large
aac1d4c0-0e68-49a5-a142-9ccc0f303dc9,SVシリーズ,SV11B,ブラックボルト,sv11b_ja,005,ヤナッキー,U,https://images.scrydex.com/pokemon/sv11b_ja-5/large
f871b014-6f68-4307-9571-c100610a1bc7,SVシリーズ,SV11B,ブラックボルト,sv11b_ja,001,ツタージャ,C,https://images.scrydex.com/pokemon/sv11b_ja-1/large
d96dab28-3260-4042-8df4-91805b1b217e,SVシリーズ,SV11B,ブラックボルト,sv11b_ja,002,ジャノビー,C,https://images.scrydex.com/pokemon/sv11b_ja-2/large
6198ec7f-6fdc-4b54-940a-3d95235bdd31,SVシリーズ,SV11B,ブラックボルト,sv11b_ja,004,ヤナップ,C,https://images.scrydex.com/pokemon/sv11b_ja-4/large
3d461503-bc5f-45cc-b178-26146582c94c,SVシリーズ,SV11W,ホワイトフレア,sv11w_ja,001,クルミル,C,https://images.scrydex.com/pokemon/sv11w_ja-1/large
fb22f5f0-b212-4dd0-8881-62269ecfb0c2,SVシリーズ,SV11W,ホワイトフレア,sv11w_ja,002,クルマユ,C,https://images.scrydex.com/pokemon/sv11w_ja-2/large
4c55179d-0fc8-4b2b-a3b7-73622f538168,SVシリーズ,SV11W,ホワイトフレア,sv11w_ja,003,ハハコモリ,U,https://images.scrydex.com/pokemon/sv11w_ja-3/large
25a26d97-4ba7-4e09-b2da-c3a2c0d9aec2,SVシリーズ,SV11W,ホワイトフレア,sv11w_ja,004,モンメン,C,https://images.scrydex.com/pokemon/sv11w_ja-4/large
a192be16-178c-4a7e-a13e-b24d32ed2ba4,SVシリーズ,SV11W,ホワイトフレア,sv11w_ja,006,シキジカ,C,https://images.scrydex.com/pokemon/sv11w_ja-6/large
a099678b-0af3-4c94-9a5a-45f2862f3750,ソード・シールド,S6H,白銀のランス,swsh6h_ja,087,トルネロスVMAX,HR,https://images.scrydex.com/pokemon/swsh6h_ja-87/large
bcd61662-f433-4e69-935f-e652bc407f18,ソード・シールド,S6K,漆黒のガイスト,swsh6k_ja,090,シャクヤ,HR,https://images.scrydex.com/pokemon/swsh6k_ja-90/large
245bbbaa-ed86-4b85-b75f-a17095fd7de7,ソード・シールド,S6K,漆黒のガイスト,swsh6k_ja,091,ズミ,HR,https://images.scrydex.com/pokemon/swsh6k_ja-91/large
083b570d-180e-4b98-8d31-743df857aa3a,ソード・シールド,S6H,白銀のランス,swsh6h_ja,089,ドクター,HR,https://images.scrydex.com/pokemon/swsh6h_ja-89/large
cdfc8486-88ea-4477-ab09-cc786851370e,ソード・シールド,S6H,白銀のランス,swsh6h_ja,090,ピオニー,HR,https://images.scrydex.com/pokemon/swsh6h_ja-90/large
ceb666cc-5bb1-4940-867c-23bed62975b9,ソード・シールド,S6H,白銀のランス,swsh6h_ja,091,メロン,HR,https://images.scrydex.com/pokemon/swsh6h_ja-91/large
cf75b289-c06e-4b7c-9667-20322c05b0c4,ソード・シールド,S5I,一撃マスター,swsh5i_ja,083,カプ・コケコVMAX,HR,https://images.scrydex.com/pokemon/swsh5i_ja-83/large
cf257dca-34ab-4cea-900a-03ce29fab03a,ソード・シールド,S5I,一撃マスター,swsh5i_ja,084,いちげきウーラオスVMAX,HR,https://images.scrydex.com/pokemon/swsh5i_ja-84/large
18bb9c35-8426-40af-a816-1b154e2de9ee,ソード・シールド,S5I,一撃マスター,swsh5i_ja,085,いちげきウーラオスVMAX,UR,https://images.scrydex.com/pokemon/swsh5i_ja-85/large
49824713-72e9-4009-87af-570e5abcde52,ソード・シールド,S5I,一撃マスター,swsh5i_ja,088,マスタード いちげきのかた,HR,https://images.scrydex.com/pokemon/swsh5i_ja-88/large
f333935a-a2d8-4862-a746-c332fd0a3ff2,ソード・シールド,S5I,一撃マスター,swsh5i_ja,089,ヘルガー,UR,https://images.scrydex.com/pokemon/swsh5i_ja-89/large
b8766523-191d-4c5e-802e-02b4a3bf745d,ソード・シールド,S5I,一撃マスター,swsh5i_ja,090,学習装置,UR,https://images.scrydex.com/pokemon/swsh5i_ja-90/large
2c651a90-f878-4b90-813d-8b7185f09cc9,ソード・シールド,S5I,一撃マスター,swsh5i_ja,091,いちげきエネルギー,UR,https://images.scrydex.com/pokemon/swsh5i_ja-91/large
52d87e11-c880-46ed-9d6c-ae08b53cf2a4,ソード・シールド,S6H,白銀のランス,swsh6h_ja,092,ドータクン,UR,https://images.scrydex.com/pokemon/swsh6h_ja-92/large
6b26e158-2222-4195-94f3-b1ec9133899a,ソード・シールド,S6H,白銀のランス,swsh6h_ja,085,はくばバドレックスVMAX,UR,https://images.scrydex.com/pokemon/swsh6h_ja-85/large
311ca3b2-c9b8-4ef3-9b1d-8b39018d5c06,ソード・シールド,S6K,漆黒のガイスト,swsh6k_ja,085,こくばバドレックスVMAX,HR,https://images.scrydex.com/pokemon/swsh6k_ja-85/large
e8aa6504-34f4-4993-b68d-589befd762cc,ソード・シールド,S6K,漆黒のガイスト,swsh6k_ja,086,こくばバドレックスVMAX,UR,https://images.scrydex.com/pokemon/swsh6k_ja-86/large
dbe4a9e5-5a39-4390-a02c-e9bb13ca72af,ソード・シールド,S6K,漆黒のガイスト,swsh6k_ja,087,メタグロスVMAX,HR,https://images.scrydex.com/pokemon/swsh6k_ja-87/large
c40f7504-dc5b-4a09-a7fe-bfccc4a71a64,ソード・シールド,S6K,漆黒のガイスト,swsh6k_ja,095,基本超エネルギー,UR,https://images.scrydex.com/pokemon/swsh6k_ja-95/large
6f3b0e3c-292c-4964-8820-3664efed8706,ソード・シールド,S7D,摩天パーフェクト,swsh7d_ja,082,ジュラルドンVMAX,HR,https://images.scrydex.com/pokemon/swsh7d_ja-82/large
3dcf58e8-c118-4c73-a2cc-3e0f1dd18acb,ソード・シールド,S7D,摩天パーフェクト,swsh7d_ja,081,ダストダスVMAX,HR,https://images.scrydex.com/pokemon/swsh7d_ja-81/large
f7a0c680-8b45-4877-8d7e-48402809b58c,ソード・シールド,S7D,摩天パーフェクト,swsh7d_ja,083,ジュラルドンVMAX,UR,https://images.scrydex.com/pokemon/swsh7d_ja-83/large
d4d6eb2c-9fb0-46e3-9e4c-ed75e39c64f7,ソード・シールド,S7D,摩天パーフェクト,swsh7d_ja,084,キバナ,HR,https://images.scrydex.com/pokemon/swsh7d_ja-84/large
161261b8-41c9-4e46-94bc-b582a2487f80,ソード・シールド,S7D,摩天パーフェクト,swsh7d_ja,085,スクールガール,HR,https://images.scrydex.com/pokemon/swsh7d_ja-85/large
805232f4-b8a3-4468-8b09-643a1be701ba,ソード・シールド,S7D,摩天パーフェクト,swsh7d_ja,086,モノマネむすめ,HR,https://images.scrydex.com/pokemon/swsh7d_ja-86/large
c28c7398-6574-4e8d-bd19-dff35cf98ea6,ソード・シールド,S7D,摩天パーフェクト,swsh7d_ja,087,クレセリア,UR,https://images.scrydex.com/pokemon/swsh7d_ja-87/large
b4fd8e12-54c4-4449-85e3-5b75d42560c5,ソード・シールド,S7D,摩天パーフェクト,swsh7d_ja,088,フルフェイスガード,UR,https://images.scrydex.com/pokemon/swsh7d_ja-88/large
38b919f2-2807-4e7a-a860-c8d071a3b809,ソード・シールド,S7D,摩天パーフェクト,swsh7d_ja,089,結晶の洞窟,UR,https://images.scrydex.com/pokemon/swsh7d_ja-89/large
74a79941-6e09-4e3e-92e5-82e8ecca163a,ソード・シールド,S7D,摩天パーフェクト,swsh7d_ja,090,基本鋼エネルギー,UR,https://images.scrydex.com/pokemon/swsh7d_ja-90/large
4e7b6e8d-8b9a-4131-a049-4883e7b35050,ソード・シールド,S8,フュージョンアーツ,swsh8_ja,117,パルスワンVMAX,HR,https://images.scrydex.com/pokemon/swsh8_ja-117/large
dd6c86eb-c2e1-42e2-8bfe-8923f10ecadb,ソード・シールド,S8,フュージョンアーツ,swsh8_ja,118,ミュウVMAX,HR,https://images.scrydex.com/pokemon/swsh8_ja-118/large
c016194a-7295-46a8-af5e-0571b680af40,ソード・シールド,S8,フュージョンアーツ,swsh8_ja,119,ミュウVMAX,UR,https://images.scrydex.com/pokemon/swsh8_ja-119/large
a47ca4d1-8026-490b-b83b-938716db8cf7,ソード・シールド,S8,フュージョンアーツ,swsh8_ja,120,ヨクバリスVMAX,HR,https://images.scrydex.com/pokemon/swsh8_ja-120/large
77237a38-028a-47d5-8904-1355a18c2983,ソード・シールド,S8,フュージョンアーツ,swsh8_ja,121,カゲツ,HR,https://images.scrydex.com/pokemon/swsh8_ja-121/large
407c4589-86b4-4d74-bb66-f1911e0b971a,ソード・シールド,S8,フュージョンアーツ,swsh8_ja,122,カミツレのきらめき,HR,https://images.scrydex.com/pokemon/swsh8_ja-122/large
08828192-908e-4124-86fc-249db03a78f6,ソード・シールド,S8,フュージョンアーツ,swsh8_ja,123,ダンサー,HR,https://images.scrydex.com/pokemon/swsh8_ja-123/large
66b6942b-d7a5-4785-a901-0a084b3acb3f,ソード・シールド,S8,フュージョンアーツ,swsh8_ja,124,ポッドとデントとコーン,HR,https://images.scrydex.com/pokemon/swsh8_ja-124/large
31812f65-43a0-4d37-8827-b8e5dc147e92,ソード・シールド,S8,フュージョンアーツ,swsh8_ja,125,モココ,UR,https://images.scrydex.com/pokemon/swsh8_ja-125/large
fc120fd5-0a1b-482d-bfad-7449ff35f862,ソード・シールド,S8,フュージョンアーツ,swsh8_ja,126,トレーニングコート,UR,https://images.scrydex.com/pokemon/swsh8_ja-126/large
c620a74f-32c8-4778-a3a7-d7be23c5f8ab,ソード・シールド,S8,フュージョンアーツ,swsh8_ja,127,基本草エネルギー,UR,https://images.scrydex.com/pokemon/swsh8_ja-127/large
f023e720-a6b2-4de5-acb4-411344c226b5,ソード・シールド,S8,フュージョンアーツ,swsh8_ja,128,基本炎エネルギー,UR,https://images.scrydex.com/pokemon/swsh8_ja-128/large
3eae8adb-87ec-4fd5-9a1b-9233d545f3fc,ソード・シールド,S8,フュージョンアーツ,swsh8_ja,129,パワータブレット,UR,https://images.scrydex.com/pokemon/swsh8_ja-129/large
8fe31f28-cc75-4d8e-83fb-0ae8cd7c3528,SMシリーズ,SM10,ダブルブレイズ,sm10_ja,108,レシラム&リザードンGX,HR,https://images.scrydex.com/pokemon/sm10_ja-108/large
b8cef41c-0404-4163-bec8-686522f02d29,SMシリーズ,SM10,ダブルブレイズ,sm10_ja,109,ベトベトン&アローラベトベトンGX,HR,https://images.scrydex.com/pokemon/sm10_ja-109/large
d5f39805-c9b1-4dd5-8171-0fdcd609de4b,SMシリーズ,SM10,ダブルブレイズ,sm10_ja,110,マーシャドー&カイリキーGX,HR,https://images.scrydex.com/pokemon/sm10_ja-110/large
39afa1ac-119b-4c5a-9469-8dd53dd4d3d1,SMシリーズ,SM10,ダブルブレイズ,sm10_ja,112,エルフーンGX,HR,https://images.scrydex.com/pokemon/sm10_ja-112/large
fc395df3-a904-45e0-b5d8-06074e2ff460,SMシリーズ,SM10,ダブルブレイズ,sm10_ja,113,ペルシアンGX,HR,https://images.scrydex.com/pokemon/sm10_ja-113/large
901ef947-f3f6-4566-ac36-b78b07dc6c5f,SMシリーズ,SM10,ダブルブレイズ,sm10_ja,115,戒めの祠,UR,https://images.scrydex.com/pokemon/sm10_ja-115/large
f3b31c24-93ba-4be4-a480-53612817ebdb,SMシリーズ,SM10,ダブルブレイズ,sm10_ja,116,トリプル加速エネルギー,UR,https://images.scrydex.com/pokemon/sm10_ja-116/large
31876b2f-6d0d-4c17-87a6-1005b7d2848b,SMシリーズ,SM10a,ジージーエンド,sm10a_ja,066,ガブリアス&ギラティナGX,HR,https://images.scrydex.com/pokemon/sm10a_ja-66/large
25db9182-def2-4eb8-a383-52262edffe1e,SMシリーズ,SM10a,ジージーエンド,sm10a_ja,068,リセットスタンプ,UR,https://images.scrydex.com/pokemon/sm10a_ja-68/large
3e79ec8f-f384-493b-8276-9c49607f6b82,SMシリーズ,SM10b,スカイレジェンド,sm10b_ja,064,ケルディオGX,HR,https://images.scrydex.com/pokemon/sm10b_ja-64/large
ea71672d-8179-4686-8592-781e0713b996,SMシリーズ,SM10b,スカイレジェンド,sm10b_ja,065,アーゴヨンGX,HR,https://images.scrydex.com/pokemon/sm10b_ja-65/large
c7562a04-6a7d-4a6d-b70b-c75be653766b,SMシリーズ,SM10b,スカイレジェンド,sm10b_ja,066,ファイヤー&サンダー&フリーザーGX,HR,https://images.scrydex.com/pokemon/sm10b_ja-66/large
adbc7d2f-faa2-4018-84c2-c63b8e5e01da,SMシリーズ,SM11,ミラクルツイン,sm11_ja,108,ミュウツー&ミュウGX,HR,https://images.scrydex.com/pokemon/sm11_ja-108/large
9dddcaef-62ad-49e6-a67a-fc0f8bf5212f,SMシリーズ,SM11,ミラクルツイン,sm11_ja,109,ラティオスGX,HR,https://images.scrydex.com/pokemon/sm11_ja-109/large
e69cd868-4ddf-4ad0-a46a-7f6453f882a4,SMシリーズ,SM11,ミラクルツイン,sm11_ja,110,プテラGX,HR,https://images.scrydex.com/pokemon/sm11_ja-110/large
30530a93-6ab7-4b42-9b08-8678908e4d2a,SMシリーズ,SM11,ミラクルツイン,sm11_ja,111,メガヤミラミ&バンギラスGX,HR,https://images.scrydex.com/pokemon/sm11_ja-111/large
599c531c-30ad-46cd-8b3c-8e6f00d5e361,SMシリーズ,SM11,ミラクルツイン,sm11_ja,112,カイリューGX,HR,https://images.scrydex.com/pokemon/sm11_ja-112/large
9dd3741a-c8fb-4fce-b84a-d0eca9e89722,SMシリーズ,SM11a,リミックスバウト,sm11a_ja,075,リザードン&テールナーGX,HR,https://images.scrydex.com/pokemon/sm11a_ja-75/large
dd59b3cd-aa8b-4063-9176-61d698d1321e,SMシリーズ,SM11a,リミックスバウト,sm11a_ja,076,カメックス&ポッチャマGX,HR,https://images.scrydex.com/pokemon/sm11a_ja-76/large
8193c016-e7f5-4c87-85b8-f2d0ed8427b9,SMシリーズ,SM11a,リミックスバウト,sm11a_ja,077,アローラペルシアンGX,HR,https://images.scrydex.com/pokemon/sm11a_ja-77/large
3f444a38-c839-408f-b139-574f4eb95193,SMシリーズ,SM11a,リミックスバウト,sm11a_ja,078,グレートキャッチャー,UR,https://images.scrydex.com/pokemon/sm11a_ja-78/large
f802110f-a129-40cf-b99e-03c21aa11ec7,SMシリーズ,SM11a,リミックスバウト,sm11a_ja,079,格闘道場,UR,https://images.scrydex.com/pokemon/sm11a_ja-79/large
b179b8c6-fd7c-46c9-aea6-51be648c0ee6,SMシリーズ,SM11a,リミックスバウト,sm11a_ja,080,ドローエネルギー,UR,https://images.scrydex.com/pokemon/sm11a_ja-80/large
6f292729-e2bb-4392-a2bb-3236ee3d1c70,SMシリーズ,SM11b,ドリームリーグ,sm11b_ja,070,ソルガレオ&ルナアーラGX,HR,https://images.scrydex.com/pokemon/sm11b_ja-70/large
2c4162ee-71a4-43bd-bed6-4074244257aa,SMシリーズ,SM11b,ドリームリーグ,sm11b_ja,071,レシラム&ゼクロムGX,HR,https://images.scrydex.com/pokemon/sm11b_ja-71/large
a29bb9ec-4510-449c-864c-ad5180c9aab1,SMシリーズ,SM11b,ドリームリーグ,sm11b_ja,072,シルヴァディGX,HR,https://images.scrydex.com/pokemon/sm11b_ja-72/large
288e84e4-fd73-4499-b3b7-f5025e0eb9e1,SMシリーズ,SM11b,ドリームリーグ,sm11b_ja,074,リーリエのピッピ人形,UR,https://images.scrydex.com/pokemon/sm11b_ja-74/large
558ffec3-1800-427e-86fa-be883c5b610e,SMシリーズ,SM12,オルタージェネシス,sm12_ja,110,オドリドリGX,HR,https://images.scrydex.com/pokemon/sm12_ja-110/large
a783d5b9-db63-4f36-9180-919f509d8f5d,SMシリーズ,SM12,オルタージェネシス,sm12_ja,111,フライゴンGX,HR,https://images.scrydex.com/pokemon/sm12_ja-111/large
d75a8ac1-c022-4920-8cf8-63191d50e6e2,SMシリーズ,SM12,オルタージェネシス,sm12_ja,112,アルセウス&ディアルガ&パルキアGX,HR,https://images.scrydex.com/pokemon/sm12_ja-112/large
e6f0163a-a1e6-4460-9b3d-30270e3a21ab,SMシリーズ,SM12,オルタージェネシス,sm12_ja,113,アーゴヨン&アクジキングGX,HR,https://images.scrydex.com/pokemon/sm12_ja-113/large
9b5ebac2-b61b-4b17-9d05-f2f2328a454c,SMシリーズ,SM12,オルタージェネシス,sm12_ja,114,メガミミロップ&プリンGX,HR,https://images.scrydex.com/pokemon/sm12_ja-114/large
efff4f69-f425-44e4-8438-24acb49765c3,SMシリーズ,SM12,オルタージェネシス,sm12_ja,115,タッグコール,UR,https://images.scrydex.com/pokemon/sm12_ja-115/large
932dc0b6-171d-4ce5-8699-2dd7710a0507,SMシリーズ,SM12,オルタージェネシス,sm12_ja,116,しまめぐりのあかし,UR,https://images.scrydex.com/pokemon/sm12_ja-116/large
ae5cebe1-1eac-4ddf-84b5-5866594fbb9d,SMシリーズ,SM12,オルタージェネシス,sm12_ja,117,巨大なカマド,UR,https://images.scrydex.com/pokemon/sm12_ja-117/large
db44b7e3-54e7-4774-8520-0a5ab49ea51e,SMシリーズ,SM12a,TAG TEAM GX タッグオールスターズ,sm12a_ja,077,ダークライ,旧裏R,https://images.scrydex.com/pokemon/sm12a_ja-77/large
84a5e9c1-ec0c-4475-9c9a-d1db55aab4a4,SMシリーズ,SM12a,TAG TEAM GX タッグオールスターズ,sm12a_ja,184,ルカリオ&メルメタルGX,SR,https://images.scrydex.com/pokemon/sm12a_ja-184/large
