id,name,code,release_date,created_at,tcgdex_series_id,series_name,image_url
ee238a8d-c6b6-447c-a8dd-8a77eb478576,スターターデッキセット ルカリオVSTAR,SLL,,2026-08-28 04:31:10.288954+00:00,S,ソード・シールド,
5a12a468-c360-42f8-af2f-db5052c26a48,スターターデッキセット ダークライVSTAR,SLD,,2026-08-28 04:31:10.061679+00:00,S,ソード・シールド,
68a3a158-761d-4ef2-8e9c-27b04693d68c,スタートデッキ コロコロコミックver,SN,,2026-08-28 04:31:20.098482+00:00,S,ソード・シールド,
da7d6402-877d-45f6-a928-af39c2fb9ecc,VSTARスペシャルセット,SP6,,2026-08-28 04:31:20.320862+00:00,S,ソード・シールド,
9d85b87f-9b69-40c1-8bb5-f19894c8bca6,VSTAR&VMAX ハイクラスデッキ デオキシス,SPD,,2026-08-28 04:31:20.540126+00:00,S,ソード・シールド,
f50726a7-f438-4c7a-b857-f2675d2604a7,VSTAR&VMAX ハイクラスデッキ ゼラオラ,SPZ,,2026-08-28 04:31:20.760451+00:00,S,ソード・シールド,
6a7aff56-563a-4d6b-b097-d055a0d1438c,拡張パック,PMCG1,1996-10-20,2026-08-28 04:31:03.794322+00:00,PMCG,旧裏・e・VS,
f9bae35e-5cdc-4ce8-9487-d05707967942,ポケモンジャングル,PMCG2,1997-03-05,2026-08-28 04:31:04.051253+00:00,PMCG,旧裏・e・VS,
9faca8fe-1b92-4495-bc55-ae6fed6cd130,化石の秘密,PMCG3,1997-06-21,2026-08-28 04:31:04.304217+00:00,PMCG,旧裏・e・VS,
48aa46d4-53df-4451-8994-6efe2a31746e,ロケット団,PMCG4,1997-11-21,2026-08-28 04:31:04.547575+00:00,PMCG,旧裏・e・VS,
20b372b1-a6ff-4ba2-ac2b-3591c16eb325,リーダーズスタジアム,PMCG5,1998-10-24,2026-08-28 04:31:04.801335+00:00,PMCG,旧裏・e・VS,
e9ae10f0-4fae-4198-b2e7-6584a8e7a74c,闇からの挑戦,PMCG6,1999-06-25,2026-08-28 04:31:05.055915+00:00,PMCG,旧裏・e・VS,
54450e62-c2ee-4136-b175-6191e3a2acfc,ダークファンタズマ,S10a,2022-05-13,2026-08-28 04:31:05.767145+00:00,S,ソード・シールド,
6e0a46c7-e469-4972-ba98-131cf67c7c94,スペースジャグラー,S10P,2022-04-08,2026-08-28 04:31:06.029603+00:00,S,ソード・シールド,
ca93c4b2-7d37-4881-9306-c30f64a19b88,ロストアビス,S11,2022-07-15,2026-08-28 04:31:06.287621+00:00,S,ソード・シールド,
012908fb-007c-486d-85ba-d2fcf10d833d,白熱のアルカナ,S11a,2022-09-02,2026-08-28 04:31:06.554629+00:00,S,ソード・シールド,
248d92ee-d69e-493d-9d4b-0960134db32f,パラダイムトリガー,S12,2022-10-21,2026-08-28 04:31:06.813995+00:00,S,ソード・シールド,
8c1bc8f3-39e4-4b18-a239-4b6b22df60a8,VSTARユニバース,S12a,2022-12-02,2026-08-28 04:31:07.080497+00:00,S,ソード・シールド,
8cce95a2-f537-4156-907d-f331ce13b5d6,一撃マスター,S5I,2021-01-22,2026-08-28 04:31:07.542259+00:00,S,ソード・シールド,
ec2d763e-ea05-4f77-ade2-b439f60a2adb,白銀のランス,S6H,2021-04-23,2026-08-28 04:31:07.799160+00:00,S,ソード・シールド,
c56a482d-7434-4e00-bc54-16c38f187c4e,漆黒のガイスト,S6K,2021-04-23,2026-08-28 04:31:08.053152+00:00,S,ソード・シールド,
b86a7ec9-e8f7-4f8c-b4e4-757e2f1d54f6,摩天パーフェクト,S7D,2021-07-09,2026-08-28 04:31:08.310648+00:00,S,ソード・シールド,
a945665e-c81a-4c03-924d-624a07458341,フュージョンアーツ,S8,2021-09-24,2026-08-28 04:31:08.562279+00:00,S,ソード・シールド,
80bdd6cc-3aa6-4299-b5b1-43a5f80af030,VMAXクライマックス,S8b,2021-12-03,2026-08-28 04:31:08.827129+00:00,S,ソード・シールド,
012f4320-fb6b-4541-b502-a185ca139451,スターバース,S9,2022-01-14,2026-08-28 04:31:09.280283+00:00,S,ソード・シールド,
0380eb72-bbcd-401c-ba09-fec23007efa7,バトルリージョン,S9a,2022-02-25,2026-08-28 04:31:09.575298+00:00,S,ソード・シールド,
94db240f-1949-4c1e-9b92-12425aa31573,ダブルブレイズ,SM10,2019-03-01,2026-08-28 04:31:10.511975+00:00,SM,SMシリーズ,
4fc047cb-d0d5-4086-b6dd-8f0b1d5dad42,ジージーエンド,SM10a,2019-04-05,2026-08-28 04:31:10.777963+00:00,SM,SMシリーズ,
03ce403b-f7de-460e-931e-27de38cd44ca,スカイレジェンド,SM10b,2019-04-26,2026-08-28 04:31:11.029328+00:00,SM,SMシリーズ,
14496d8f-d11f-4779-bc03-b5a0e25a8a4b,ミラクルツイン,SM11,2019-05-31,2026-08-28 04:31:11.274825+00:00,SM,SMシリーズ,
67f367c1-a48d-4f82-8b03-0cea6da851bb,リミックスバウト,SM11a,2019-07-05,2026-08-28 04:31:11.622561+00:00,SM,SMシリーズ,
bf3433b6-5f29-4156-a1b7-c67eb119b52f,ドリームリーグ,SM11b,2019-08-02,2026-08-28 04:31:11.877318+00:00,SM,SMシリーズ,
4a261245-088f-4357-a2ff-6c7890e11543,オルタージェネシス,SM12,2019-09-06,2026-08-28 04:31:12.127898+00:00,SM,SMシリーズ,
30503cd2-8ced-45f5-9b2f-acd3ee55c09a,TAG TEAM GX タッグオールスターズ,SM12a,2019-10-04,2026-08-28 04:31:12.405673+00:00,SM,SMシリーズ,
af81f07b-2345-4f9e-baf5-adfa2bcdb807,コレクションムーン,SM1M,2016-12-09,2026-08-28 04:31:12.871069+00:00,SM,SMシリーズ,
575b3ae4-5c0c-4abc-93f8-f1f4cc71974a,サン＆ムーン,SM1p,2017-01-27,2026-08-28 04:31:13.128526+00:00,SM,SMシリーズ,
c9f7833f-defe-4d99-b45a-33fcb5a1fb14,コレクションサン,SM1S,2016-12-09,2026-08-28 04:31:13.401450+00:00,SM,SMシリーズ,
234779b1-7c9a-442f-8f8e-de41d5de658c,キミを待つ島々,SM2K,2017-03-17,2026-08-28 04:31:13.652909+00:00,SM,SMシリーズ,
a46aa9cd-922a-487f-a7f2-940f9a23ef57,アローラの月光,SM2L,2017-03-17,2026-08-28 04:31:13.897277+00:00,SM,SMシリーズ,
25678826-2811-4bff-9b3a-26e10c5db48c,新たなる試練の向こう,SM2p,2017-04-21,2026-08-28 04:31:14.139625+00:00,SM,SMシリーズ,
a8568729-9fae-4f33-bea1-c887bbc3f41a,闘う虹を見たか,SM3H,2017-06-16,2026-08-28 04:31:14.393823+00:00,SM,SMシリーズ,
ea641579-b748-4519-80bf-909f23f821ca,光を喰らう闇,SM3N,2017-06-16,2026-08-28 04:31:14.663466+00:00,SM,SMシリーズ,
cc2feeb0-7efb-4265-9655-142f55afe232,ひかる伝説,SM3p,2017-07-15,2026-08-28 04:31:14.911452+00:00,SM,SMシリーズ,
9f635209-aec1-4acf-84b7-8e77e6be7bc0,超次元の暴獣,SM4A,2017-09-15,2026-08-28 04:31:15.165474+00:00,SM,SMシリーズ,
02774e64-31dd-4b6c-a9b3-65c24144066e,GXバトルブースト,SM4p,2017-10-20,2026-08-28 04:31:15.409990+00:00,SM,SMシリーズ,
133c791b-7cad-484f-843a-1fdb007af685,覚醒の勇者,SM4S,2017-09-15,2026-08-28 04:31:15.720204+00:00,SM,SMシリーズ,
4faa5ea4-2af5-4aea-8154-3d8eac93ff68,ウルトラムーン,SM5M,2017-12-08,2026-08-28 04:31:15.979456+00:00,SM,SMシリーズ,
7b4aebdd-ad4e-4fd2-a4a1-50ed98bc4e51,ウルトラフォース,SM5p,2018-01-19,2026-08-28 04:31:16.232451+00:00,SM,SMシリーズ,
85624ae1-7bf6-4f09-a3c7-d3af5f65893a,ウルトラサン,SM5S,2017-12-08,2026-08-28 04:31:16.505428+00:00,SM,SMシリーズ,
adc82cca-bad7-4c21-88f1-14482564992e,禁断の光,SM6,2018-03-02,2026-08-28 04:31:16.757859+00:00,SM,SMシリーズ,
80f62c95-9f01-4569-b25d-11f781e01a82,ドラゴンストーム,SM6a,2018-04-06,2026-08-28 04:31:17.022490+00:00,SM,SMシリーズ,
1778f144-2fa0-4cf0-b7ed-b8a42a4f4526,チャンピオンロード,SM6b,2018-05-30,2026-08-28 04:31:17.270687+00:00,SM,SMシリーズ,
eb88530f-e95a-47ca-b3f2-974541dc4a45,スカーレット&バイオレット プロモカード,SV-P,2022-11-29,2026-08-28 04:31:20.996698+00:00,SV,プロモ,
c747cf6e-7ba4-4ec5-8288-d40293a4565f,ロケット団の栄光,SV10,2025-04-18,2026-08-28 04:31:21.451575+00:00,SV,SVシリーズ,
1b0c8034-f89e-45bd-9339-da3e9963ce3f,ブラックボルト,SV11B,2025-06-06,2026-08-28 04:31:21.728369+00:00,SV,SVシリーズ,
02eba1f1-ab17-434f-b54f-3213cbb54ca3,ホワイトフレア,SV11W,2025-06-06,2026-08-28 04:31:22.009250+00:00,SV,SVシリーズ,
af1234fc-0c84-4c51-ba4c-cc74829e2d03,トリプレットビート,SV1a,2023-03-10,2026-08-28 04:31:22.286389+00:00,SV,SVシリーズ,
807cf3b0-5108-49ac-a92a-488fcddf0ae2,乱戦！ポケモンスクランブル×ポケモンカードゲーム,Ran,,2026-08-28 06:28:00.413424+00:00,,その他,
02909cf1-28d7-484f-bede-01b7da714ab6,裂空のカリスマ,SM7,2018-06-01,2026-08-28 04:31:17.526105+00:00,SM,SMシリーズ,
8251be2f-446e-47c1-ae16-155441fda939,迅雷スパーク,SM7a,2018-08-03,2026-08-28 04:31:17.800754+00:00,SM,SMシリーズ,
dbb0d0e7-efba-41c2-9f8a-daf68582ed52,フェアリーライズ,SM7b,2018-08-03,2026-08-28 04:31:18.044940+00:00,SM,SMシリーズ,
ac71e58e-df22-4e89-89a6-7e939bd6632a,超爆インパクト,SM8,2018-09-07,2026-08-28 04:31:18.351475+00:00,SM,SMシリーズ,
424e31c9-b164-41cc-bc8b-67667edfab53,ダークオーダー,SM8a,2018-10-05,2026-08-28 04:31:18.631175+00:00,SM,SMシリーズ,
312d4099-d563-4221-b523-a8ab2cf9c24e,GXウルトラシャイニー,SM8b,2018-10-05,2026-08-28 04:31:18.878365+00:00,SM,SMシリーズ,
8c3e90a2-295a-49ec-a166-fec75fe3fd8e,タッグボルト,SM9,2018-12-07,2026-08-28 04:31:19.326523+00:00,SM,SMシリーズ,
0bf8b1be-1ffe-4105-957e-f4d47b905e05,ナイトユニゾン,SM9a,2019-01-11,2026-08-28 04:31:19.591143+00:00,SM,SMシリーズ,
a7880f19-342f-4727-8b28-2ad012936a2f,フルメタルウォール,SM9b,2019-02-01,2026-08-28 04:31:19.845736+00:00,SM,SMシリーズ,
0e5e9c85-befb-4767-b2e3-748891d46454,スカーレットex,SV1S,2023-01-20,2026-08-28 04:25:44.091027+00:00,SV,SVシリーズ,
15f71d52-9415-472d-a5cb-2397e385979c,バイオレットex,SV1V,2023-01-20,2026-08-28 04:31:22.803303+00:00,SV,SVシリーズ,
bb411b0c-7378-4681-8d40-30958187c747,ポケモンカード151,SV2a,2023-06-16,2026-08-28 04:31:23.073935+00:00,SV,SVシリーズ,
34dac2ab-c4e1-429a-a8f7-a057ae021a67,クレイバースト,SV2D,2023-04-14,2026-08-28 04:31:23.513038+00:00,SV,SVシリーズ,
e86bad58-b459-4ac3-a82c-a122cf1755d6,スノーハザード,SV2P,2023-04-14,2026-08-28 04:31:23.773569+00:00,SV,SVシリーズ,
eb9a2ae1-f752-48e2-bd6e-4a3103023949,黒炎の支配者,SV3,2023-07-28,2026-08-28 04:31:24.025315+00:00,SV,SVシリーズ,
c5804d11-9c59-4cad-9061-0801b0ba0d9b,レイジングサーフ,SV3a,2023-09-22,2026-08-28 04:31:24.294502+00:00,SV,SVシリーズ,
41226239-da09-4293-b6a3-d53c92094bf5,古代の咆哮,SV4K,2023-10-27,2026-08-28 04:31:25.048006+00:00,SV,SVシリーズ,
1d6a22e1-15be-46ec-bfa4-71adffe1213e,未来の一閃,SV4M,2023-10-27,2026-08-28 04:31:25.305493+00:00,SV,SVシリーズ,
97d0e77f-4340-44e3-9fb3-6e227b079a7d,クリムゾンヘイズ,SV5a,2024-03-22,2026-08-28 04:31:25.562291+00:00,SV,SVシリーズ,
1fea9ad9-1344-4423-b075-978401221f70,サイバージャッジ,SV5M,2024-01-26,2026-08-28 04:31:26.075562+00:00,SV,SVシリーズ,
aaae146c-17af-45fb-b9fb-165ca527fc03,変幻の仮面,SV6,2024-04-26,2026-08-28 04:31:26.330246+00:00,SV,SVシリーズ,
0683c46d-715d-4978-bcac-223c867795ea,ナイトワンダラー,SV6a,2024-06-07,2026-08-28 04:31:26.600101+00:00,SV,SVシリーズ,
db8504f1-e9f0-4e60-954a-4818040cfe98,ステラミラクル,SV7,2024-07-19,2026-08-28 04:31:26.875625+00:00,SV,SVシリーズ,
154b30d7-3fc1-4322-af22-f39b9c881d45,楽園ドラゴーナ,SV7a,2024-09-13,2026-08-28 04:31:27.147794+00:00,SV,SVシリーズ,
6d9ff692-c95f-40d8-aef9-58089eb14260,超電ブレイカー,SV8,2024-10-18,2026-08-28 04:31:27.403959+00:00,SV,SVシリーズ,
d89dc0ae-ec18-4b7e-a147-29ceffa71c2f,テラスタルフェスex,SV8a,2024-12-06,2026-08-28 04:31:27.644191+00:00,SV,SVシリーズ,
89da1d8e-b1db-45f2-8674-eed2ab01058b,バトルパートナーズ,SV9,2025-01-24,2026-08-28 04:31:28.149231+00:00,SV,SVシリーズ,
562e3ff7-4148-430b-8ea4-e1308f56d05e,熱風のアリーナ,SV9a,2025-03-14,2026-08-28 04:31:28.412384+00:00,SV,SVシリーズ,
6714f749-4785-40ba-b69d-2d9da53fcad6,デッキビルドBOX ステラミラクル,SVK,2024-07-19,2026-08-28 04:31:28.664308+00:00,SV,SVシリーズ,
f2d994ec-e52f-4ab8-b315-285543e1f698,スターターセット テラスタイプ：ステラ ニンフィアex,SVLN,2024-08-30,2026-08-28 04:31:28.886309+00:00,SV,SVシリーズ,
d6ec8a81-24f9-40f2-b312-51e98ef405f8,スターターセット テラスタイプ：ステラ ソウブレイズex,SVLS,2024-08-30,2026-08-28 04:31:29.108045+00:00,SV,SVシリーズ,
43366684-3ba6-4b69-a815-9c96da64469d,シャイニースターV,S4a,2020-11-20,2026-08-28 06:19:13.079487+00:00,S,ソード・シールド,https://th.bing.com/th/id/OIP.mDkIUyqqidI_xURYx4Z8ugAAAA?w=126&h=211&c=7&r=0&o=7&pid=1.7&rm=3
4520bff5-2407-46f6-ad8b-498e9de2e2f0,第1弾拡張パック,ADV1,2003-01-31,2026-08-29 05:36:13.035042+00:00,ADV,ADV・PCGシリーズ,https://archives.bulbagarden.net/wiki/Special:Redirect/file/ADV1%20Expansion%20Pack%20pack.jpg
2e3e2cf1-be86-4808-87f7-fe01973f0325,シャイニートレジャーex,SV4a,2023-12-01,2026-08-28 04:31:24.556214+00:00,SV,SVシリーズ,
e8d20478-31c4-44df-a71d-e0e80eb4ecfa,「エクストラレギュレーションBOX」,BW,,2026-08-28 06:27:53.355037+00:00,,BWシリーズ,
7816388b-32e3-4c5e-9815-b552741bee9c,ポケモンカードゲームBW 拡張パック「ブラックコレクション」,BW1-Bb,,2026-08-28 06:27:53.432249+00:00,,BWシリーズ,
b40da42f-59cd-4cf5-b07d-0a4e0b111b12,ポケモンカードゲームBW 拡張パック「ホワイトコレクション」,BW1-Bw,,2026-08-28 06:27:53.510166+00:00,,BWシリーズ,
eb0a6865-84ff-4f85-b031-54c9d4e4c14d,ポケモンカードゲームBW コンセプトパック「EXバトルブースト」,BW10-B,,2026-08-28 06:27:53.583871+00:00,,BWシリーズ,
57924c09-76eb-4558-9b20-3158526e6c65,ポケモンカードゲームBW 拡張パック「レッドコレクション」,BW2-B,,2026-08-28 06:27:53.661147+00:00,,BWシリーズ,
eeb4f01f-3792-421f-9dc9-6a8799cd6a06,ポケモンカードゲームBW 拡張パック「ヘイルブリザード」,BW3-Bh,,2026-08-28 06:27:53.738715+00:00,,BWシリーズ,
b7b434e5-3fee-4321-a856-7cb6afbe5941,ポケモンカードゲームBW 拡張パック「サイコドライブ」,BW3-Bp,,2026-08-28 06:27:53.815215+00:00,,BWシリーズ,
709c7ea0-89bb-4afb-b7f1-b142ab4072cf,第2弾拡張パック 砂漠のきせき,ADV2,2003-04-18,2026-08-29 05:47:21.248448+00:00,ADV,ADV・PCGシリーズ,https://archives.bulbagarden.net/wiki/Special:Redirect/file/ADV2%20Miracle%20of%20the%20Desert%20pack.jpg
6b8faf93-bc0b-4539-aca0-5b0cdcba2d41,ポケモンカードゲームBW 拡張パック「リューノブレード」,BW5-Brn,,2026-08-28 06:27:53.975817+00:00,,BWシリーズ,
55fb9c24-1735-4a8c-b090-eebabf950f94,ポケモンカードゲームBW 拡張パック「コールドフレア」,BW6-Bc,,2026-08-28 06:27:54.135929+00:00,,BWシリーズ,
d80a5f18-cad8-457f-90e6-3fbfd527f8c2,ポケモンカードゲームBW 拡張パック「プラズマゲイル」,BW7-B,,2026-08-28 06:27:54.286345+00:00,,BWシリーズ,
71a210ff-9d68-4eed-900a-43b5f14a70c6,ポケモンカードゲームBW 拡張パック「ライデンナックル」,BW8-Brn,,2026-08-28 06:27:54.439470+00:00,,BWシリーズ,
2ddf83a3-f337-4c5a-a2c2-771bfb689ecd,ポケモンカードゲーム プロモーションカードパック(2011/9),BWP,,2026-08-28 06:27:54.600711+00:00,,プロモ,
eb7c8fdc-4d36-4401-84da-f611ce6d1672,ポケモンカードゲームDP 拡張パック「時空の創造　パールコレクション」,DP1,,2026-08-28 06:27:55.527646+00:00,,DP・DPtシリーズ,
e4e3ab37-ccbd-46c3-aacd-829a994aea9b,ポケモンカードゲームDP 拡張パック「ひかる闇」,DP3,,2026-08-28 06:27:55.701623+00:00,,DP・DPtシリーズ,
2c3c9dfa-681c-4ce8-b824-95c7f0d869a8,ポケモンカードゲームDP 拡張パック「怒りの神殿」,DP5,,2026-08-28 06:27:55.859435+00:00,,DP・DPtシリーズ,
6d00c98d-4aa6-428f-9d10-3f59fe33f230,ポケモンカードゲームDP 拡張パック「破空の激闘」,DPs-B,,2026-08-28 06:27:56.031789+00:00,,DP・DPtシリーズ,
f6ed1213-84e7-4622-a74e-1f26cb5d8c40,ポケモンカードゲームDP 対戦スターターパック「ギラティナVSディアルガ」(ギラティナデッキ),DPs-Sg,,2026-08-28 06:27:56.193252+00:00,,DP・DPtシリーズ,
0374bcae-0c17-4c21-82c8-5d9d174a01f6,ポケモンカードゲームDPt エントリーパック(ギラティナデッキ),DPt-EPg,,2026-08-28 06:27:56.353349+00:00,,DP・DPtシリーズ,
7291f39a-84d1-4fa3-92fa-8dbcbddece35,ポケモンカードゲームDPtギフトボックス（ヒコザルデッキ）,DPt-GBhi,,2026-08-28 06:27:56.502236+00:00,,DP・DPtシリーズ,
5b287ac5-3f5c-4886-a823-8bf5b81da139,ポケモンカードゲームDPtギフトボックス（ピカチュウデッキ）,DPt-GBpi,,2026-08-28 06:27:56.670689+00:00,,DP・DPtシリーズ,
5d3cfc86-3003-4c9b-a54d-5739b4b36397,映画公開記念ランダムパック2009,DPt-MRP09,,2026-08-28 06:27:56.822438+00:00,,DP・DPtシリーズ,
27af5fef-e06b-4ebf-b867-39b3b04750da,ポケモンカードゲームDPt 拡張パック「時の果ての絆」,DPt2-B,,2026-08-28 06:27:56.979513+00:00,,DP・DPtシリーズ,
fac8bdff-c264-48a1-9aae-22cfdb80c6ea,ポケモンカードゲームDPt 対戦スターターパックSP「ゴウカザルVSエルレイド」（ゴウカザルデッキ）,DPt2-Sg,,2026-08-28 06:27:57.164804+00:00,,DP・DPtシリーズ,
ec54f955-4501-4a63-893b-76242c52f6fd,ポケモンカードゲームDPt 対戦スターターパックSP「ガブリアスVSリザードン」（ガブリアスデッキ）,DPt3-Sg,,2026-08-28 06:27:57.319203+00:00,,DP・DPtシリーズ,
d1533b7a-070b-45fc-8f8a-b9f67cb17a1a,ポケモンカードゲームDPt 拡張パック「アルセウス光臨」,DPt4-B,,2026-08-28 06:27:57.477209+00:00,,DP・DPtシリーズ,
bed03945-cd55-4c57-a719-efca1d216d9a,ポケモンカードゲームDPt 構築スタンダードデッキ「アルセウスLV.X雷＆超」,DPt4-Slp,,2026-08-28 06:27:57.625918+00:00,,DP・DPtシリーズ,
519974df-352f-47fe-a03f-04e3e551a5da,強化拡張パック「Pokémon GO」,S10b,,2026-08-28 06:28:00.573890+00:00,,ソード・シールド,
e7364633-fbf1-400c-8da2-63b129f42c38,拡張パック「ソード」,S1W,,2026-08-28 06:28:00.728080+00:00,,ソード・シールド,
7d28ee74-f539-44c6-9aa1-1af5bf6c65aa,拡張パック「反逆クラッシュ」,S2,,2026-08-28 06:28:00.881868+00:00,,ソード・シールド,
c82f1d3a-3f74-454a-9a22-8ee9ac53e4e8,拡張パック「ムゲンゾーン」,S3,,2026-08-28 06:28:01.032841+00:00,,ソード・シールド,
55532dfc-3744-4734-b6b3-db9157b43812,拡張パック「仰天のボルテッカー」,S4,,2026-08-28 06:28:01.184013+00:00,,ソード・シールド,
b8da2cc6-5a50-4b94-898d-bbb675e70c0a,強化拡張パック「双璧のファイター」,S5a,,2026-08-28 06:28:01.350530+00:00,,ソード・シールド,
a5d15549-ded8-4d73-b65e-0bbef85c7bcd,プレミアムトレーナーボックスMEGA,MA,,2026-08-28 06:27:59.634058+00:00,,MEGA,
a03cf4f4-346b-4efa-b38d-07bc1e615928,第3弾拡張パック 天空の覇者,ADV3,2003-06-25,2026-08-29 05:50:19.456404+00:00,ADV,ADV・PCGシリーズ,https://archives.bulbagarden.net/wiki/Special:Redirect/file/ADV3%20Rulers%20of%20the%20Heavens%20pack.jpg
d67a90e5-6bf3-4a5b-8181-26f09eca8a1b,拡張パック「蒼空ストリーム」,S7R,,2026-08-28 06:28:01.531405+00:00,,ソード・シールド,
f4152523-4bcf-4a36-ac50-28647c304731,25th ANNIVERSARY GOLDEN BOX,S8a-G,,2026-08-28 06:28:01.706627+00:00,,ソード・シールド,
757962fc-3d22-47ce-80b8-26115f4e3f9c,ポケモンカードゲームBW コンセプトパック「シャイニーコレクション」,SC,,2026-08-28 06:28:01.914577+00:00,,ソード・シールド,
d555a91e-ace5-4076-ad1a-c1f5c7b951b3,スターターセットVMAX　リザードン,SCS,,2026-08-28 06:28:02.094009+00:00,,ソード・シールド,
61b9e207-b5e9-4ad5-ae49-c129ef07460d,スターターセットVMAX フシギバナ,SEF,,2026-08-28 06:28:02.276463+00:00,,ソード・シールド,
9b1f8e00-7abd-4b6c-9567-1f0e83b03fa5,プレミアムトレーナーボックス ICHIGEKI、RENGEKI,SF,,2026-08-28 06:28:02.440555+00:00,,ソード・シールド,
d6f5837c-82f7-46b2-926b-54a487ad18a9,ハイクラスデッキ「インテレオンVMAX」,SGI,,2026-08-28 06:28:02.592965+00:00,,ソード・シールド,
f6f0ec70-b0da-469c-ba60-0917f8ff2b29,スタートデッキ100,SI,,2026-08-28 06:28:02.750715+00:00,,ソード・シールド,
733c4d4c-63c9-4e42-a9be-b4c3a53b711b,「プレミアムトレーナーボックス」,SM-XY,,2026-08-28 06:28:02.907451+00:00,,SMシリーズ,
20672802-91f9-40b4-909f-312ffba0dd5b,ポケモンカードゲームBW 拡張パック「ダークラッシュ」,BW4-B,,2026-08-28 06:27:53.898001+00:00,,BWシリーズ,
790d2460-b945-4a62-ac80-f5a10254b191,ポケモンカードゲームBW　拡張パック「リューズブラスト」,BW5-Brz,,2026-08-28 06:27:54.058874+00:00,,BWシリーズ,
b0253502-abfb-4157-a4fc-41821a8bd9f6,ポケモンカードゲームBW 拡張パック「フリーズボルト」,BW6-Bf,,2026-08-28 06:27:54.209549+00:00,,BWシリーズ,
3b23961b-060c-4eec-b215-11dcd659f7a9,ポケモンカードゲームBW 拡張パック「ラセンフォース」,BW8-Brf,,2026-08-28 06:27:54.362442+00:00,,BWシリーズ,
2f7aa653-531c-4744-b532-e3fead1dfa1f,ポケモンカードゲームBW 拡張パック「メガロキャノン」,BW9-B,,2026-08-28 06:27:54.523958+00:00,,BWシリーズ,
3dbfa2dd-907c-4835-afa7-b92ac2d1d0bd,ポケモンカードゲームDP 拡張パック「湖の秘密」,DP2,,2026-08-28 06:27:55.624305+00:00,,DP・DPtシリーズ,
68a851d2-54fd-493b-a149-cb7873f08a32,ポケモンカードゲームDP 拡張パック「夜明けの疾走」,DP4,,2026-08-28 06:27:55.780581+00:00,,DP・DPtシリーズ,
9fd91904-0144-4174-843f-dbd951cdd2ea,明治製菓「ポケモンチョコスナック 第8弾」おまけカード2008年3月,DPP,,2026-08-28 06:27:55.934903+00:00,,プロモ,
a14d0e90-4698-4e87-b9b1-2911b6a72e36,ポケモンカードゲームDP 対戦スターターパック「ギラティナVSディアルガ」(ディアルガデッキ),DPs-Sd,,2026-08-28 06:27:56.108017+00:00,,DP・DPtシリーズ,
d0395221-8e48-4064-a138-2d818bc22d3d,ポケモンカードゲームDPt エントリーパック(ディアルガデッキ),DPt-EPd,,2026-08-28 06:27:56.280730+00:00,,DP・DPtシリーズ,
b9fcfb5e-91ff-457d-95bd-e7fd66b0ce5a,ポケモンカードゲームDPt エントリーパック(パルキアデッキ),DPt-EPp,,2026-08-28 06:27:56.427014+00:00,,DP・DPtシリーズ,
a2448dd7-ceca-439f-a8c3-016d3867caf1,ポケモンカードゲームDPtギフトボックス（ナエトルデッキ）,DPt-GBna,,2026-08-28 06:27:56.592106+00:00,,DP・DPtシリーズ,
93e0d97f-e497-44bb-ae2e-ca089a30cc20,ポケモンカードゲームDPtギフトボックス（ポッチャマデッキ）,DPt-GBpo,,2026-08-28 06:27:56.746467+00:00,,DP・DPtシリーズ,
51b6100b-6d17-46f3-8125-ec0f110b80d4,ポケモンカードゲームDPt 拡張パック「ギンガの覇道」,DPt1-B,,2026-08-28 06:27:56.898866+00:00,,DP・DPtシリーズ,
ed547f6b-b2d5-4c80-a4de-dc97a8da7bbb,ポケモンカードゲームDPt 対戦スターターパックSP「ゴウカザルVSエルレイド」（エルレイドデッキ）,DPt2-Se,,2026-08-28 06:27:57.077549+00:00,,DP・DPtシリーズ,
da1a3e9d-2cc8-4a8a-be4d-c40e75825d91,ポケモンカードゲームDPt 拡張パック「フロンティアの鼓動」,DPt3-B,,2026-08-28 06:27:57.241153+00:00,,DP・DPtシリーズ,
d588cc21-ae9e-4081-84f8-7fc9861a1e21,ポケモンカードゲームDPt 対戦スターターパックSP「ガブリアスVSリザードン」（リザードンデッキ）,DPt3-Sl,,2026-08-28 06:27:57.396093+00:00,,DP・DPtシリーズ,
ca8606e8-5e38-487c-a395-ff5a4c3eda53,ポケモンカードゲームDPt 構築スタンダードデッキ「アルセウスLV.X草＆炎」,DPt4-Sgf,,2026-08-28 06:27:57.551130+00:00,,DP・DPtシリーズ,
f6893609-ebf8-437b-a6a8-9cf48aa6df76,ジム☆チャレンジ2009,DPtP,,2026-08-28 06:27:57.706903+00:00,,DP・DPtシリーズ,
b98bdccc-6122-463a-b28c-5d521e2c1410,ポケモンカードゲーム サン&ムーン「スターターセット改造「カプ・ブルルGX」」,SMC,,2026-08-28 06:28:03.073219+00:00,,SMシリーズ,
2d50e5bd-52eb-459d-b77e-7fea75585405,ポケモンカードゲーム サン＆ムーン スターターセット伝説「ソルガレオGX ルナアーラGX」,SME,,2026-08-28 06:28:03.227408+00:00,,SMシリーズ,
fd9a54c8-786f-4ca7-8759-df936d1e3b47,ポケモンカードゲーム サン&ムーン デッキビルドBOX「ウルトラムーン」,SMG,,2026-08-28 06:28:03.389395+00:00,,SMシリーズ,
2201afc3-a1ac-4a55-bac9-f9c89f1e396d,スターターセット「炎のブースターGX」,SMI,,2026-08-28 06:28:03.548847+00:00,,SMシリーズ,
5a4b835d-0235-4be2-9401-48d079eba101,ポケモンカードゲーム チャンピオンズリーグ2018,SMP,,2026-08-28 06:28:04.049179+00:00,,プロモ,
c6522ec9-d5e5-4d79-b9e6-68f4e2fa2ac7,ムービースペシャルパック「名探偵ピカチュウ」,SMP2,,2026-08-28 06:28:04.206645+00:00,,SMシリーズ,
ec92a963-3bd6-466b-8100-fd62088805ad,ポケモンカードゲームXY BREAK 進化パック「ライチュウBREAK」,SNPr,,2026-08-28 06:28:04.358460+00:00,,ソード・シールド,
22f4adbe-de74-45a3-aca0-8280835d2063,「ザシアン＋ザマゼンタBOX」,SP1,,2026-08-28 06:28:04.526895+00:00,,ソード・シールド,
1962db4f-a262-488a-8430-7dc2df687e0c,スペシャルカードセット ミュウツーV-UNION、ゲッコウガV-UNION、ザシアンV-UNION,SP5,,2026-08-28 06:28:04.680293+00:00,,ソード・シールド,
33b94e3c-7107-4986-aefb-25b7d168b2bf,スターターセットex ニャオハ＆ルカリオex,SVAM,,2026-08-28 06:28:04.834409+00:00,,SVシリーズ,
3f9da1bc-73f7-4a5b-a48a-76b66b155e10,プレミアムトレーナーボックスex,SVB,,2026-08-28 06:28:04.987208+00:00,,SVシリーズ,
fa4fdd05-681a-47a0-be0a-20b019ebb52c,exスタートデッキ,SVD,,2026-08-28 06:28:05.149208+00:00,,SVシリーズ,
40e8b9b0-dd80-4134-a824-665f698114f8,スターターセット テラスタル「ミュウツーex」「ラウドボーンex」,SVEM,,2026-08-28 06:28:05.298441+00:00,,SVシリーズ,
487d846d-b055-4f79-86e8-64730f225c6c,スペシャルデッキセットex フシギバナ・リザードン・カメックス,SVG,,2026-08-28 06:28:05.456192+00:00,,SVシリーズ,
598cb6cf-d8c6-4f1e-b257-d3fac4134bf3,スターターデッキ＆ビルドセット「未来のミライドンex」,SVHM,,2026-08-28 06:28:05.608508+00:00,,SVシリーズ,
bdf939d9-7a1d-4109-8a6f-59660dc67d0d,バトルマスターデッキテラスタルリザードンex,SVJL,,2026-08-28 06:28:05.758363+00:00,,SVシリーズ,
4234424b-a5fb-4a85-872e-07cc9a8845de,スタートデッキ Generations,SVM,,2026-08-28 06:28:05.912289+00:00,,SVシリーズ,
0639e5d3-e70d-42a8-be94-1176667230a2,強化拡張パックex1 マグマVSアクア ふたつの野望,ADV4,2003-10-24,2026-08-29 06:08:54.959922+00:00,ADV,ADV・PCGシリーズ,https://archives.bulbagarden.net/wiki/Special:Redirect/file/Ex1%20Magma%20VS%20Aqua%20Two%20Ambitions%20pack.jpg
542b66c8-7c21-4bdb-affe-8f231b7ce8a6,スターターセットex ダイゴのダンバル＆メタグロスex,SVOD,,2026-08-28 06:28:06.067673+00:00,,SVシリーズ,
9decbd91-1215-4254-8795-0835a9c601a7,exスペシャルセット,SVP1,,2026-08-28 06:28:06.219721+00:00,,SVシリーズ,
a0688785-c0ff-43fa-84fa-48d14432b701,ハイクラスパック「THE BEST OF XY」,XY,,2026-08-28 06:28:06.711105+00:00,,XYシリーズ,
7232c008-006b-4250-8b7a-d6e96202a657,拡張パック「タイムゲイザー」,S10D,,2026-08-28 06:28:00.489227+00:00,,ソード・シールド,
92b1b2b5-1413-4667-96da-f6302db14a80,拡張パック「シールド」,S1H,,2026-08-28 06:28:00.650493+00:00,,ソード・シールド,
692e5d4f-0da6-4011-a12c-ffdb1309cba4,強化拡張パック「VMAXライジング」,S1a,,2026-08-28 06:28:00.805079+00:00,,ソード・シールド,
34f34ce8-d9b4-4c63-9460-a26290607bc5,強化拡張パック「爆炎ウォーカー」,S2a,,2026-08-28 06:28:00.956743+00:00,,ソード・シールド,
5ef17897-aa4b-47b6-ba3f-437267d27a85,強化拡張パック「伝説の鼓動」,S3a,,2026-08-28 06:28:01.107783+00:00,,ソード・シールド,
db89ab0e-03c2-433a-bbc0-771d17066a54,拡張パック「連撃マスター」,S5R,,2026-08-28 06:28:01.265614+00:00,,ソード・シールド,
a29ec842-6bdb-4f63-9b66-6d63ca4e67cf,強化拡張パック「イーブイヒーローズ」,S6a,,2026-08-28 06:28:01.436909+00:00,,ソード・シールド,
798983eb-5b45-49ab-b90a-339a8fd22b4a,拡張パック「25th ANNIVERSARY COLLECTION」,S8a,,2026-08-28 06:28:01.609517+00:00,,ソード・シールド,
79161f5d-a8a7-4eed-ae2c-2313a071f9be,プレミアムトレーナーボックス ソード＆シールド,SB,,2026-08-28 06:28:01.817165+00:00,,ソード・シールド,
5a852d95-0fe0-43c0-b84b-860fb52ec41d,スターターセットVMAX リザードン,SC2,,2026-08-28 06:28:02.007903+00:00,,ソード・シールド,
37cd007a-3c49-46f8-a7d7-5e65194bf84e,Vスタートデッキ無色　イーブイ,SD,,2026-08-28 06:28:02.189541+00:00,,ソード・シールド,
b19defcd-5894-43b1-8d5c-243f1a02aefe,スターターセットVMAX カメックス,SEK,,2026-08-28 06:28:02.366238+00:00,,ソード・シールド,
259f0e66-c9f7-4fa0-909c-b6c3006b37b8,ハイクラスデッキ「ゲンガーVMAX」,SGG,,2026-08-28 06:28:02.517268+00:00,,ソード・シールド,
7225534a-6b50-418a-8daa-7b743bf1217a,ファミリーポケモンカードゲーム,SH,,2026-08-28 06:28:02.669398+00:00,,ソード・シールド,
8bc045bb-5781-467b-989c-fad87ddfa2e2,第4弾拡張パック とかれた封印,ADV5,2004-01-16,2026-08-29 06:09:19.387449+00:00,ADV,ADV・PCGシリーズ,https://archives.bulbagarden.net/wiki/Special:Redirect/file/ADV4%20Undone%20Seal%20pack.jpg
fac01baf-ad7e-4762-8184-1f9a6314a25b,拡張パック 伝説の飛翔,PCG1,2004-04-09,2026-08-28 04:31:01.447878+00:00,PCG,ADV・PCGシリーズ,https://archives.bulbagarden.net/wiki/Special:Redirect/file/PCG1%20Flight%20of%20Legends%20pack.jpg
047ab5a9-d857-458a-81ee-2f17dd134eb4,拡張パック 蒼空の激突,PCG2,2004-07-01,2026-08-28 04:31:01.729218+00:00,PCG,ADV・PCGシリーズ,https://archives.bulbagarden.net/wiki/Special:Redirect/file/PCG2%20Clash%20of%20the%20Blue%20Sky%20pack.jpg
46e545ae-6687-4e6a-8478-8cb9f622f6fb,拡張パック ロケット団の逆襲,PCG3,2004-10-15,2026-08-28 04:31:02.004405+00:00,PCG,ADV・PCGシリーズ,https://archives.bulbagarden.net/wiki/Special:Redirect/file/PCG3%20Rocket%20Gang%20Strikes%20Back%20pack.jpg
79de8102-f556-4f51-b67b-226974cd588d,拡張パック 金の空、銀の海,PCG4,2005-04-08,2026-08-28 04:31:02.263899+00:00,PCG,ADV・PCGシリーズ,https://archives.bulbagarden.net/wiki/Special:Redirect/file/PCG4%20Golden%20Sky%20Silvery%20Ocean%20pack.jpg
d67bbaa7-f76c-420c-a7f9-6e4d1afb8040,拡張パック まぼろしの森,PCG5,2005-06-30,2026-08-28 04:31:02.529343+00:00,PCG,ADV・PCGシリーズ,https://archives.bulbagarden.net/wiki/Special:Redirect/file/PCG5%20Mirage%20Forest%20pack.jpg
e345368c-6502-442b-8aa8-61fc464a23e7,メガ プロモカード,M-P,2025-07-28,2026-08-28 04:30:56.652150+00:00,M,プロモ,
4f1fc0e6-efe0-4d2a-be0e-c2ff7d95bd8c,金、銀、新世界へ...,neo1,2000-02-04,2026-08-28 04:31:00.433109+00:00,neo,旧裏・e・VS,
4232e164-da34-45cf-bb52-a027e0ec7b2c,遺跡をこえて...,neo2,2000-07-07,2026-08-28 04:31:00.688646+00:00,neo,旧裏・e・VS,
4ed51809-a743-4ed4-8a83-342e55ad4f5f,めざめる伝説,neo3,2000-11-23,2026-08-28 04:31:00.940621+00:00,neo,旧裏・e・VS,
1c1a1180-1e54-4bf3-8190-aae30760405a,闇、そして光へ...,neo4,2001-04-20,2026-08-28 04:31:01.178488+00:00,neo,旧裏・e・VS,
3bf48092-68bf-4b4f-9e2f-7aab8ea7e83e,スペシャルデッキセット ザシアン・ザマゼンタ vs ムゲンダイナ,SJ,,2026-08-28 06:28:02.828414+00:00,,ソード・シールド,
cad53c76-f4d3-43d3-b9ca-b1ab9ab6b74c,ポケモンカードゲーム サン&ムーン 「スターターセット草 ジュナイパーGX」,SMA,,2026-08-28 06:28:02.987899+00:00,,SMシリーズ,
0f0b8f32-db0e-4bf1-9a12-e6692554debb,ポケモンカードゲームXY 拡張パック「コレクションY」,XY1-By,,2026-08-28 06:28:06.875851+00:00,,XYシリーズ,
54b86786-a897-44ce-9b70-68714bd0f345,ポケモンカードゲームXY BREAK 拡張パック「爆熱の闘士」,XY11-Bb,,2026-08-28 06:28:07.033173+00:00,,XYシリーズ,
6ba347c2-db70-4a00-bd67-01f48ceff2f5,ポケモンカードゲームXY 拡張パック「ワイルドブレイズ」,XY2,,2026-08-28 06:28:07.199742+00:00,,XYシリーズ,
c5895636-5372-42da-a880-777a0a52416a,ポケモンカードゲームXY 拡張パック「ファントムゲート」,XY4,,2026-08-28 06:28:07.360206+00:00,,XYシリーズ,
a03039bf-3a15-4b15-9d4f-634488fa9e48,ポケモンカードゲームXY 拡張パック「タイダルストーム」,XY5-Bt,,2026-08-28 06:28:07.515547+00:00,,XYシリーズ,
705e526d-2388-4abf-987e-3f6d015e536a,ポケモンカードゲームXY 拡張パック「エメラルドブレイク」,XY6-B,,2026-08-28 06:28:07.684846+00:00,,XYシリーズ,
523bcbf0-8655-4701-9a72-c82b0b0ca55e,ポケモンカードゲームXY 拡張パック「バンデットリング」,XY7-B,,2026-08-28 06:28:07.840373+00:00,,XYシリーズ,
ef6bc45c-08a8-4349-8017-1717b108d3c8,ポケモンカードゲームXY BREAK　拡張パック「赤い閃光」,XY8-Br,,2026-08-28 06:28:07.991836+00:00,,XYシリーズ,
28315e22-5885-4440-aa0d-81a8d9716dc6,ポケモンカードゲームXY メガバトルデッキ60「リザードンEX」,XYA,,2026-08-28 06:28:08.143140+00:00,,XYシリーズ,
ecaea609-ab89-4eb0-aa2e-d0d7fab738d4,ポケモンカードゲームXY スーパーレジェンドセット60「ゼルネアスEX・イベルタルEX」,XYC,,2026-08-28 06:28:08.295559+00:00,,XYシリーズ,
c0245308-aae6-4388-b35e-7689b1474012,ポケモンカードゲームXY 対戦スタートセット30「エンブオーEX VS トゲキッスEX」,XYE,,2026-08-28 06:28:08.453645+00:00,,XYシリーズ,
c30e7880-7111-4fd4-9dfb-613549500b15,メガブレイブ,M1L,2025-08-01,2026-08-28 04:30:56.930539+00:00,M,MEGA,
bb5ea6a8-b589-4396-acf7-cc1e3f8dc700,拡張パック ホロンの研究塔,PCG6,2005-10-28,2026-08-28 04:31:02.786007+00:00,PCG,ADV・PCGシリーズ,https://archives.bulbagarden.net/wiki/Special:Redirect/file/PCG6%20Holon%20Research%20Tower%20pack.jpg
3ce9972f-bcba-446b-a9db-53f20f80398e,拡張パック ホロンの幻影,PCG7,2006-01-27,2026-08-28 04:31:03.044661+00:00,PCG,ADV・PCGシリーズ,https://archives.bulbagarden.net/wiki/Special:Redirect/file/PCG7%20Holon%20Phantom%20pack.jpg
2193cd1a-da9a-4dd1-842b-685b15b64583,拡張パック きせきの結晶,PCG8,2006-03-10,2026-08-28 04:31:03.285783+00:00,PCG,ADV・PCGシリーズ,https://archives.bulbagarden.net/wiki/Special:Redirect/file/PCG8%20Miracle%20Crystal%20pack.jpg
87fe2833-504e-4df5-aae8-e697d7a3d91b,拡張パック さいはての攻防,PCG9,2006-06-29,2026-08-28 04:31:03.538936+00:00,PCG,ADV・PCGシリーズ,https://archives.bulbagarden.net/wiki/Special:Redirect/file/PCG9%20Offense%20Defense%20Furthest%20Ends%20pack.jpg
ccb5303d-2ad6-46bb-a85d-e1a1f9993171,ADV-P プロモーションカード,ADVP,,2026-08-29 06:28:10.864522+00:00,ADV,ADV・PCGシリーズ,
c2ae6d9b-49ea-4dc5-b574-b06ae7174c2e,S-P,S-P,,2026-08-28 04:31:05.311368+00:00,S,プロモ,
ac4bd1e4-8677-41ee-987f-f668501718a1,PCG-P プロモーションカード,PCGP,,2026-08-29 06:28:22.150633+00:00,PCG,ADV・PCGシリーズ,
87789899-88a8-4a22-81d5-44cb932626af,ワイルドフォース,SV5K,2024-01-26,2026-08-28 04:31:25.820732+00:00,SV,SVシリーズ,
c89cc58d-42ed-4213-9651-cb9ba0b4b513,ポケモンカードゲームXY BREAK パーフェクトバトルデッキ60「ジガルデEX」,XYG,,2026-08-28 06:28:08.608611+00:00,,XYシリーズ,
1f7858f8-42a8-489a-b714-940aa2ff3411,プロモーションカードパック（2016/11）,XYP,,2026-08-28 06:28:08.768768+00:00,,プロモ,
0dbeeeb1-7c7d-4568-a13e-5d7b7014996c,ポケモンカードゲーム サン＆ムーン 30枚デッキ対戦セット「サトシVSロケット団」,SMD,,2026-08-28 06:28:03.149549+00:00,,SMシリーズ,
41235d5a-7736-459d-975c-99796cbc344f,ポケモンカードゲーム サン&ムーン  プレミアムトレーナーボックス ウルトラサン・ウルトラムーン,SMF,,2026-08-28 06:28:03.310571+00:00,,SMシリーズ,
0556ed71-9979-4e4e-9dd4-b7e804d178be,プレミアムトレーナーボックス VSTAR,SK,,2026-08-28 04:31:09.836896+00:00,S,ソード・シールド,
37d12ef0-6a6c-4af8-a2a2-e12155105598,プレミアムトレーナーボックス TAG TEAM GX,SMJ,,2026-08-28 06:28:03.652267+00:00,,SMシリーズ,
1e73b75d-2759-41ee-b2da-2fc72d3f2e66,「ファミリーポケモンカードゲーム」,SML,,2026-08-28 06:28:03.815328+00:00,,SMシリーズ,
d517f358-1f62-44aa-aeb2-ade2a7cea604,デッキビルドBOX「TAG TEAM GX」,SMN,,2026-08-28 06:28:03.971225+00:00,,SMシリーズ,
c57c55fa-900b-4f7f-8556-1e9f76af659f,月刊コロコロコミック　2017年1月号付録「イワンコ全力デッキ」,SMP1,,2026-08-28 06:28:04.124940+00:00,,SMシリーズ,
60cfcd99-9818-4d22-9aee-ad11d01e1521,ポケモンカードゲームXY BREAK 進化パック「オンバーンBREAK」,SNPo,,2026-08-28 06:28:04.282270+00:00,,ソード・シールド,
1f1159d9-179c-4492-ba61-8766edef7086,スペシャルデッキセット リザードンVSTAR vs レックウザVMAX,SO,,2026-08-28 06:28:04.445835+00:00,,ソード・シールド,
79d7b6eb-40f1-4ceb-bc9d-3c6a95d28549,ジャンボパックセット 白銀のランス＆漆黒のガイスト,SP3,,2026-08-28 06:28:04.602701+00:00,,ソード・シールド,
e97372c9-3f91-4a4d-825a-7a05c5e8551e,スターターセットex ホゲータ＆デンリュウex,SVAL,,2026-08-28 06:28:04.754695+00:00,,SVシリーズ,
10672e42-ee26-494b-806f-6ed997960b66,スターターセットex クワッス＆ミミッキュex,SVAW,,2026-08-28 06:28:04.910204+00:00,,SVシリーズ,
bcac3e9a-64ca-4230-831d-76dc59ae9c89,スターターセットex ピカチュウex&パーモット,SVC,,2026-08-28 06:28:05.064852+00:00,,SVシリーズ,
a113ccfa-1c92-450e-9492-fa23e0114247,スターターセット テラスタル「ミュウツーex」「ラウドボーンex」,SVEL,,2026-08-28 06:28:05.222578+00:00,,SVシリーズ,
2fe01ffc-66f9-494b-968c-8c5547e265c0,デッキビルドBOX 黒炎の支配者,SVF,,2026-08-28 06:28:05.376647+00:00,,SVシリーズ,
15e2acb1-274a-4bd5-9675-91614d9a063b,スターターデッキ＆ビルドセット「古代のコライドンex」,SVHK,,2026-08-28 06:28:05.531380+00:00,,SVシリーズ,
54ed94c5-7583-4652-9d8d-e07e6a609e43,バトルアカデミー,SVI,,2026-08-28 06:28:05.683116+00:00,,SVシリーズ,
8ffd7472-04dd-4240-ae1d-ccb91666b2c3,バトルマスターデッキパオジアンex,SVJP,,2026-08-28 06:28:05.836575+00:00,,SVシリーズ,
e37676ce-c650-4693-b8ac-ad52eea418a2,デッキビルドBOX「バトルパートナーズ」,SVN,,2026-08-28 06:28:05.989846+00:00,,SVシリーズ,
b42030c0-3702-41e1-b649-a790ce1e1ad1,スターターセットex マリィのモルペコ＆オーロンゲex,SVOM,,2026-08-28 06:28:06.145169+00:00,,SVシリーズ,
d01a8961-c09d-4f07-9b7b-8b72852e763e,ポケモンカードゲームBW 「サザンドラデッキ30」,SZD,,2026-08-28 06:28:06.296121+00:00,,ソード・シールド,
1e661884-d040-47cb-bdf0-f160771af6e1,ポケモンカードゲームXY 拡張パック「コレクションX」,XY1-Bx,,2026-08-28 06:28:06.790482+00:00,,XYシリーズ,
738567d0-701f-448b-bba6-70a6b90dbcc4,ポケモンカードゲームXY BREAK 拡張パック「めざめる超王」,XY10-B,,2026-08-28 06:28:06.956136+00:00,,XYシリーズ,
ab56c33c-dbd8-43eb-aa6d-d6c230e5ccd2,ポケモンカードゲームXY BREAK 拡張パック「冷酷の反逆者」,XY11-Br,,2026-08-28 06:28:07.115867+00:00,,XYシリーズ,
18513f31-8b41-4783-9b7b-43ea49365192,ポケモンカードゲームXY 拡張パック「ライジングフィスト」,XY3,,2026-08-28 06:28:07.284366+00:00,,XYシリーズ,
e249c6c7-6f19-4de0-b421-1d7bce8e588d,ポケモンカードゲームXY 拡張パック「ガイアボルケーノ」,XY5-Bg,,2026-08-28 06:28:07.434651+00:00,,XYシリーズ,
75574306-ef8d-4e8e-b8a5-5d485286a968,ポケモンカードゲームXY 拡張パック「エメラルドブレイク」,XY6,,2026-08-28 06:28:07.598506+00:00,,XYシリーズ,
e19dcfd0-93f5-498e-bc42-b724ceb38c83,ポケモンカードゲームXY 拡張パック「バンデットリング」,XY7,,2026-08-28 06:28:07.762938+00:00,,XYシリーズ,
e2a21580-e660-4e87-921d-56dea35352aa,ポケモンカードゲームXY BREAK　拡張パック「青い衝撃」,XY8-Bb,,2026-08-28 06:28:07.916522+00:00,,XYシリーズ,
76c58458-b473-4806-9bb6-903a2d2a9b45,ポケモンカードゲームXY BREAK　拡張パック「破天の怒り」,XY9-B,,2026-08-28 06:28:08.069381+00:00,,XYシリーズ,
daf88047-59ed-4973-be27-77b18f6412fa,ポケモンカードゲームXY ハイパーメタルチェーンデッキ60「ディアルガEX+ギルガルドEX」,XYB,,2026-08-28 06:28:08.218522+00:00,,XYシリーズ,
eb361b26-23e5-4079-aa0f-e070d62a7fbe,ポケモンカードゲームXY メガバトルデッキ60「レックウザEX」,XYD,,2026-08-28 06:28:08.373488+00:00,,XYシリーズ,
64bb61c5-f822-4642-b873-e986c7551bf7,ポケモンカードゲームXY BREAK コンボデッキ60「ゴルダックBREAK+パルキアEX」,XYF,,2026-08-28 06:28:08.532251+00:00,,XYシリーズ,
3cee07f9-f0d3-4c69-b371-d3ad02b80ba7,ポケモンカードゲームXY BREAK メガバトルデッキ60「メガタブンネEX」,XYH,,2026-08-28 06:28:08.685367+00:00,,XYシリーズ,
8c4fd439-6cf1-4019-bc0d-cb884bd15126,トレーナーバトルデッキ「ニビシティジムのタケシ」「ハナダシティジムのカスミ」,SMK,,2026-08-28 06:28:03.735257+00:00,,SMシリーズ,
490eef10-bea0-434e-ae28-b67ca13d9002,GXスタートデッキ,SMH,,2026-08-28 06:28:03.464854+00:00,,SMシリーズ,
f1e926cc-29d1-4214-b949-836beb3a827c,スターターセット TAG TEAM GX 「エーフィ&デオキシスGX」「ブラッキー&ダークライGX」,SMM,,2026-08-28 06:28:03.894257+00:00,,SMシリーズ,
0a008860-daf5-4497-b976-978449f65503,スターターセットMEGA メガゲンガーex,MBG,,2026-08-28 06:27:59.796872+00:00,,MEGA,
734f7b12-b2dd-48ec-8e45-b667032261e6,スターターセットMEGA メガディアンシーex,MBD,,2026-08-28 06:27:59.719353+00:00,,MEGA,
bd005955-f682-4cb1-9d2e-a7af42f71b4b,メガシンフォニア,M1S,2025-08-01,2026-08-28 04:30:57.208419+00:00,M,MEGA,
694c02bd-f100-45df-ae4e-eb80ad7d2cbd,インフェルノX,M2,2025-09-26,2026-08-28 04:30:57.464510+00:00,M,MEGA,
f6fba224-9def-4ba0-9e41-0b76aed757db,MEGAドリームex,M2a,2025-11-28,2026-08-28 04:30:57.746275+00:00,M,MEGA,
a856a990-42a6-4ac4-9f8a-7c44b14cfebd,ムニキスゼロ,M3,2026-01-23,2026-08-28 04:30:58.222091+00:00,M,MEGA,
0fb743d4-a317-4f8e-953d-f4fc7900cf2f,ニンジャスピナー,M4,2026-03-13,2026-08-28 04:30:58.486713+00:00,M,MEGA,
2c00e444-04af-4669-9926-4e06e75b64d9,アビスアイ,M5,2026-05-22,2026-08-28 04:30:58.753814+00:00,M,MEGA,
1cabcc82-3884-4219-91d6-4263d5306900,ストームエメラルダ,M6,2026-07-31,2026-08-28 04:30:59.018570+00:00,M,MEGA,
93e61ce3-79e1-4268-8463-63ac8deba67d,スタートデッキ100 バトルコレクション,MC,2025-12-19,2026-08-28 04:30:59.294826+00:00,M,MEGA,
b065b256-b583-4356-94a0-abfcfa26268f,スタートデッキ ころちゃお,,,2026-08-28 11:46:23.047203+00:00,,MEGA,
70f384b3-9fd8-4c93-95b7-3c88a085cb2e,ポケモンカードゲーム バトルスタートデッキ ライチュウ,Br,,2026-08-28 06:27:54.752315+00:00,,LEGEND,
f97d760b-1ab9-4559-8c8c-7b07fd63a662,ポケモンカードゲーム エキスパートデッキ リーフィアVSメタグロス ＋Online（メタグロスデッキ）,Em,,2026-08-28 06:27:57.936560+00:00,,LEGEND,
2ce9a348-881b-4a26-954e-0a297279798a,ポケモンカードゲームLEGEND 拡張パック「ハートゴールドコレクション」,L1-Bhg,,2026-08-28 06:27:59.019581+00:00,,LEGEND,
7274cc51-bccb-478f-9965-864a4e6a90f5,ポケモンカードゲームLEGEND 拡張パック「よみがえる伝説」,L2-B,,2026-08-28 06:27:59.175264+00:00,,LEGEND,
dc59c1e5-c320-433e-a6b7-7212231dad8a,ポケモンカードゲームLEGEND 構築スタンダードデッキ「ハガネール鋼」,L2-Sh,,2026-08-28 06:27:59.330042+00:00,,LEGEND,
e64b1466-e09a-412b-9249-eeae33ea25bc,ポケモンカードゲーム 強化パック「ロストリンク」,LL,,2026-08-28 06:27:59.481476+00:00,,LEGEND,
432bcf43-68cb-4d8c-9f4d-0c152211965f,ジム☆チャレンジ2009,LP,,2026-08-28 06:27:59.557717+00:00,,LEGEND,
cf359bbb-24dd-4e82-b521-18240115195c,ポケモンカードゲーム バトルスタートデッキ カメックス,Bk,,2026-08-28 06:27:54.676894+00:00,,LEGEND,
1d006317-621e-412f-a6de-9a1eba905d56,ポケモンカードゲーム エキスパートデッキ リーフィアVSメタグロス ＋Online（リーフィアデッキ）,El,,2026-08-28 06:27:57.860036+00:00,,LEGEND,
ff9e6f26-fa56-4083-aca8-4e0865d09c47,ポケモンカードゲームLEGEND 拡張パック「ソウルシルバーコレクション」,L1-Bss,,2026-08-28 06:27:59.098394+00:00,,LEGEND,
3c45dae8-6f89-40eb-b9b1-418e8591452e,ポケモンカードゲームLEGEND 構築スタンダードデッキ「バンギラス悪」,L2-Sb,,2026-08-28 06:27:59.254755+00:00,,LEGEND,
29469b40-33dc-4094-8c1e-9ca9c8f1a60a,ポケモンカードゲームLEGEND 拡張パック「頂上大激突」,L3-B,,2026-08-28 06:27:59.407013+00:00,,LEGEND,
b4ec9db1-45d1-4569-a866-4099d2759933,ポケモンカードゲーム　コレクションパック　レジギガスLV.X,CPr,,2026-08-28 06:27:55.212096+00:00,,DP・DPtシリーズ,
0f938ce1-26c0-4b76-a840-9bde93798ec9,映画公開記念　プレミアムシート2008,MPS08,,2026-08-28 06:28:00.108866+00:00,,DP・DPtシリーズ,
5a6e4b2d-57d7-45be-ab79-fe778e45b2f5,ポケモンカードゲーム　コレクションパック　ミュウツーLV.X,CPm,,2026-08-28 06:27:55.135698+00:00,,DP・DPtシリーズ,
2ba54803-0e94-47c3-ad6a-95035549cc94,ポケモンカードゲーム　コレクションパック　シェイミLV.X,CPs,,2026-08-28 06:27:55.292223+00:00,,DP・DPtシリーズ,
f8c5fb67-f6ed-4f6e-a83b-8bf44d3096f4,"第5期プレイヤーズけいけんち2,000～2,900EXPプレゼントカード",PPP,,2026-08-28 06:28:00.336425+00:00,,DP・DPtシリーズ,
80bafe30-b936-4474-87c8-2bea79d320a4,ポケモンワールドチャンピオンシップス2023横浜 記念デッキ「ピカチュウ」,WCS23,,2026-08-28 06:28:06.543855+00:00,,SVシリーズ,
822453a9-361a-478e-a7fa-b953876a50b3,ポケモンカードゲームXY BREAK 「ポケットモンスターカードゲーム スターターパック」,20th,,2026-08-28 06:27:52.465167+00:00,,XYシリーズ,
a4b22717-7318-403a-8743-77bfda0624d7,ポケモンカードゲームXY BREAK プレミアムチャンピオンパック「EX×M×BREAK」,CP4,,2026-08-28 06:27:54.902644+00:00,,XYシリーズ,
13ac4f0e-0e0f-4ab3-9fa0-933a49903236,ポケモンカードゲームXY BREAK コンセプトパック「ポケットモンスターカードゲーム 拡張パック 20th Anniversary」,CP6,,2026-08-28 06:27:55.060810+00:00,,XYシリーズ,
f9b57fb2-3ede-44a3-b2b7-f9b2bd5a9e0b,ポケモンカードゲームXY 「メガマスターデッキビルドBOX パワースタイル」,MMB-P,,2026-08-28 06:27:59.951321+00:00,,XYシリーズ,
5f734794-2cd7-4671-b390-7a1f33222268,ポケモンカードゲームXY BREAK コンセプトパック「ポケキュンコレクション」,CP3,,2026-08-28 06:27:54.829962+00:00,,XYシリーズ,
905e9463-b7ea-4ce1-9b8d-6ecd68b302ce,ポケモンカードゲームXY BREAK コンセプトパック「幻・伝説ドリームキラコレクション」,CP5,,2026-08-28 06:27:54.981020+00:00,,XYシリーズ,
afc4e240-4a24-4037-b1fa-e7af9c14bba4,ポケモンカードゲームXY はじめてセット,HXY,,2026-08-28 06:27:58.789465+00:00,,XYシリーズ,
3bcc32d1-0cc8-4fea-af1e-8fa739e8c95d,ポケモンカードゲームXY 「メガマスターデッキビルドBOX スピードスタイル」,MMB-S,,2026-08-28 06:28:00.028213+00:00,,XYシリーズ,
cbbbd49a-cc8b-4bbe-83f2-29ebc09f25e3,マグマ団VSアクア団 ダブルクライシス,CP1,2015-01-30,2026-08-28 04:30:54.805524+00:00,XY,XYシリーズ,
da8834cb-2787-4c61-83c5-8ec8bc913a8a,伝説キラコレクション,CP2,2015-07-18,2026-08-28 04:30:55.071135+00:00,XY,XYシリーズ,
fa67111e-9be0-46cd-a88e-caea786d172e,ポケモンカードゲームXY 「ゼルネアスデッキ30」,X30,,2026-08-28 06:28:06.628405+00:00,,XYシリーズ,
3080bd54-93bd-4dad-9eef-7d6873e21fa1,ポケモンカードゲームXY 「イベルタルデッキ30」,Y30,,2026-08-28 06:28:08.862691+00:00,,XYシリーズ,
aa1650a8-2853-4ae0-b793-f6410516e06b,ポケモンカードゲーム 20th アニバーサリーフェスタ,,2016-10-10,2026-08-28 08:29:35.095785+00:00,,XYシリーズ,
40ec578a-ec0b-451c-a35f-b04235a93a32,ポケモンカードゲームBW バトルギフトセット「ボルトロスVSトルネロス」 （トルネロスデッキ）,BGSt,,2026-08-28 06:27:52.556170+00:00,,BWシリーズ,
dae17923-0c7c-4284-879c-826b529e970c,ポケモンカードゲームBW バトルギフトセット「ボルトロスVSトルネロス」 （ボルトロスデッキ）,BGSv,,2026-08-28 06:27:52.632689+00:00,,BWシリーズ,
53842470-3bf2-47c2-95fb-38fd74a60300,ポケモンカードゲームBW バトル強化デッキ60「ブラックキュレムEX」,BKB,,2026-08-28 06:27:52.731764+00:00,,BWシリーズ,
14e769cf-b7ff-4c5d-899c-223df4a09cb9,ポケモンカードゲームBW バトル強化デッキ60「レシラムEX」,BKR,,2026-08-28 06:27:52.808131+00:00,,BWシリーズ,
58f6dcfe-1da3-470b-8d10-a4dfe9a235ee,ポケモンカードゲームBW バトル強化デッキ60「ホワイトキュレムEX」,BKW,,2026-08-28 06:27:52.886251+00:00,,BWシリーズ,
f8cd910c-8e78-4a4a-80d5-0467adfc8ce9,ポケモンカードゲームBW バトル強化デッキ60「ゼクロムEX」,BKZ,,2026-08-28 06:27:52.964996+00:00,,BWシリーズ,
06d75e9b-c3c2-4c20-8f62-1800b6c6ed1b,ポケモンカードゲームBW バトル強化デッキ コバルオン,BKc,,2026-08-28 06:27:53.049196+00:00,,BWシリーズ,
c36fd29c-51d7-4fad-ac7b-f238870e4307,ポケモンカードゲームBW バトル強化デッキ テラキオン,BKt,,2026-08-28 06:27:53.126642+00:00,,BWシリーズ,
01f9f42d-01d4-4f9d-81c7-1387791c71aa,ポケモンカードゲームBW バトル強化デッキ ビリジオン,BKv,,2026-08-28 06:27:53.202058+00:00,,BWシリーズ,
6d1ae7c3-64c4-4912-8211-d7b16e114f98,ポケモンカードゲームBW バトルテーマデッキ「ビクティニ」,BTV,,2026-08-28 06:27:53.280203+00:00,,BWシリーズ,
22b27a8f-adcc-4806-afd4-f6cdf8afba1f,ポケモンカードゲームBW コレクションシート 旅立ちの仲間 ミジュマル,CS1m,,2026-08-28 06:27:55.369173+00:00,,BWシリーズ,
853adb35-1890-4fd2-9969-7ab871a0570a,ポケモンカードゲームBW 拡張パック「ドラゴンセレクション」,DS,,2026-08-28 06:27:57.784429+00:00,,BWシリーズ,
ee41c22d-f9ce-4255-8594-5f6f32940f1a,ポケモンカードゲームBW はじめてセット ピカチュウver. （ミジュマルデッキ）,HSPm,,2026-08-28 06:27:58.094859+00:00,,BWシリーズ,
5324894c-b35f-4b10-8075-0696be8905d7,ポケモンカードゲームBW はじめてセット ピカチュウver. （ツタージャデッキ）,HSPt,,2026-08-28 06:27:58.246619+00:00,,BWシリーズ,
b9af8be1-6c92-484f-a9c8-cd676894021c,ポケモンカードゲームBW はじめてセット 全国図鑑版 （ポカブデッキ）,HSZp,,2026-08-28 06:27:58.398929+00:00,,BWシリーズ,
cb17bd4f-d22a-49d6-9f46-f9fd39c72dc2,ポケモンカードゲームBW はじめてセット forガール （ミジュマルデッキ）,HSm,,2026-08-28 06:27:58.557015+00:00,,BWシリーズ,
2e1756b9-e1c7-40a4-979f-bd135ed7bf79,ポケモンカードゲームBW はじめてセット forガール （ツタージャデッキ）,HSt,,2026-08-28 06:27:58.712380+00:00,,BWシリーズ,
89fd1846-523d-4aa2-a81b-e0ad34e46209,ポケモンカードゲームBW 「最強爆流コンボデッキ60 カメックス＋キュレムEX」,KK,,2026-08-28 06:27:58.867862+00:00,,BWシリーズ,
91a0d41f-0365-4580-99e7-4858dbebf177,ポケモンカードゲームBW 「プラズマ団パワードデッキ30」,PPD,,2026-08-28 06:28:00.260743+00:00,,BWシリーズ,
2d7facfd-10a8-4160-92a3-474cea068e8c,ポケモンカードゲームBW コレクションシート 旅立ちの仲間 ポカブ,CS1p,,2026-08-28 06:27:55.446883+00:00,,BWシリーズ,
725b7761-718b-4806-98ae-576b98d93cde,ポケモンカードゲームBW 「ガブリアスデッキ30」,GBR,,2026-08-28 06:27:58.017871+00:00,,BWシリーズ,
896b5d36-d477-4f4d-882f-3ecff689b238,ポケモンカードゲームBW はじめてセット ピカチュウver. （ポカブデッキ）,HSPp,,2026-08-28 06:27:58.171175+00:00,,BWシリーズ,
4afa86c3-a37a-49f2-9d91-c9b96cf26ea8,ポケモンカードゲームBW はじめてセット 全国図鑑版 （ミジュマルデッキ）,HSZm,,2026-08-28 06:27:58.323069+00:00,,BWシリーズ,
59ffbab0-eb3a-4da2-b9ac-9e92ac5bb550,ポケモンカードゲームBW はじめてセット 全国図鑑版 （ツタージャデッキ）,HSZt,,2026-08-28 06:27:58.477065+00:00,,BWシリーズ,
4f776912-1b8d-4215-aac4-bfcce732c8c7,ポケモンカードゲームBW はじめてセット forガール （ポカブデッキ）,HSp,,2026-08-28 06:27:58.632741+00:00,,BWシリーズ,
f0396155-d154-4946-8208-11a05a41d923,ポケモンカードゲームBW バトル強化デッキ30「ケルディオ」,KLD,,2026-08-28 06:27:58.942797+00:00,,BWシリーズ,
55e6d6fd-52c1-438e-9b05-d8e60f9c4893,ポケモンカードゲームBW 「トッププレイヤーが選ぶ100＋40枚 マスターデッキビルドBOX EX」,MDB,,2026-08-28 06:27:59.872371+00:00,,BWシリーズ,
32500309-1cc7-4c5a-a11e-a3151a6c1637,ポケモンカードゲームBW プラズマ団バトルギフトセット,PBG,,2026-08-28 06:28:00.186705+00:00,,BWシリーズ,
07c7c398-510a-431d-8cfc-0b6d234fbbe8,ポケモンカードゲームBW みんなのWAKUWAKUバトル,WAK,,2026-08-28 06:28:06.370419+00:00,,BWシリーズ,
03a4788f-bbeb-4f39-93a9-44f839743dde,ポケモンカード★VS,VS1,2001-07-19,2026-08-28 04:31:29.329541+00:00,VS,旧裏・e・VS,
01399648-5697-4706-a74b-97d4ce9720b1,ポケモンカード★web,web1,2001-10-20,2026-08-28 04:31:29.569988+00:00,web,旧裏・e・VS,
9ba14d07-efe5-4a79-8635-d070e7a2a853,基本拡張パック,E1,2001-12-01,2026-08-28 04:30:55.320806+00:00,e,旧裏・e・VS,
14a47015-be5b-4df7-8cee-94afbd1743a4,地図にない町,E2,2002-03-08,2026-08-28 04:30:55.594647+00:00,e,旧裏・e・VS,
69a20ddc-5e41-4dae-a865-b1011b141d76,海からの風,E3,2002-05-24,2026-08-28 04:30:55.881632+00:00,e,旧裏・e・VS,
9a25d046-defe-4428-b1a3-c00dc1644c7e,裂けた大地,E4,2002-08-23,2026-08-28 04:30:56.136605+00:00,e,旧裏・e・VS,
324b755b-1fed-4772-8b91-26e8a28d37bf,神秘なる山,E5,2002-10-04,2026-08-28 04:30:56.391353+00:00,e,旧裏・e・VS,
ee7a9500-f0e7-4b3d-b7e5-7759403f38f8,映画パンフレット ルギア爆誕 ミュウツーの逆襲EVOLUTION,miscp,1996-01-01,2026-08-28 04:31:00.204749+00:00,misc,その他,
86c3c25d-7d9c-4d90-830c-e5366d1be018,ワールドチャンピオンズパック,WCP,2007-07-05,2026-08-28 06:28:06.444567+00:00,PCG,ADV・PCGシリーズ,https://archives.bulbagarden.net/wiki/Special:Redirect/file/World%20Champions%20Pack.jpg
