card_id,set_id,series_name,set_code,set_name,card_number,number_key,card_name,old_image_url,reason,detail
9fb68e81-b67e-4064-ac61-d7ad110144f1,8c1bc8f3-39e4-4b18-a239-4b6b22df60a8,ソード・シールド,S12a,VSTARユニバース,256,256,基本闘エネルギー,,CARD_NOT_FOUND,
f97dcff1-08c3-46d6-b45c-63388051b0eb,8c1bc8f3-39e4-4b18-a239-4b6b22df60a8,ソード・シールド,S12a,VSTARユニバース,257,257,基本悪エネルギー,,CARD_NOT_FOUND,
33908657-cd8b-4cfd-9946-a52deedf9ac6,8c1bc8f3-39e4-4b18-a239-4b6b22df60a8,ソード・シールド,S12a,VSTARユニバース,258,258,基本鋼エネルギー,,CARD_NOT_FOUND,
568745e2-f5b5-442c-a0fa-3230ec94c7c9,8c1bc8f3-39e4-4b18-a239-4b6b22df60a8,ソード・シールド,S12a,VSTARユニバース,259,259,オリジンパルキアVSTAR,https://assets.tcgdex.net/ja/S/S12a/259/high.webp,CARD_NOT_FOUND,
a77aac64-2e84-454b-8f3f-e12da7e81d94,8c1bc8f3-39e4-4b18-a239-4b6b22df60a8,ソード・シールド,S12a,VSTARユニバース,260,260,オリジンディアルガVSTAR,https://assets.tcgdex.net/ja/S/S12a/260/high.webp,CARD_NOT_FOUND,
608b0260-ea80-4164-8763-60dce5ca94e5,8c1bc8f3-39e4-4b18-a239-4b6b22df60a8,ソード・シールド,S12a,VSTARユニバース,261,261,ギラティナVSTAR,https://assets.tcgdex.net/ja/S/S12a/261/high.webp,CARD_NOT_FOUND,
c2d87edb-f856-404b-b113-ecad5b432e09,8c1bc8f3-39e4-4b18-a239-4b6b22df60a8,ソード・シールド,S12a,VSTARユニバース,262,262,アルセウスVSTAR,https://assets.tcgdex.net/ja/S/S12a/262/high.webp,CARD_NOT_FOUND,
b625b916-14ae-4407-8bf8-354d4d3279a7,8c1bc8f3-39e4-4b18-a239-4b6b22df60a8,ソード・シールド,S12a,VSTARユニバース,255,255,基本超エネルギー,,CARD_NOT_FOUND,
dd3feaf1-86b4-4378-b743-8f50b480d71a,80bdd6cc-3aa6-4299-b5b1-43a5f80af030,ソード・シールド,S8b,VMAXクライマックス,274,274,メロン,https://www.pokemon-card.com/assets/images/card_images/large/S8b/041102_T_MERON.jpg,CARD_NOT_FOUND,
32e80b8e-edc0-4955-b2d0-676aa17b6892,80bdd6cc-3aa6-4299-b5b1-43a5f80af030,ソード・シールド,S8b,VMAXクライマックス,276,276,ユウリ,https://www.pokemon-card.com/assets/images/card_images/large/S8b/041104_T_YUURI.jpg,CARD_NOT_FOUND,
c4697b06-5959-4afa-97cd-ef6f781fff01,80bdd6cc-3aa6-4299-b5b1-43a5f80af030,ソード・シールド,S8b,VMAXクライマックス,265,265,バーネット博士,https://www.pokemon-card.com/assets/images/card_images/large/S8b/041093_T_BANETTOHAKASE.jpg,CARD_NOT_FOUND,
c433b1aa-bc9c-4a4f-bb75-6c919e18b041,80bdd6cc-3aa6-4299-b5b1-43a5f80af030,ソード・シールド,S8b,VMAXクライマックス,266,266,博士の研究,,CARD_NOT_FOUND,
4dad0853-acbd-411e-9c79-99e682f5d808,80bdd6cc-3aa6-4299-b5b1-43a5f80af030,ソード・シールド,S8b,VMAXクライマックス,267,267,冒険家の発見,https://www.pokemon-card.com/assets/images/card_images/large/S8b/041095_T_BOUKENKANOHAKKEN.jpg,CARD_NOT_FOUND,
7b2981bd-1a87-46d6-8ade-3cbefc148a2e,80bdd6cc-3aa6-4299-b5b1-43a5f80af030,ソード・シールド,S8b,VMAXクライマックス,268,268,ボスの指令,,CARD_NOT_FOUND,
a1e5396b-a278-4757-9b68-7b7c8c39da72,80bdd6cc-3aa6-4299-b5b1-43a5f80af030,ソード・シールド,S8b,VMAXクライマックス,269,269,ポプラ,https://www.pokemon-card.com/assets/images/card_images/large/S8b/041097_T_POPURA.jpg,CARD_NOT_FOUND,
f58355fb-3074-427b-b3e2-47d1fd6b1fd2,80bdd6cc-3aa6-4299-b5b1-43a5f80af030,ソード・シールド,S8b,VMAXクライマックス,270,270,マクワ,https://www.pokemon-card.com/assets/images/card_images/large/S8b/041098_T_MAKUWA.jpg,CARD_NOT_FOUND,
4665e8db-52db-40fe-abfa-f60ffdc63bb0,80bdd6cc-3aa6-4299-b5b1-43a5f80af030,ソード・シールド,S8b,VMAXクライマックス,271,271,マスター,https://www.pokemon-card.com/assets/images/card_images/large/S8b/041099_T_MASUTA.jpg,CARD_NOT_FOUND,
164ae5f7-5030-4049-bea4-ea5df4c912de,80bdd6cc-3aa6-4299-b5b1-43a5f80af030,ソード・シールド,S8b,VMAXクライマックス,254,254,ハピナスV,https://www.pokemon-card.com/assets/images/card_images/large/S8b/041082_P_HAPINASUV.jpg,CARD_NOT_FOUND,
dd7f562d-b827-4c7b-b492-83f5be674e33,80bdd6cc-3aa6-4299-b5b1-43a5f80af030,ソード・シールド,S8b,VMAXクライマックス,272,272,マスタード いちげきのかた,https://www.pokemon-card.com/assets/images/card_images/large/S8b/041100_T_MASUTADOICHIGEKINOKATA.jpg,CARD_NOT_FOUND,
720aa934-c719-4720-ab36-b42649ca75d1,80bdd6cc-3aa6-4299-b5b1-43a5f80af030,ソード・シールド,S8b,VMAXクライマックス,273,273,マスタード れんげきのかた,https://www.pokemon-card.com/assets/images/card_images/large/S8b/041101_T_MASUTADORENGEKINOKATA.jpg,CARD_NOT_FOUND,
b49f9665-0e76-40d2-8a19-0c9ee194fdcc,80bdd6cc-3aa6-4299-b5b1-43a5f80af030,ソード・シールド,S8b,VMAXクライマックス,275,275,ヤロー,https://www.pokemon-card.com/assets/images/card_images/large/S8b/041103_T_YARO.jpg,CARD_NOT_FOUND,
8ca3a9ba-8184-4554-9ecd-fcd762ac92ca,80bdd6cc-3aa6-4299-b5b1-43a5f80af030,ソード・シールド,S8b,VMAXクライマックス,277,277,ルリナ,https://www.pokemon-card.com/assets/images/card_images/large/S8b/041105_T_RURINA.jpg,CARD_NOT_FOUND,
8512e2a5-cc20-4f71-aaaf-deaa08e51cdd,80bdd6cc-3aa6-4299-b5b1-43a5f80af030,ソード・シールド,S8b,VMAXクライマックス,255,255,アセロラの予感,https://www.pokemon-card.com/assets/images/card_images/large/S8b/041083_T_ASERORANOYOKAN.jpg,CARD_NOT_FOUND,
7963a6fc-564c-4455-a05b-a5afff083853,80bdd6cc-3aa6-4299-b5b1-43a5f80af030,ソード・シールド,S8b,VMAXクライマックス,262,262,ジャッジマン,https://www.pokemon-card.com/assets/images/card_images/large/S8b/041090_T_JIXYAJJIMAN.jpg,CARD_NOT_FOUND,
a22ed4c0-a50e-4eca-b7bd-e53ef8ec437f,80bdd6cc-3aa6-4299-b5b1-43a5f80af030,ソード・シールド,S8b,VMAXクライマックス,263,263,ソッドとシルディ,https://www.pokemon-card.com/assets/images/card_images/large/S8b/041091_T_SODDOTOSHIRUDEI.jpg,CARD_NOT_FOUND,
3d4802d6-6fe6-44a2-b9e1-af8fd993df8c,80bdd6cc-3aa6-4299-b5b1-43a5f80af030,ソード・シールド,S8b,VMAXクライマックス,264,264,ネズ,https://www.pokemon-card.com/assets/images/card_images/large/S8b/041092_T_NEZU.jpg,CARD_NOT_FOUND,
11232322-8f9f-4275-9fb4-f977aabb1ef7,80bdd6cc-3aa6-4299-b5b1-43a5f80af030,ソード・シールド,S8b,VMAXクライマックス,278,278,はくばバドレックスVMAX,,CARD_NOT_FOUND,
8c80d052-dd86-45cf-bc71-cc5ccf7b01b7,80bdd6cc-3aa6-4299-b5b1-43a5f80af030,ソード・シールド,S8b,VMAXクライマックス,279,279,ピカチュウVMAX,,CARD_NOT_FOUND,
46d43fad-3ec0-4180-8fb0-0277995872cd,80bdd6cc-3aa6-4299-b5b1-43a5f80af030,ソード・シールド,S8b,VMAXクライマックス,251,251,ザマゼンタV,https://www.pokemon-card.com/assets/images/card_images/large/S8b/041079_P_ZAMAZENTAV.jpg,CARD_NOT_FOUND,
52274923-0a5f-4a0c-bbc8-a890819fd0b5,80bdd6cc-3aa6-4299-b5b1-43a5f80af030,ソード・シールド,S8b,VMAXクライマックス,252,252,レックウザVMAX,https://www.pokemon-card.com/assets/images/card_images/large/S8b/041080_P_REKKUUZAVMAX.jpg,CARD_NOT_FOUND,
90b0817d-0bce-4d3a-9a18-83340ecbd463,80bdd6cc-3aa6-4299-b5b1-43a5f80af030,ソード・シールド,S8b,VMAXクライマックス,253,253,ジュラルドンVMAX,https://www.pokemon-card.com/assets/images/card_images/large/S8b/041081_P_JIXYURARUDONVMAX.jpg,CARD_NOT_FOUND,
def3b016-e5d4-4764-8691-7ce5dbdbe0f5,80bdd6cc-3aa6-4299-b5b1-43a5f80af030,ソード・シールド,S8b,VMAXクライマックス,256,256,オニオン,https://www.pokemon-card.com/assets/images/card_images/large/S8b/041084_T_ONION.jpg,CARD_NOT_FOUND,
771476ee-1be5-4e76-ba4b-e232e745dd89,80bdd6cc-3aa6-4299-b5b1-43a5f80af030,ソード・シールド,S8b,VMAXクライマックス,257,257,カブ,https://www.pokemon-card.com/assets/images/card_images/large/S8b/041085_T_KABU.jpg,CARD_NOT_FOUND,
5580c0f9-4069-4cf6-a27f-3fb505ac01b7,80bdd6cc-3aa6-4299-b5b1-43a5f80af030,ソード・シールド,S8b,VMAXクライマックス,258,258,ガラルの仲間たち,https://www.pokemon-card.com/assets/images/card_images/large/S8b/041086_T_GARARUNONAKAMATACHI.jpg,CARD_NOT_FOUND,
f1c2d4ed-02c7-446e-8172-785d43335db6,80bdd6cc-3aa6-4299-b5b1-43a5f80af030,ソード・シールド,S8b,VMAXクライマックス,259,259,キバナ,https://www.pokemon-card.com/assets/images/card_images/large/S8b/041087_T_KIBANA.jpg,CARD_NOT_FOUND,
f0a90c51-3141-4f10-8b7a-4515871025a7,80bdd6cc-3aa6-4299-b5b1-43a5f80af030,ソード・シールド,S8b,VMAXクライマックス,260,260,コック,https://www.pokemon-card.com/assets/images/card_images/large/S8b/041088_T_KOKKU.jpg,CARD_NOT_FOUND,
36591537-1bd1-4d2d-b0dc-fb01fc0e268f,80bdd6cc-3aa6-4299-b5b1-43a5f80af030,ソード・シールド,S8b,VMAXクライマックス,261,261,サイトウ,https://www.pokemon-card.com/assets/images/card_images/large/S8b/041089_T_SAITOU.jpg,CARD_NOT_FOUND,
2c3f7517-11e5-4776-9bf6-906c1a792017,80bdd6cc-3aa6-4299-b5b1-43a5f80af030,ソード・シールド,S8b,VMAXクライマックス,280,280,ミュウVMAX,,CARD_NOT_FOUND,
505485ef-ffe0-4d6e-9014-a928ac91854e,80bdd6cc-3aa6-4299-b5b1-43a5f80af030,ソード・シールド,S8b,VMAXクライマックス,281,281,こくばバドレックスVMAX,,CARD_NOT_FOUND,
d71be709-08cb-4f65-948f-c27c4b7df13d,80bdd6cc-3aa6-4299-b5b1-43a5f80af030,ソード・シールド,S8b,VMAXクライマックス,282,282,いちげきウーラオスVMAX,,CARD_NOT_FOUND,
6a0b275a-b55a-44c0-b279-2853a039719f,80bdd6cc-3aa6-4299-b5b1-43a5f80af030,ソード・シールド,S8b,VMAXクライマックス,283,283,れんげきウーラオスVMAX,,CARD_NOT_FOUND,
5ef7fce0-749d-4404-97ee-db2ba5b218f9,80bdd6cc-3aa6-4299-b5b1-43a5f80af030,ソード・シールド,S8b,VMAXクライマックス,284,284,レックウザVMAX,,CARD_NOT_FOUND,
645a9e19-de5c-44c4-b566-5435e2b7d16a,80bdd6cc-3aa6-4299-b5b1-43a5f80af030,ソード・シールド,S8b,VMAXクライマックス,285,285,ジュラルドンVMAX,,CARD_NOT_FOUND,
f325fb2f-a1e2-47e0-93df-313201e0d88e,a46aa9cd-922a-487f-a7f2-940f9a23ef57,SMシリーズ,SM2L,アローラの月光,056,56,ヨワシGX,,CARD_NOT_FOUND,
b5c73840-fb8f-4307-8597-1a0f0f4c60cd,a46aa9cd-922a-487f-a7f2-940f9a23ef57,SMシリーズ,SM2L,アローラの月光,060,60,アクアパッチ,,CARD_NOT_FOUND,
cf8c6c16-8a46-408f-a3a1-b1b05a396bc8,a46aa9cd-922a-487f-a7f2-940f9a23ef57,SMシリーズ,SM2L,アローラの月光,057,57,カプ・テテフGX,,CARD_NOT_FOUND,
e0363fec-9541-4adb-b947-b3b0ba758934,a46aa9cd-922a-487f-a7f2-940f9a23ef57,SMシリーズ,SM2L,アローラの月光,058,58,ルガルガンGX,,CARD_NOT_FOUND,
5c4a2d75-a252-484f-b36e-da80300aa6ea,a46aa9cd-922a-487f-a7f2-940f9a23ef57,SMシリーズ,SM2L,アローラの月光,059,59,メタグロスGX,,CARD_NOT_FOUND,
5bd5a06d-7158-4cb4-b2c7-8a03f43c858c,a46aa9cd-922a-487f-a7f2-940f9a23ef57,SMシリーズ,SM2L,アローラの月光,061,61,改造ハンマー,,CARD_NOT_FOUND,
ab121191-57a3-44bc-9d76-5acfe4079d0e,a46aa9cd-922a-487f-a7f2-940f9a23ef57,SMシリーズ,SM2L,アローラの月光,062,62,基本闘エネルギー,,CARD_NOT_FOUND,
cc448bcf-9bd1-4ee6-b542-74830af46176,2e3e2cf1-be86-4808-87f7-fe01973f0325,SVシリーズ,SV4a,レイジングサーフ,342,342,ジャッジマン,https://assets.tcgdex.net/ja/SV/SV4a/342/high.webp,CARD_NOT_FOUND,
06833880-17e4-479d-8562-595609ff448e,2e3e2cf1-be86-4808-87f7-fe01973f0325,SVシリーズ,SV4a,レイジングサーフ,344,344,ネルケ,https://assets.tcgdex.net/ja/SV/SV4a/344/high.webp,CARD_NOT_FOUND,
94c4dc9f-906d-4115-824d-18c0fe02b2ae,2e3e2cf1-be86-4808-87f7-fe01973f0325,SVシリーズ,SV4a,レイジングサーフ,350,350,ナンジャモ,https://assets.tcgdex.net/ja/SV/SV4a/350/high.webp,CARD_NOT_FOUND,
f7e8eb85-51ac-4d15-9b3c-f837cf039bdd,2e3e2cf1-be86-4808-87f7-fe01973f0325,SVシリーズ,SV4a,レイジングサーフ,289,289,ニューラ,https://assets.tcgdex.net/ja/SV/SV4a/289/high.webp,CARD_NOT_FOUND,
6cc03142-6a52-48d0-adcd-3ac50f84f8ba,2e3e2cf1-be86-4808-87f7-fe01973f0325,SVシリーズ,SV4a,レイジングサーフ,311,311,キャモメ,https://assets.tcgdex.net/ja/SV/SV4a/311/high.webp,CARD_NOT_FOUND,
88eefe2b-fbb6-45bf-9a7a-c23ca60a1897,2e3e2cf1-be86-4808-87f7-fe01973f0325,SVシリーズ,SV4a,レイジングサーフ,274,274,ボチ,https://assets.tcgdex.net/ja/SV/SV4a/274/high.webp,CARD_NOT_FOUND,
7ecee3ef-fe5a-4c70-9c14-9d980d58a138,2e3e2cf1-be86-4808-87f7-fe01973f0325,SVシリーズ,SV4a,レイジングサーフ,319,319,カラミンゴ,https://assets.tcgdex.net/ja/SV/SV4a/319/high.webp,CARD_NOT_FOUND,
c30b97bc-8c3f-49a1-b153-3b543122d3e0,2e3e2cf1-be86-4808-87f7-fe01973f0325,SVシリーズ,SV4a,レイジングサーフ,343,343,ネモ,https://assets.tcgdex.net/ja/SV/SV4a/343/high.webp,CARD_NOT_FOUND,
c8c91916-0f2e-4ad8-bf42-969c4c040662,2e3e2cf1-be86-4808-87f7-fe01973f0325,SVシリーズ,SV4a,レイジングサーフ,253,253,ケーシィ,https://assets.tcgdex.net/ja/SV/SV4a/253/high.webp,CARD_NOT_FOUND,
2cd837ef-49d6-4663-821a-7bee479bc905,2e3e2cf1-be86-4808-87f7-fe01973f0325,SVシリーズ,SV4a,レイジングサーフ,351,351,ネモ,https://assets.tcgdex.net/ja/SV/SV4a/351/high.webp,CARD_NOT_FOUND,
37c51d91-0c83-45bf-8062-68de2fd3a85b,2e3e2cf1-be86-4808-87f7-fe01973f0325,SVシリーズ,SV4a,レイジングサーフ,355,355,チオンジェンex,https://assets.tcgdex.net/ja/SV/SV4a/355/high.webp,CARD_NOT_FOUND,
7f71ebea-2083-4dc9-aada-53082739b2f0,2e3e2cf1-be86-4808-87f7-fe01973f0325,SVシリーズ,SV4a,レイジングサーフ,251,251,タイカイデン,https://assets.tcgdex.net/ja/SV/SV4a/251/high.webp,CARD_NOT_FOUND,
51fae3e5-fe8f-4b90-bf08-3c259b2ba90e,2e3e2cf1-be86-4808-87f7-fe01973f0325,SVシリーズ,SV4a,レイジングサーフ,252,252,プクリン,https://assets.tcgdex.net/ja/SV/SV4a/252/high.webp,CARD_NOT_FOUND,
8c51160f-e16a-4d0c-adeb-19d7fb3c0666,2e3e2cf1-be86-4808-87f7-fe01973f0325,SVシリーズ,SV4a,レイジングサーフ,254,254,ユンゲラー,https://assets.tcgdex.net/ja/SV/SV4a/254/high.webp,CARD_NOT_FOUND,
8bd06a67-7af0-475b-8e87-a8bc220ae435,2e3e2cf1-be86-4808-87f7-fe01973f0325,SVシリーズ,SV4a,レイジングサーフ,255,255,ピィ,https://assets.tcgdex.net/ja/SV/SV4a/255/high.webp,CARD_NOT_FOUND,
7ca176e5-b1d3-411e-b640-baf663d37126,2e3e2cf1-be86-4808-87f7-fe01973f0325,SVシリーズ,SV4a,レイジングサーフ,256,256,ネイティ,https://assets.tcgdex.net/ja/SV/SV4a/256/high.webp,CARD_NOT_FOUND,
5d276c04-ce18-4b94-89e0-8701b751ab96,2e3e2cf1-be86-4808-87f7-fe01973f0325,SVシリーズ,SV4a,レイジングサーフ,257,257,ネイティオ,https://assets.tcgdex.net/ja/SV/SV4a/257/high.webp,CARD_NOT_FOUND,
c93fe0c5-69c4-47dc-9120-92d8ee8e3c05,2e3e2cf1-be86-4808-87f7-fe01973f0325,SVシリーズ,SV4a,レイジングサーフ,258,258,ラルトス,https://assets.tcgdex.net/ja/SV/SV4a/258/high.webp,CARD_NOT_FOUND,
dc5854dd-c3dd-4046-81bc-c3b0f837dd6c,2e3e2cf1-be86-4808-87f7-fe01973f0325,SVシリーズ,SV4a,レイジングサーフ,259,259,キルリア,https://assets.tcgdex.net/ja/SV/SV4a/259/high.webp,CARD_NOT_FOUND,
0a474b01-ed13-418e-851d-c51244e7bdaa,2e3e2cf1-be86-4808-87f7-fe01973f0325,SVシリーズ,SV4a,レイジングサーフ,260,260,フワンテ,https://assets.tcgdex.net/ja/SV/SV4a/260/high.webp,CARD_NOT_FOUND,
73c6f4df-d9f3-4443-be90-388cc320adcb,2e3e2cf1-be86-4808-87f7-fe01973f0325,SVシリーズ,SV4a,レイジングサーフ,261,261,フワライド,https://assets.tcgdex.net/ja/SV/SV4a/261/high.webp,CARD_NOT_FOUND,
ccd2635d-b8d8-4cc3-90eb-dfbe0e2b1fb1,2e3e2cf1-be86-4808-87f7-fe01973f0325,SVシリーズ,SV4a,レイジングサーフ,262,262,マネネ,https://assets.tcgdex.net/ja/SV/SV4a/262/high.webp,CARD_NOT_FOUND,
3a37166f-03b1-446f-9848-7494700ee737,2e3e2cf1-be86-4808-87f7-fe01973f0325,SVシリーズ,SV4a,レイジングサーフ,263,263,ミカルゲ,https://assets.tcgdex.net/ja/SV/SV4a/263/high.webp,CARD_NOT_FOUND,
9e175bd8-73e1-437d-adda-bef0c91887c9,2e3e2cf1-be86-4808-87f7-fe01973f0325,SVシリーズ,SV4a,レイジングサーフ,264,264,クレッフィ,https://assets.tcgdex.net/ja/SV/SV4a/264/high.webp,CARD_NOT_FOUND,
10f880e9-c447-4924-bf4d-d7e4b2ee38b8,2e3e2cf1-be86-4808-87f7-fe01973f0325,SVシリーズ,SV4a,レイジングサーフ,265,265,ミミッキュ,https://assets.tcgdex.net/ja/SV/SV4a/265/high.webp,CARD_NOT_FOUND,
988e8687-f50a-41eb-bee3-6a7c016fb6f1,2e3e2cf1-be86-4808-87f7-fe01973f0325,SVシリーズ,SV4a,レイジングサーフ,266,266,パピモッチ,https://assets.tcgdex.net/ja/SV/SV4a/266/high.webp,CARD_NOT_FOUND,
939ccbbc-f46e-492e-b4c0-37f0d449c85f,2e3e2cf1-be86-4808-87f7-fe01973f0325,SVシリーズ,SV4a,レイジングサーフ,267,267,バウッツェル,https://assets.tcgdex.net/ja/SV/SV4a/267/high.webp,CARD_NOT_FOUND,
9e733405-1262-491b-88e9-5f99e7f19d02,2e3e2cf1-be86-4808-87f7-fe01973f0325,SVシリーズ,SV4a,レイジングサーフ,268,268,ソウブレイズ,https://assets.tcgdex.net/ja/SV/SV4a/268/high.webp,CARD_NOT_FOUND,
2782789d-6a74-4864-8a9e-64933914222e,2e3e2cf1-be86-4808-87f7-fe01973f0325,SVシリーズ,SV4a,レイジングサーフ,269,269,ベラカス,https://assets.tcgdex.net/ja/SV/SV4a/269/high.webp,CARD_NOT_FOUND,
b8cdb0c4-2c77-4959-8a50-47be07c25101,2e3e2cf1-be86-4808-87f7-fe01973f0325,SVシリーズ,SV4a,レイジングサーフ,270,270,ヒラヒナ,https://assets.tcgdex.net/ja/SV/SV4a/270/high.webp,CARD_NOT_FOUND,
39483c05-cd0f-4077-8852-2765c40f1944,2e3e2cf1-be86-4808-87f7-fe01973f0325,SVシリーズ,SV4a,レイジングサーフ,271,271,カヌチャン,https://assets.tcgdex.net/ja/SV/SV4a/271/high.webp,CARD_NOT_FOUND,
e4d837f8-d98a-44d1-9994-132dc41565d7,2e3e2cf1-be86-4808-87f7-fe01973f0325,SVシリーズ,SV4a,レイジングサーフ,272,272,ナカヌチャン,https://assets.tcgdex.net/ja/SV/SV4a/272/high.webp,CARD_NOT_FOUND,
7b4e92d4-ae6b-4448-aec7-8790116150f6,2e3e2cf1-be86-4808-87f7-fe01973f0325,SVシリーズ,SV4a,レイジングサーフ,273,273,デカヌチャン,https://assets.tcgdex.net/ja/SV/SV4a/273/high.webp,CARD_NOT_FOUND,
69cd924e-349f-416a-b2a3-4b4c4676b952,2e3e2cf1-be86-4808-87f7-fe01973f0325,SVシリーズ,SV4a,レイジングサーフ,275,275,ハカドッグ,https://assets.tcgdex.net/ja/SV/SV4a/275/high.webp,CARD_NOT_FOUND,
bfca9079-86b5-488c-afc2-309dbf8721b8,2e3e2cf1-be86-4808-87f7-fe01973f0325,SVシリーズ,SV4a,レイジングサーフ,276,276,マンキー,https://assets.tcgdex.net/ja/SV/SV4a/276/high.webp,CARD_NOT_FOUND,
e61b430d-7ba9-410a-adb4-f4110cc8445f,2e3e2cf1-be86-4808-87f7-fe01973f0325,SVシリーズ,SV4a,レイジングサーフ,277,277,オコリザル,https://assets.tcgdex.net/ja/SV/SV4a/277/high.webp,CARD_NOT_FOUND,
c854c37f-bab3-46c4-8992-17dce1017ec1,2e3e2cf1-be86-4808-87f7-fe01973f0325,SVシリーズ,SV4a,レイジングサーフ,278,278,コノヨザル,https://assets.tcgdex.net/ja/SV/SV4a/278/high.webp,CARD_NOT_FOUND,
81a5aa36-02a8-48ef-a337-2344d83663c6,2e3e2cf1-be86-4808-87f7-fe01973f0325,SVシリーズ,SV4a,レイジングサーフ,279,279,パルデア ケンタロス,https://assets.tcgdex.net/ja/SV/SV4a/279/high.webp,CARD_NOT_FOUND,
a385c5c2-6e95-47dc-b43e-8999eda110d6,2e3e2cf1-be86-4808-87f7-fe01973f0325,SVシリーズ,SV4a,レイジングサーフ,280,280,リオル,https://assets.tcgdex.net/ja/SV/SV4a/280/high.webp,CARD_NOT_FOUND,
3d5bb2d4-84b3-4d7d-9b51-c0d06b6195ca,2e3e2cf1-be86-4808-87f7-fe01973f0325,SVシリーズ,SV4a,レイジングサーフ,281,281,ルカリオ,https://assets.tcgdex.net/ja/SV/SV4a/281/high.webp,CARD_NOT_FOUND,
2011a608-996a-4d31-98c0-85018548aed0,2e3e2cf1-be86-4808-87f7-fe01973f0325,SVシリーズ,SV4a,レイジングサーフ,282,282,ルチャブル,https://assets.tcgdex.net/ja/SV/SV4a/282/high.webp,CARD_NOT_FOUND,
0d5db5d9-72a8-4c6c-b18a-ea1045f8b579,2e3e2cf1-be86-4808-87f7-fe01973f0325,SVシリーズ,SV4a,レイジングサーフ,283,283,コジオ,https://assets.tcgdex.net/ja/SV/SV4a/283/high.webp,CARD_NOT_FOUND,
92b3fc15-99f7-4ce9-9811-fd7b42caa83b,2e3e2cf1-be86-4808-87f7-fe01973f0325,SVシリーズ,SV4a,レイジングサーフ,285,285,キョジオーン,https://assets.tcgdex.net/ja/SV/SV4a/285/high.webp,CARD_NOT_FOUND,
29cea58d-d9b9-4460-a475-8a56563f6515,2e3e2cf1-be86-4808-87f7-fe01973f0325,SVシリーズ,SV4a,レイジングサーフ,286,286,キラーメ,https://assets.tcgdex.net/ja/SV/SV4a/286/high.webp,CARD_NOT_FOUND,
793adc72-cc7f-4913-b735-85648e66e20c,2e3e2cf1-be86-4808-87f7-fe01973f0325,SVシリーズ,SV4a,レイジングサーフ,287,287,パルデア ウパー,https://assets.tcgdex.net/ja/SV/SV4a/287/high.webp,CARD_NOT_FOUND,
f6fd5616-9bcc-46ae-9c43-d72ac506d913,2e3e2cf1-be86-4808-87f7-fe01973f0325,SVシリーズ,SV4a,レイジングサーフ,288,288,ヤミカラス,https://assets.tcgdex.net/ja/SV/SV4a/288/high.webp,CARD_NOT_FOUND,
33330e95-57c7-4c2b-8a4e-22314eb7c602,2e3e2cf1-be86-4808-87f7-fe01973f0325,SVシリーズ,SV4a,レイジングサーフ,290,290,マニューラ,https://assets.tcgdex.net/ja/SV/SV4a/290/high.webp,CARD_NOT_FOUND,
4f5af842-6c84-45c4-b70e-e1c1c38ce2cf,2e3e2cf1-be86-4808-87f7-fe01973f0325,SVシリーズ,SV4a,レイジングサーフ,291,291,ヤミラミ,https://assets.tcgdex.net/ja/SV/SV4a/291/high.webp,CARD_NOT_FOUND,
7bf03cab-c9d0-4b1d-a81f-bc28816634ff,2e3e2cf1-be86-4808-87f7-fe01973f0325,SVシリーズ,SV4a,レイジングサーフ,292,292,コマタナ,https://assets.tcgdex.net/ja/SV/SV4a/292/high.webp,CARD_NOT_FOUND,
dfdb8c18-eecc-4dd1-b0bb-09a80ff6a059,2e3e2cf1-be86-4808-87f7-fe01973f0325,SVシリーズ,SV4a,レイジングサーフ,293,293,キリキザン,https://assets.tcgdex.net/ja/SV/SV4a/293/high.webp,CARD_NOT_FOUND,
2e80e7c7-670e-401f-a09c-65f11e28b86e,2e3e2cf1-be86-4808-87f7-fe01973f0325,SVシリーズ,SV4a,レイジングサーフ,294,294,ドドゲザン,https://assets.tcgdex.net/ja/SV/SV4a/294/high.webp,CARD_NOT_FOUND,
fcf8448a-907b-40bc-bdbf-4e9a3e27dc6b,2e3e2cf1-be86-4808-87f7-fe01973f0325,SVシリーズ,SV4a,レイジングサーフ,296,296,マフィティフ,https://assets.tcgdex.net/ja/SV/SV4a/296/high.webp,CARD_NOT_FOUND,
7f0742a2-baba-4e75-9e79-914d2ca2dc26,2e3e2cf1-be86-4808-87f7-fe01973f0325,SVシリーズ,SV4a,レイジングサーフ,297,297,シルシュルー,https://assets.tcgdex.net/ja/SV/SV4a/297/high.webp,CARD_NOT_FOUND,
28dc70d0-d142-4d53-b2dd-e9ef5abcc635,2e3e2cf1-be86-4808-87f7-fe01973f0325,SVシリーズ,SV4a,レイジングサーフ,298,298,タギングル,https://assets.tcgdex.net/ja/SV/SV4a/298/high.webp,CARD_NOT_FOUND,
f7c7a983-ff29-4161-a021-e6ad04f0bb0b,2e3e2cf1-be86-4808-87f7-fe01973f0325,SVシリーズ,SV4a,レイジングサーフ,299,299,ハッサム,https://assets.tcgdex.net/ja/SV/SV4a/299/high.webp,CARD_NOT_FOUND,
101e8dda-a85f-4df7-9fc0-abdbe62ca1aa,2e3e2cf1-be86-4808-87f7-fe01973f0325,SVシリーズ,SV4a,レイジングサーフ,300,300,ブロロン,https://assets.tcgdex.net/ja/SV/SV4a/300/high.webp,CARD_NOT_FOUND,
c0b83a10-8bf9-42ed-a6b1-24771515e647,2e3e2cf1-be86-4808-87f7-fe01973f0325,SVシリーズ,SV4a,レイジングサーフ,301,301,ブロロローム,https://assets.tcgdex.net/ja/SV/SV4a/301/high.webp,CARD_NOT_FOUND,
1a572b00-3bf2-4cc9-bb13-d4ec361f0016,2e3e2cf1-be86-4808-87f7-fe01973f0325,SVシリーズ,SV4a,レイジングサーフ,302,302,オンバット,https://assets.tcgdex.net/ja/SV/SV4a/302/high.webp,CARD_NOT_FOUND,
c49256cc-a179-4d58-93e6-18157897201f,2e3e2cf1-be86-4808-87f7-fe01973f0325,SVシリーズ,SV4a,レイジングサーフ,303,303,モトトカゲ,https://assets.tcgdex.net/ja/SV/SV4a/303/high.webp,CARD_NOT_FOUND,
886101e6-1619-4b73-a801-2e58eb796198,2e3e2cf1-be86-4808-87f7-fe01973f0325,SVシリーズ,SV4a,レイジングサーフ,304,304,ポッポ,https://assets.tcgdex.net/ja/SV/SV4a/304/high.webp,CARD_NOT_FOUND,
f4090c9f-c3b9-4427-838d-e14d0e61431b,2e3e2cf1-be86-4808-87f7-fe01973f0325,SVシリーズ,SV4a,レイジングサーフ,305,305,ピジョン,https://assets.tcgdex.net/ja/SV/SV4a/305/high.webp,CARD_NOT_FOUND,
15ae91ce-dc2c-4060-b375-2d34f1b0f9ae,2e3e2cf1-be86-4808-87f7-fe01973f0325,SVシリーズ,SV4a,レイジングサーフ,306,306,プリン,https://assets.tcgdex.net/ja/SV/SV4a/306/high.webp,CARD_NOT_FOUND,
71ec6223-0d6f-4c8d-a2d8-75ff62b9e9b7,2e3e2cf1-be86-4808-87f7-fe01973f0325,SVシリーズ,SV4a,レイジングサーフ,307,307,ドードー,https://assets.tcgdex.net/ja/SV/SV4a/307/high.webp,CARD_NOT_FOUND,
ed471045-c2ff-4ec8-8030-346aad6e09b7,2e3e2cf1-be86-4808-87f7-fe01973f0325,SVシリーズ,SV4a,レイジングサーフ,308,308,ドードリオ,https://assets.tcgdex.net/ja/SV/SV4a/308/high.webp,CARD_NOT_FOUND,
ebcb84c0-4f9a-4b77-bb9e-caae3ea7a273,2e3e2cf1-be86-4808-87f7-fe01973f0325,SVシリーズ,SV4a,レイジングサーフ,309,309,メタモン,https://assets.tcgdex.net/ja/SV/SV4a/309/high.webp,CARD_NOT_FOUND,
538e0611-c088-4b77-abe5-316389a4a2d7,2e3e2cf1-be86-4808-87f7-fe01973f0325,SVシリーズ,SV4a,レイジングサーフ,310,310,カビゴン,https://assets.tcgdex.net/ja/SV/SV4a/310/high.webp,CARD_NOT_FOUND,
e7df8302-78aa-4e29-8eb5-f61d653665b8,2e3e2cf1-be86-4808-87f7-fe01973f0325,SVシリーズ,SV4a,レイジングサーフ,312,312,ペリッパー,https://assets.tcgdex.net/ja/SV/SV4a/312/high.webp,CARD_NOT_FOUND,
037d52a0-62e5-4b01-a796-d2dc251c9884,2e3e2cf1-be86-4808-87f7-fe01973f0325,SVシリーズ,SV4a,レイジングサーフ,313,313,ホシガリス,https://assets.tcgdex.net/ja/SV/SV4a/313/high.webp,CARD_NOT_FOUND,
bfa579fe-5b06-47fa-9d8d-4d3687e214d5,2e3e2cf1-be86-4808-87f7-fe01973f0325,SVシリーズ,SV4a,レイジングサーフ,314,314,ヨクバリス,https://assets.tcgdex.net/ja/SV/SV4a/314/high.webp,CARD_NOT_FOUND,
cf51e28c-af55-4529-8fc2-c2170875fccc,2e3e2cf1-be86-4808-87f7-fe01973f0325,SVシリーズ,SV4a,レイジングサーフ,315,315,グルトン,https://assets.tcgdex.net/ja/SV/SV4a/315/high.webp,CARD_NOT_FOUND,
95ad697a-e39a-48b7-98e7-b436a2f736b7,2e3e2cf1-be86-4808-87f7-fe01973f0325,SVシリーズ,SV4a,レイジングサーフ,316,316,パフュートン,https://assets.tcgdex.net/ja/SV/SV4a/316/high.webp,CARD_NOT_FOUND,
afe9dcfa-a5c5-48a3-9400-c3e731f6b5fd,2e3e2cf1-be86-4808-87f7-fe01973f0325,SVシリーズ,SV4a,レイジングサーフ,317,317,ワッカネズミ,https://assets.tcgdex.net/ja/SV/SV4a/317/high.webp,CARD_NOT_FOUND,
12da38b7-afa3-4dcf-a641-4dc00756ab06,2e3e2cf1-be86-4808-87f7-fe01973f0325,SVシリーズ,SV4a,レイジングサーフ,318,318,イッカネズミ,https://assets.tcgdex.net/ja/SV/SV4a/318/high.webp,CARD_NOT_FOUND,
54e65dd5-21a2-43ad-91ce-caa06ffc5453,2e3e2cf1-be86-4808-87f7-fe01973f0325,SVシリーズ,SV4a,レイジングサーフ,320,320,フォレトスex,https://assets.tcgdex.net/ja/SV/SV4a/320/high.webp,CARD_NOT_FOUND,
5e4fd77d-e801-4fe8-aacb-e051c4ace774,2e3e2cf1-be86-4808-87f7-fe01973f0325,SVシリーズ,SV4a,レイジングサーフ,321,321,マスカーニャex,https://assets.tcgdex.net/ja/SV/SV4a/321/high.webp,CARD_NOT_FOUND,
ceac7555-d6eb-49cb-9575-96b5595f7976,2e3e2cf1-be86-4808-87f7-fe01973f0325,SVシリーズ,SV4a,レイジングサーフ,322,322,リククラゲex,https://assets.tcgdex.net/ja/SV/SV4a/322/high.webp,CARD_NOT_FOUND,
ec2ad8c6-d4ff-4faa-b0b8-44be7918e72e,2e3e2cf1-be86-4808-87f7-fe01973f0325,SVシリーズ,SV4a,レイジングサーフ,323,323,クエスパトラex,https://assets.tcgdex.net/ja/SV/SV4a/323/high.webp,CARD_NOT_FOUND,
0b4d1c9b-b617-4fe3-a07f-818d35aa24d7,2e3e2cf1-be86-4808-87f7-fe01973f0325,SVシリーズ,SV4a,レイジングサーフ,324,324,ラウドボーンex,https://assets.tcgdex.net/ja/SV/SV4a/324/high.webp,CARD_NOT_FOUND,
eff67dcf-260d-4872-b896-c4cbf214fe7e,2e3e2cf1-be86-4808-87f7-fe01973f0325,SVシリーズ,SV4a,レイジングサーフ,325,325,ウェーニバルex,https://assets.tcgdex.net/ja/SV/SV4a/325/high.webp,CARD_NOT_FOUND,
069d91a7-f600-4e71-92d5-b69612193352,2e3e2cf1-be86-4808-87f7-fe01973f0325,SVシリーズ,SV4a,レイジングサーフ,326,326,フーディンex,https://assets.tcgdex.net/ja/SV/SV4a/326/high.webp,CARD_NOT_FOUND,
2dddcada-5e42-4abf-9416-ded83772c2cc,2e3e2cf1-be86-4808-87f7-fe01973f0325,SVシリーズ,SV4a,レイジングサーフ,327,327,ミュウex,https://assets.tcgdex.net/ja/SV/SV4a/327/high.webp,CARD_NOT_FOUND,
b3bacd15-354c-4a2a-9e86-79379245fc4d,2e3e2cf1-be86-4808-87f7-fe01973f0325,SVシリーズ,SV4a,レイジングサーフ,328,328,サーナイトex,https://assets.tcgdex.net/ja/SV/SV4a/328/high.webp,CARD_NOT_FOUND,
6bed662b-52ea-41c2-8ac7-24c6bb0c018d,2e3e2cf1-be86-4808-87f7-fe01973f0325,SVシリーズ,SV4a,レイジングサーフ,329,329,キラフロルex,https://assets.tcgdex.net/ja/SV/SV4a/329/high.webp,CARD_NOT_FOUND,
7a4e81f4-2821-4f5c-a86e-a21177c9b53f,2e3e2cf1-be86-4808-87f7-fe01973f0325,SVシリーズ,SV4a,レイジングサーフ,330,330,イダイナキバex,https://assets.tcgdex.net/ja/SV/SV4a/330/high.webp,CARD_NOT_FOUND,
c0f93694-cb6a-4774-9dc1-7715c1cbdb88,2e3e2cf1-be86-4808-87f7-fe01973f0325,SVシリーズ,SV4a,レイジングサーフ,331,331,リザードンex,https://assets.tcgdex.net/ja/SV/SV4a/331/high.webp,CARD_NOT_FOUND,
69972291-f9e0-4a2a-aedf-7fda90fafd9f,2e3e2cf1-be86-4808-87f7-fe01973f0325,SVシリーズ,SV4a,レイジングサーフ,332,332,パルデア ドオーex,https://assets.tcgdex.net/ja/SV/SV4a/332/high.webp,CARD_NOT_FOUND,
b9585ef4-e0f1-4ecd-93e1-c6b245afb14f,2e3e2cf1-be86-4808-87f7-fe01973f0325,SVシリーズ,SV4a,レイジングサーフ,333,333,テツノワダチex,https://assets.tcgdex.net/ja/SV/SV4a/333/high.webp,CARD_NOT_FOUND,
80f6a266-8ecd-4f01-927a-dfba3b897d4d,2e3e2cf1-be86-4808-87f7-fe01973f0325,SVシリーズ,SV4a,レイジングサーフ,335,335,ピジョットex,https://assets.tcgdex.net/ja/SV/SV4a/335/high.webp,CARD_NOT_FOUND,
d3d51724-5865-401b-96c2-a8c4343c6f7e,2e3e2cf1-be86-4808-87f7-fe01973f0325,SVシリーズ,SV4a,レイジングサーフ,336,336,プクリンex,https://assets.tcgdex.net/ja/SV/SV4a/336/high.webp,CARD_NOT_FOUND,
1dce99d9-e53c-4e11-9472-dd0371927e66,2e3e2cf1-be86-4808-87f7-fe01973f0325,SVシリーズ,SV4a,レイジングサーフ,356,356,イーユイex,https://assets.tcgdex.net/ja/SV/SV4a/356/high.webp,CARD_NOT_FOUND,
2105a5e6-8a1a-4133-89e6-8a45dfab8d57,2e3e2cf1-be86-4808-87f7-fe01973f0325,SVシリーズ,SV4a,レイジングサーフ,337,337,イキリンコex,https://assets.tcgdex.net/ja/SV/SV4a/337/high.webp,CARD_NOT_FOUND,
c6c468e5-010f-4794-86ec-a65f6cae5851,2e3e2cf1-be86-4808-87f7-fe01973f0325,SVシリーズ,SV4a,レイジングサーフ,338,338,ウミトリオ,https://assets.tcgdex.net/ja/SV/SV4a/338/high.webp,CARD_NOT_FOUND,
5d225451-a56b-4333-8ce7-85041255e257,2e3e2cf1-be86-4808-87f7-fe01973f0325,SVシリーズ,SV4a,レイジングサーフ,339,339,イルカマン,https://assets.tcgdex.net/ja/SV/SV4a/339/high.webp,CARD_NOT_FOUND,
b26a51ee-5f83-4bda-9066-72fbf19edc08,2e3e2cf1-be86-4808-87f7-fe01973f0325,SVシリーズ,SV4a,レイジングサーフ,340,340,パモ,https://assets.tcgdex.net/ja/SV/SV4a/340/high.webp,CARD_NOT_FOUND,
131ee8f8-9765-48cf-9124-6ffe91a7e5b0,2e3e2cf1-be86-4808-87f7-fe01973f0325,SVシリーズ,SV4a,レイジングサーフ,341,341,ミミッキュ,https://assets.tcgdex.net/ja/SV/SV4a/341/high.webp,CARD_NOT_FOUND,
4243473a-df2f-4f65-b870-fe881cd5e565,2e3e2cf1-be86-4808-87f7-fe01973f0325,SVシリーズ,SV4a,レイジングサーフ,345,345,パルデアの学生,https://assets.tcgdex.net/ja/SV/SV4a/345/high.webp,CARD_NOT_FOUND,
55bdfb56-b8c4-485c-8cb7-f0e50aa5af86,2e3e2cf1-be86-4808-87f7-fe01973f0325,SVシリーズ,SV4a,レイジングサーフ,346,346,パルデアの学生,https://assets.tcgdex.net/ja/SV/SV4a/346/high.webp,CARD_NOT_FOUND,
5a898bc4-e05c-4152-be90-a3e1bc88186c,2e3e2cf1-be86-4808-87f7-fe01973f0325,SVシリーズ,SV4a,レイジングサーフ,347,347,ミュウex,https://assets.tcgdex.net/ja/SV/SV4a/347/high.webp,CARD_NOT_FOUND,
990c5e1e-ba2c-41f1-b2e9-865d9f3be485,2e3e2cf1-be86-4808-87f7-fe01973f0325,SVシリーズ,SV4a,レイジングサーフ,348,348,サーナイトex,https://assets.tcgdex.net/ja/SV/SV4a/348/high.webp,CARD_NOT_FOUND,
cae999f1-f074-49e4-83f7-6543c041d50e,2e3e2cf1-be86-4808-87f7-fe01973f0325,SVシリーズ,SV4a,レイジングサーフ,349,349,リザードンex,https://assets.tcgdex.net/ja/SV/SV4a/349/high.webp,CARD_NOT_FOUND,
18269f95-9da3-4005-aecd-0f771ca30709,2e3e2cf1-be86-4808-87f7-fe01973f0325,SVシリーズ,SV4a,レイジングサーフ,352,352,ネルケ,https://assets.tcgdex.net/ja/SV/SV4a/352/high.webp,CARD_NOT_FOUND,
d3eabd2f-e898-4b23-8792-874f3aeaa7e3,2e3e2cf1-be86-4808-87f7-fe01973f0325,SVシリーズ,SV4a,レイジングサーフ,353,353,ペパー,https://assets.tcgdex.net/ja/SV/SV4a/353/high.webp,CARD_NOT_FOUND,
5a36f18b-ba96-4366-b8f7-3f72ed232510,2e3e2cf1-be86-4808-87f7-fe01973f0325,SVシリーズ,SV4a,レイジングサーフ,354,354,ボタン,https://assets.tcgdex.net/ja/SV/SV4a/354/high.webp,CARD_NOT_FOUND,
fe66d2a4-9a28-49da-a7f7-28a5be9e3be8,2e3e2cf1-be86-4808-87f7-fe01973f0325,SVシリーズ,SV4a,レイジングサーフ,357,357,パオジアンex,https://assets.tcgdex.net/ja/SV/SV4a/357/high.webp,CARD_NOT_FOUND,
85bf9a4e-896f-4845-914b-bc35a0088348,2e3e2cf1-be86-4808-87f7-fe01973f0325,SVシリーズ,SV4a,レイジングサーフ,358,358,ミライドンex,https://assets.tcgdex.net/ja/SV/SV4a/358/high.webp,CARD_NOT_FOUND,
4932eb1c-2a41-4db8-9a90-e7a1e8b523df,2e3e2cf1-be86-4808-87f7-fe01973f0325,SVシリーズ,SV4a,レイジングサーフ,359,359,ディンルーex,https://assets.tcgdex.net/ja/SV/SV4a/359/high.webp,CARD_NOT_FOUND,
f3d04893-17cd-48bd-a993-688eb57eceb8,2e3e2cf1-be86-4808-87f7-fe01973f0325,SVシリーズ,SV4a,レイジングサーフ,360,360,コライドンex,https://assets.tcgdex.net/ja/SV/SV4a/360/high.webp,CARD_NOT_FOUND,
e2e79925-0c16-419f-a3d7-ab7b2f80a80e,2e3e2cf1-be86-4808-87f7-fe01973f0325,SVシリーズ,SV4a,レイジングサーフ,284,284,ジオヅム,https://assets.tcgdex.net/ja/SV/SV4a/284/high.webp,CARD_NOT_FOUND,
40d6e638-0686-47df-971c-4f515c9330a3,2e3e2cf1-be86-4808-87f7-fe01973f0325,SVシリーズ,SV4a,レイジングサーフ,295,295,オラチフ,https://assets.tcgdex.net/ja/SV/SV4a/295/high.webp,CARD_NOT_FOUND,
fd379046-f403-4507-b67b-4015de7d0637,2e3e2cf1-be86-4808-87f7-fe01973f0325,SVシリーズ,SV4a,レイジングサーフ,334,334,オンバーンex,https://assets.tcgdex.net/ja/SV/SV4a/334/high.webp,CARD_NOT_FOUND,
34164679-76a6-4d26-b446-fda7063692c2,43366684-3ba6-4b69-a815-9c96da64469d,ソード・シールド,S4a,シャイニースターV,301,301,アオガラス,https://www.pokemon-card.com/assets/images/card_images/large/S4a/039033_P_AOGARASU.jpg,CARD_NOT_FOUND,
4a3bc556-0e8b-4ae7-90f3-7d545cfff9e4,43366684-3ba6-4b69-a815-9c96da64469d,ソード・シールド,S4a,シャイニースターV,302,302,ウールー,https://www.pokemon-card.com/assets/images/card_images/large/S4a/039034_P_URU.jpg,CARD_NOT_FOUND,
ff44cd72-1b99-4f12-9850-a9c9d9cfd8df,43366684-3ba6-4b69-a815-9c96da64469d,ソード・シールド,S4a,シャイニースターV,303,303,バイウールー,https://www.pokemon-card.com/assets/images/card_images/large/S4a/039035_P_BAIURU.jpg,CARD_NOT_FOUND,
483cda6a-684c-4662-a0bd-80dc5b8135b8,43366684-3ba6-4b69-a815-9c96da64469d,ソード・シールド,S4a,シャイニースターV,304,304,ゴリランダーV,https://www.pokemon-card.com/assets/images/card_images/large/S4a/039036_P_GORIRANDAV.jpg,CARD_NOT_FOUND,
dd2f921c-6eea-44b1-ad5e-2f3c73f2952e,43366684-3ba6-4b69-a815-9c96da64469d,ソード・シールド,S4a,シャイニースターV,251,251,ヤバチャ,https://www.pokemon-card.com/assets/images/card_images/large/S4a/038983_P_YABACHA.jpg,CARD_NOT_FOUND,
10eb5e84-e330-4742-8739-616169079a99,43366684-3ba6-4b69-a815-9c96da64469d,ソード・シールド,S4a,シャイニースターV,252,252,ポットデス,https://www.pokemon-card.com/assets/images/card_images/large/S4a/038984_P_POTTODESU.jpg,CARD_NOT_FOUND,
ec76aa4d-2b75-4fc7-86c8-477668f83dcb,43366684-3ba6-4b69-a815-9c96da64469d,ソード・シールド,S4a,シャイニースターV,253,253,ミブリム,https://www.pokemon-card.com/assets/images/card_images/large/S4a/038985_P_MIBURIMU.jpg,CARD_NOT_FOUND,
5a4fa795-50fd-47c7-83af-9babe7869012,43366684-3ba6-4b69-a815-9c96da64469d,ソード・シールド,S4a,シャイニースターV,254,254,テブリム,https://www.pokemon-card.com/assets/images/card_images/large/S4a/038986_P_TEBURIMU.jpg,CARD_NOT_FOUND,
af0326a0-8222-45dd-b328-fe9d4fefd5cf,43366684-3ba6-4b69-a815-9c96da64469d,ソード・シールド,S4a,シャイニースターV,255,255,ブリムオン,https://www.pokemon-card.com/assets/images/card_images/large/S4a/038987_P_BURIMUON.jpg,CARD_NOT_FOUND,
daf27e80-ae56-464c-a9a6-6312c6b189b9,43366684-3ba6-4b69-a815-9c96da64469d,ソード・シールド,S4a,シャイニースターV,256,256,マホミル,https://www.pokemon-card.com/assets/images/card_images/large/S4a/038988_P_MAHOMIRU.jpg,CARD_NOT_FOUND,
e139f24c-d23e-4305-86ba-c99a5e8af37d,43366684-3ba6-4b69-a815-9c96da64469d,ソード・シールド,S4a,シャイニースターV,257,257,マホイップ,https://www.pokemon-card.com/assets/images/card_images/large/S4a/038989_P_MAHOIPPU.jpg,CARD_NOT_FOUND,
06cc3863-ce56-4dcb-b350-ae7c3d0a6afb,43366684-3ba6-4b69-a815-9c96da64469d,ソード・シールド,S4a,シャイニースターV,258,258,イエッサン,https://www.pokemon-card.com/assets/images/card_images/large/S4a/038990_P_IESSAN.jpg,CARD_NOT_FOUND,
7046c345-8a37-4889-8018-6ca7acc934f5,43366684-3ba6-4b69-a815-9c96da64469d,ソード・シールド,S4a,シャイニースターV,259,259,ドラメシヤ,https://www.pokemon-card.com/assets/images/card_images/large/S4a/038991_P_DORAMESHIYA.jpg,CARD_NOT_FOUND,
85f8e45a-8884-4580-a059-402ab2ad97ca,43366684-3ba6-4b69-a815-9c96da64469d,ソード・シールド,S4a,シャイニースターV,260,260,ドロンチ,https://www.pokemon-card.com/assets/images/card_images/large/S4a/038992_P_DORONCHI.jpg,CARD_NOT_FOUND,
691dd3fd-844f-4e91-ad45-71b75f5a3027,43366684-3ba6-4b69-a815-9c96da64469d,ソード・シールド,S4a,シャイニースターV,261,261,ドラパルト,https://www.pokemon-card.com/assets/images/card_images/large/S4a/038993_P_DORAPARUTO.jpg,CARD_NOT_FOUND,
43ba8434-a4e3-4ebe-8437-57e6d3fb02fe,43366684-3ba6-4b69-a815-9c96da64469d,ソード・シールド,S4a,シャイニースターV,262,262,ガラル カモネギ,https://www.pokemon-card.com/assets/images/card_images/large/S4a/038994_P_GARARUKAMONEGI.jpg,CARD_NOT_FOUND,
b3c792dd-eb3b-49f2-8c5b-b7a822de7e57,43366684-3ba6-4b69-a815-9c96da64469d,ソード・シールド,S4a,シャイニースターV,263,263,ガラル ネギガナイト,https://www.pokemon-card.com/assets/images/card_images/large/S4a/038995_P_GARARUNEGIGANAITO.jpg,CARD_NOT_FOUND,
b2a5b7e0-6023-4e20-9e0e-aaebdb3ddd7a,43366684-3ba6-4b69-a815-9c96da64469d,ソード・シールド,S4a,シャイニースターV,264,264,ガラル デスマス,https://www.pokemon-card.com/assets/images/card_images/large/S4a/038996_P_GARARUDESUMASU.jpg,CARD_NOT_FOUND,
338f5c8b-e6b0-4700-be45-1eade387fea7,43366684-3ba6-4b69-a815-9c96da64469d,ソード・シールド,S4a,シャイニースターV,265,265,ガラル デスバーン,https://www.pokemon-card.com/assets/images/card_images/large/S4a/038997_P_GARARUDESUBAN.jpg,CARD_NOT_FOUND,
7bd1bf0d-8de7-48d1-a4ad-caa4381b0176,43366684-3ba6-4b69-a815-9c96da64469d,ソード・シールド,S4a,シャイニースターV,266,266,タンドン,https://www.pokemon-card.com/assets/images/card_images/large/S4a/038998_P_TANDON.jpg,CARD_NOT_FOUND,
eab2c7a2-34bf-4eeb-ae06-119e157de427,43366684-3ba6-4b69-a815-9c96da64469d,ソード・シールド,S4a,シャイニースターV,267,267,トロッゴン,https://www.pokemon-card.com/assets/images/card_images/large/S4a/038999_P_TOROGGON.jpg,CARD_NOT_FOUND,
35d49a15-d4d4-45a9-8fad-fac8a21a8bb5,43366684-3ba6-4b69-a815-9c96da64469d,ソード・シールド,S4a,シャイニースターV,268,268,セキタンザン,https://www.pokemon-card.com/assets/images/card_images/large/S4a/039000_P_SEKITANZAN.jpg,CARD_NOT_FOUND,
f6826a43-853f-4bba-b1ef-b2f4841c1f98,43366684-3ba6-4b69-a815-9c96da64469d,ソード・シールド,S4a,シャイニースターV,269,269,スナヘビ,https://www.pokemon-card.com/assets/images/card_images/large/S4a/039001_P_SUNAHEBI.jpg,CARD_NOT_FOUND,
c69c3e2c-4646-47d7-b9c5-bb697127cf18,43366684-3ba6-4b69-a815-9c96da64469d,ソード・シールド,S4a,シャイニースターV,270,270,サダイジャ,https://www.pokemon-card.com/assets/images/card_images/large/S4a/039002_P_SADAIJA.jpg,CARD_NOT_FOUND,
423d3121-29db-49f6-8a71-a84dafb2a118,43366684-3ba6-4b69-a815-9c96da64469d,ソード・シールド,S4a,シャイニースターV,271,271,タタッコ,https://www.pokemon-card.com/assets/images/card_images/large/S4a/039003_P_TATAKKO.jpg,CARD_NOT_FOUND,
d66b9360-44af-4df7-93d9-69db004f0ec5,43366684-3ba6-4b69-a815-9c96da64469d,ソード・シールド,S4a,シャイニースターV,272,272,オトスパス,https://www.pokemon-card.com/assets/images/card_images/large/S4a/039004_P_OTOSUPASU.jpg,CARD_NOT_FOUND,
8e0605ee-d551-483e-8a11-f49f9cd99ba3,43366684-3ba6-4b69-a815-9c96da64469d,ソード・シールド,S4a,シャイニースターV,273,273,タイレーツ,https://www.pokemon-card.com/assets/images/card_images/large/S4a/039005_P_TAIRETSU.jpg,CARD_NOT_FOUND,
a753568c-9cee-4cd1-97fd-6b7d0f4803e5,43366684-3ba6-4b69-a815-9c96da64469d,ソード・シールド,S4a,シャイニースターV,274,274,イシヘンジン,https://www.pokemon-card.com/assets/images/card_images/large/S4a/039006_P_ISHIHENJIN.jpg,CARD_NOT_FOUND,
fd5b3bd8-dea7-4baa-9c6d-621e0ba3ce5a,43366684-3ba6-4b69-a815-9c96da64469d,ソード・シールド,S4a,シャイニースターV,275,275,ドガース,https://www.pokemon-card.com/assets/images/card_images/large/S4a/039007_P_DOGASU.jpg,CARD_NOT_FOUND,
2ba39add-af81-4a35-82cc-d03d6962a4be,43366684-3ba6-4b69-a815-9c96da64469d,ソード・シールド,S4a,シャイニースターV,276,276,ガラル マタドガス,https://www.pokemon-card.com/assets/images/card_images/large/S4a/039008_P_GARARUMATADOGASU.jpg,CARD_NOT_FOUND,
e430b06e-5e21-4682-833b-79d7eecc38ff,43366684-3ba6-4b69-a815-9c96da64469d,ソード・シールド,S4a,シャイニースターV,277,277,ガラル ジグザグマ,https://www.pokemon-card.com/assets/images/card_images/large/S4a/039009_P_GARARUJIGUZAGUMA.jpg,CARD_NOT_FOUND,
100c9dd5-d891-4b71-8839-153a418ba862,43366684-3ba6-4b69-a815-9c96da64469d,ソード・シールド,S4a,シャイニースターV,278,278,ガラル マッスグマ,https://www.pokemon-card.com/assets/images/card_images/large/S4a/039010_P_GARARUMASSUGUMA.jpg,CARD_NOT_FOUND,
1d4126e9-14ed-4de3-8abb-eeb527d4019e,43366684-3ba6-4b69-a815-9c96da64469d,ソード・シールド,S4a,シャイニースターV,279,279,ガラル タチフサグマ,https://www.pokemon-card.com/assets/images/card_images/large/S4a/039011_P_GARARUTACHIFUSAGUMA.jpg,CARD_NOT_FOUND,
30c2067a-0124-43bf-8305-cbd3185a1202,43366684-3ba6-4b69-a815-9c96da64469d,ソード・シールド,S4a,シャイニースターV,280,280,クスネ,https://www.pokemon-card.com/assets/images/card_images/large/S4a/039012_P_KUSUNE.jpg,CARD_NOT_FOUND,
f99a286f-75c6-41c5-ba60-5978e93f568f,43366684-3ba6-4b69-a815-9c96da64469d,ソード・シールド,S4a,シャイニースターV,281,281,フォクスライ,https://www.pokemon-card.com/assets/images/card_images/large/S4a/039013_P_FOKUSURAI.jpg,CARD_NOT_FOUND,
44bd6349-a2ad-4e81-a9d7-eba93f1ae12b,43366684-3ba6-4b69-a815-9c96da64469d,ソード・シールド,S4a,シャイニースターV,282,282,ベロバー,https://www.pokemon-card.com/assets/images/card_images/large/S4a/039014_P_BEROBA.jpg,CARD_NOT_FOUND,
bbd0cd52-e63d-4785-9f2a-72828d61e2ab,43366684-3ba6-4b69-a815-9c96da64469d,ソード・シールド,S4a,シャイニースターV,283,283,ギモー,https://www.pokemon-card.com/assets/images/card_images/large/S4a/039015_P_GIMO.jpg,CARD_NOT_FOUND,
b70ed372-38ee-4afe-b0e9-b7ed19b50860,43366684-3ba6-4b69-a815-9c96da64469d,ソード・シールド,S4a,シャイニースターV,284,284,オーロンゲ,https://www.pokemon-card.com/assets/images/card_images/large/S4a/039016_P_ORONGE.jpg,CARD_NOT_FOUND,
ca24c54b-32cf-4ad5-a9c3-0b53fa168dba,43366684-3ba6-4b69-a815-9c96da64469d,ソード・シールド,S4a,シャイニースターV,285,285,ガラル ニャース,https://www.pokemon-card.com/assets/images/card_images/large/S4a/039017_P_GARARUNYASU.jpg,CARD_NOT_FOUND,
280ecaf0-8f71-42b3-b794-a06477c714ea,43366684-3ba6-4b69-a815-9c96da64469d,ソード・シールド,S4a,シャイニースターV,286,286,ガラル ニャイキング,https://www.pokemon-card.com/assets/images/card_images/large/S4a/039018_P_GARARUNYAIKINGU.jpg,CARD_NOT_FOUND,
9495a98b-4860-40fd-8a0a-e36e7fd2a4af,43366684-3ba6-4b69-a815-9c96da64469d,ソード・シールド,S4a,シャイニースターV,287,287,ガラルマッギョ,https://www.pokemon-card.com/assets/images/card_images/large/S4a/039019_P_GARARUMAGGYO.jpg,CARD_NOT_FOUND,
62fe6a08-d979-4bdd-ba5d-4c9e7943f8e8,43366684-3ba6-4b69-a815-9c96da64469d,ソード・シールド,S4a,シャイニースターV,288,288,アーマーガア,https://www.pokemon-card.com/assets/images/card_images/large/S4a/039020_P_AMAGAA.jpg,CARD_NOT_FOUND,
b0440a53-f9c1-4f90-985a-ce0bd5ad124a,43366684-3ba6-4b69-a815-9c96da64469d,ソード・シールド,S4a,シャイニースターV,289,289,ゾウドウ,https://www.pokemon-card.com/assets/images/card_images/large/S4a/039021_P_ZOUDOU.jpg,CARD_NOT_FOUND,
10accccb-c473-44d8-855b-fdd9916d9f46,43366684-3ba6-4b69-a815-9c96da64469d,ソード・シールド,S4a,シャイニースターV,290,290,ダイオウドウ,https://www.pokemon-card.com/assets/images/card_images/large/S4a/039022_P_DAIOUDOU.jpg,CARD_NOT_FOUND,
356c0799-fc63-47e5-b693-ab544c40caae,43366684-3ba6-4b69-a815-9c96da64469d,ソード・シールド,S4a,シャイニースターV,291,291,ジュラルドン,https://www.pokemon-card.com/assets/images/card_images/large/S4a/039023_P_JURARUDON.jpg,CARD_NOT_FOUND,
bbf2c6eb-26f4-4705-9f28-2fc71467aed8,43366684-3ba6-4b69-a815-9c96da64469d,ソード・シールド,S4a,シャイニースターV,292,292,チラーミィ,https://www.pokemon-card.com/assets/images/card_images/large/S4a/039024_P_CHIRAMII.jpg,CARD_NOT_FOUND,
77fb613b-2063-439f-9f58-e05d4bb666b1,43366684-3ba6-4b69-a815-9c96da64469d,ソード・シールド,S4a,シャイニースターV,293,293,チラチーノ,https://www.pokemon-card.com/assets/images/card_images/large/S4a/039025_P_CHIRACHINO.jpg,CARD_NOT_FOUND,
25c3987c-63fd-40c1-870b-cc68f1971ee3,43366684-3ba6-4b69-a815-9c96da64469d,ソード・シールド,S4a,シャイニースターV,294,294,コアルヒー,https://www.pokemon-card.com/assets/images/card_images/large/S4a/039026_P_KOARUHI.jpg,CARD_NOT_FOUND,
052d27e5-7fec-4c25-a0e7-e6fbe34bf984,43366684-3ba6-4b69-a815-9c96da64469d,ソード・シールド,S4a,シャイニースターV,295,295,スワンナ,https://www.pokemon-card.com/assets/images/card_images/large/S4a/039027_P_SUWANNA.jpg,CARD_NOT_FOUND,
cd8c5620-1a60-44df-81a9-c9e5d93cf88c,43366684-3ba6-4b69-a815-9c96da64469d,ソード・シールド,S4a,シャイニースターV,296,296,ホルビー,https://www.pokemon-card.com/assets/images/card_images/large/S4a/039028_P_HORUBI.jpg,CARD_NOT_FOUND,
3b1e7cbb-2b05-482b-8d8b-6621895ac154,43366684-3ba6-4b69-a815-9c96da64469d,ソード・シールド,S4a,シャイニースターV,297,297,ヤレユータン,https://www.pokemon-card.com/assets/images/card_images/large/S4a/039029_P_YAREYUTAN.jpg,CARD_NOT_FOUND,
cd7ff223-a227-4e8f-807a-447dfa34813c,43366684-3ba6-4b69-a815-9c96da64469d,ソード・シールド,S4a,シャイニースターV,298,298,ホシガリス,https://www.pokemon-card.com/assets/images/card_images/large/S4a/039030_P_HOSHIGARISU.jpg,CARD_NOT_FOUND,
396bbba5-97a7-4313-867e-ff8e9b71b8e7,43366684-3ba6-4b69-a815-9c96da64469d,ソード・シールド,S4a,シャイニースターV,299,299,ヨクバリス,https://www.pokemon-card.com/assets/images/card_images/large/S4a/039031_P_YOKUBARISU.jpg,CARD_NOT_FOUND,
ecb98749-8340-4126-a02b-1e9b50d53e30,43366684-3ba6-4b69-a815-9c96da64469d,ソード・シールド,S4a,シャイニースターV,300,300,ココガラ,https://www.pokemon-card.com/assets/images/card_images/large/S4a/039032_P_KOKOGARA.jpg,CARD_NOT_FOUND,
b5ed5b29-a993-4a8d-bc23-56063404bedb,43366684-3ba6-4b69-a815-9c96da64469d,ソード・シールド,S4a,シャイニースターV,305,305,ゴリランダーVMAX,https://www.pokemon-card.com/assets/images/card_images/large/S4a/039037_P_GORIRANDAVMAX.jpg,CARD_NOT_FOUND,
8c8e6c29-f916-444e-82b3-e1be99d69a74,43366684-3ba6-4b69-a815-9c96da64469d,ソード・シールド,S4a,シャイニースターV,306,306,ワタシラガV,https://www.pokemon-card.com/assets/images/card_images/large/S4a/039038_P_WATASHIRAGAV.jpg,CARD_NOT_FOUND,
066a7c28-1d25-40d3-9fef-aee85b92276f,43366684-3ba6-4b69-a815-9c96da64469d,ソード・シールド,S4a,シャイニースターV,307,307,リザードンV,https://www.pokemon-card.com/assets/images/card_images/large/S4a/039039_P_RIZADONV.jpg,CARD_NOT_FOUND,
821a2422-225a-4ab7-b152-85901d162d29,43366684-3ba6-4b69-a815-9c96da64469d,ソード・シールド,S4a,シャイニースターV,308,308,リザードンVMAX,https://www.pokemon-card.com/assets/images/card_images/large/S4a/039040_P_RIZADONVMAX.jpg,CARD_NOT_FOUND,
3f570608-7d0d-4f5c-a69c-1aca4846dd6b,43366684-3ba6-4b69-a815-9c96da64469d,ソード・シールド,S4a,シャイニースターV,309,309,マルヤクデV,https://www.pokemon-card.com/assets/images/card_images/large/S4a/039041_P_MARUYAKUDEV.jpg,CARD_NOT_FOUND,
82adb5a6-8dfa-4f13-8038-91f5264bcb67,43366684-3ba6-4b69-a815-9c96da64469d,ソード・シールド,S4a,シャイニースターV,310,310,マルヤクデVMAX,https://www.pokemon-card.com/assets/images/card_images/large/S4a/039042_P_MARUYAKUDEVMAX.jpg,CARD_NOT_FOUND,
adf1cc4b-8189-4b5e-87ae-7871a61838f9,43366684-3ba6-4b69-a815-9c96da64469d,ソード・シールド,S4a,シャイニースターV,311,311,ラプラスV,https://www.pokemon-card.com/assets/images/card_images/large/S4a/039043_P_RAPURASUV.jpg,CARD_NOT_FOUND,
2d0e708c-be7c-457f-968d-67fb7d970c72,43366684-3ba6-4b69-a815-9c96da64469d,ソード・シールド,S4a,シャイニースターV,312,312,ラプラスVMAX,https://www.pokemon-card.com/assets/images/card_images/large/S4a/039044_P_RAPURASUVMAX.jpg,CARD_NOT_FOUND,
7e18ef0b-b5ec-4d7b-8107-36bf6eaacce3,43366684-3ba6-4b69-a815-9c96da64469d,ソード・シールド,S4a,シャイニースターV,313,313,パルスワンV,https://www.pokemon-card.com/assets/images/card_images/large/S4a/039045_P_PARUSUWANV.jpg,CARD_NOT_FOUND,
668eb9ea-1c46-4d62-ab89-0100705e144e,43366684-3ba6-4b69-a815-9c96da64469d,ソード・シールド,S4a,シャイニースターV,314,314,ストリンダーV,https://www.pokemon-card.com/assets/images/card_images/large/S4a/039046_P_SUTORINDAV.jpg,CARD_NOT_FOUND,
3cc1468c-d50c-4aa3-b34c-40e102f20aad,43366684-3ba6-4b69-a815-9c96da64469d,ソード・シールド,S4a,シャイニースターV,315,315,ストリンダーVMAX,https://www.pokemon-card.com/assets/images/card_images/large/S4a/039047_P_SUTORINDAVMAX.jpg,CARD_NOT_FOUND,
c703db90-2951-45b4-a2e7-5cb8e65ee6ea,43366684-3ba6-4b69-a815-9c96da64469d,ソード・シールド,S4a,シャイニースターV,316,316,イエッサンV,https://www.pokemon-card.com/assets/images/card_images/large/S4a/039048_P_IESSANV.jpg,CARD_NOT_FOUND,
4a1c67c0-72bc-40e5-aa36-c1897b1d7a01,43366684-3ba6-4b69-a815-9c96da64469d,ソード・シールド,S4a,シャイニースターV,317,317,ドラパルトV,https://www.pokemon-card.com/assets/images/card_images/large/S4a/039049_P_DORAPARUTOV.jpg,CARD_NOT_FOUND,
cb8fb574-1630-40cc-afd2-dade5da06112,43366684-3ba6-4b69-a815-9c96da64469d,ソード・シールド,S4a,シャイニースターV,318,318,ドラパルトVMAX,https://www.pokemon-card.com/assets/images/card_images/large/S4a/039050_P_DORAPARUTOVMAX.jpg,CARD_NOT_FOUND,
09351c4e-cc16-4b47-9eac-9089b17593a3,43366684-3ba6-4b69-a815-9c96da64469d,ソード・シールド,S4a,シャイニースターV,319,319,タイレーツV,https://www.pokemon-card.com/assets/images/card_images/large/S4a/039051_P_TAIRETSUV.jpg,CARD_NOT_FOUND,
f38243e4-70db-43dc-8c04-75b49730e2c6,43366684-3ba6-4b69-a815-9c96da64469d,ソード・シールド,S4a,シャイニースターV,320,320,クロバットVMAX,https://www.pokemon-card.com/assets/images/card_images/large/S4a/039052_P_KUROBATTOVMAX.jpg,CARD_NOT_FOUND,
a0676ff2-0eda-4e80-a6d9-f2463166ae15,43366684-3ba6-4b69-a815-9c96da64469d,ソード・シールド,S4a,シャイニースターV,321,321,オーロンゲV,https://www.pokemon-card.com/assets/images/card_images/large/S4a/039053_P_ORONGEV.jpg,CARD_NOT_FOUND,
f9b40b54-92de-4019-9aed-2ae26f620f60,43366684-3ba6-4b69-a815-9c96da64469d,ソード・シールド,S4a,シャイニースターV,322,322,オーロンゲVMAX,https://www.pokemon-card.com/assets/images/card_images/large/S4a/039054_P_ORONGEVMAX.jpg,CARD_NOT_FOUND,
d1021e8b-3254-42e3-9aba-ec91b2263c8d,43366684-3ba6-4b69-a815-9c96da64469d,ソード・シールド,S4a,シャイニースターV,323,323,メタモンV,https://www.pokemon-card.com/assets/images/card_images/large/S4a/039055_P_METAMONV.jpg,CARD_NOT_FOUND,
9b8b83d0-124c-4f15-bd97-b5fcb4de70b6,43366684-3ba6-4b69-a815-9c96da64469d,ソード・シールド,S4a,シャイニースターV,324,324,メタモンVMAX,https://www.pokemon-card.com/assets/images/card_images/large/S4a/039056_P_METAMONVMAX.jpg,CARD_NOT_FOUND,
b1d5ea76-9e29-4648-8b58-60a3ae0d88e3,43366684-3ba6-4b69-a815-9c96da64469d,ソード・シールド,S4a,シャイニースターV,325,325,バイウールーV,https://www.pokemon-card.com/assets/images/card_images/large/S4a/039057_P_BAIURUV.jpg,CARD_NOT_FOUND,
8590473f-820b-44a8-a085-055e08ee548d,43366684-3ba6-4b69-a815-9c96da64469d,ソード・シールド,S4a,シャイニースターV,326,326,ウッウV,https://www.pokemon-card.com/assets/images/card_images/large/S4a/039058_P_UTSUUV.jpg,CARD_NOT_FOUND,
5eeda2ed-87ae-4c9a-9b2d-b11664581403,259f0e66-c9f7-4fa0-909c-b6c3006b37b8,ソード・シールド,SGG,ハイクラスデッキ「ゲンガーVMAX」,DAR,DAR,基本悪エネルギー,https://www.pokemon-card.com/assets/images/card_images/large/SGG/039558_E_KIHONAKUENERUGI.jpg,CARD_NOT_FOUND,
