set_code,set_name,scrydex_id,card_number,scrydex_name,scrydex_rarity,scrydex_image_url,scrydex_card_url,scrydex_set_url
XY,ハイクラスパック「THE BEST OF XY」,xy_ja,1,Oddish,,https://images.scrydex.com/pokemon/xy_ja-1/medium,https://scrydex.com/pokemon/cards/oddish/xy_ja-1?variant=normal,https://scrydex.com/pokemon/expansions/the-best-of-xy/xy_ja
XY,ハイクラスパック「THE BEST OF XY」,xy_ja,2,Gloom,,https://images.scrydex.com/pokemon/xy_ja-2/medium,https://scrydex.com/pokemon/cards/gloom/xy_ja-2?variant=normal,https://scrydex.com/pokemon/expansions/the-best-of-xy/xy_ja
XY,ハイクラスパック「THE BEST OF XY」,xy_ja,3,Vileplume,,https://images.scrydex.com/pokemon/xy_ja-3/medium,https://scrydex.com/pokemon/cards/vileplume/xy_ja-3?variant=normal,https://scrydex.com/pokemon/expansions/the-best-of-xy/xy_ja
XY,ハイクラスパック「THE BEST OF XY」,xy_ja,4,Spinarak,,https://images.scrydex.com/pokemon/xy_ja-4/medium,https://scrydex.com/pokemon/cards/spinarak/xy_ja-4?variant=normal,https://scrydex.com/pokemon/expansions/the-best-of-xy/xy_ja
XY,ハイクラスパック「THE BEST OF XY」,xy_ja,5,Ariados,,https://images.scrydex.com/pokemon/xy_ja-5/medium,https://scrydex.com/pokemon/cards/ariados/xy_ja-5?variant=normal,https://scrydex.com/pokemon/expansions/the-best-of-xy/xy_ja
XY,ハイクラスパック「THE BEST OF XY」,xy_ja,6,Sceptile-EX,,https://images.scrydex.com/pokemon/xy_ja-6/medium,https://scrydex.com/pokemon/cards/sceptile-ex/xy_ja-6?variant=holofoil,https://scrydex.com/pokemon/expansions/the-best-of-xy/xy_ja
XY,ハイクラスパック「THE BEST OF XY」,xy_ja,7,M Sceptile-EX,,https://images.scrydex.com/pokemon/xy_ja-7/medium,https://scrydex.com/pokemon/cards/m-sceptile-ex/xy_ja-7?variant=holofoil,https://scrydex.com/pokemon/expansions/the-best-of-xy/xy_ja
XY,ハイクラスパック「THE BEST OF XY」,xy_ja,8,Combee,,https://images.scrydex.com/pokemon/xy_ja-8/medium,https://scrydex.com/pokemon/cards/combee/xy_ja-8?variant=normal,https://scrydex.com/pokemon/expansions/the-best-of-xy/xy_ja
XY,ハイクラスパック「THE BEST OF XY」,xy_ja,9,Vespiquen,,https://images.scrydex.com/pokemon/xy_ja-9/medium,https://scrydex.com/pokemon/cards/vespiquen/xy_ja-9?variant=normal,https://scrydex.com/pokemon/expansions/the-best-of-xy/xy_ja
XY,ハイクラスパック「THE BEST OF XY」,xy_ja,10,Flareon,,https://images.scrydex.com/pokemon/xy_ja-10/medium,https://scrydex.com/pokemon/cards/flareon/xy_ja-10?variant=normal,https://scrydex.com/pokemon/expansions/the-best-of-xy/xy_ja
XY,ハイクラスパック「THE BEST OF XY」,xy_ja,11,Entei,,https://images.scrydex.com/pokemon/xy_ja-11/medium,https://scrydex.com/pokemon/cards/entei/xy_ja-11?variant=normal,https://scrydex.com/pokemon/expansions/the-best-of-xy/xy_ja
XY,ハイクラスパック「THE BEST OF XY」,xy_ja,13,M Camerupt-EX,,https://images.scrydex.com/pokemon/xy_ja-13/medium,https://scrydex.com/pokemon/cards/m-camerupt-ex/xy_ja-13?variant=holofoil,https://scrydex.com/pokemon/expansions/the-best-of-xy/xy_ja
XY,ハイクラスパック「THE BEST OF XY」,xy_ja,14,Volcanion,,https://images.scrydex.com/pokemon/xy_ja-14/medium,https://scrydex.com/pokemon/cards/volcanion/xy_ja-14?variant=normal,https://scrydex.com/pokemon/expansions/the-best-of-xy/xy_ja
XY,ハイクラスパック「THE BEST OF XY」,xy_ja,15,Volcanion-EX,,https://images.scrydex.com/pokemon/xy_ja-15/medium,https://scrydex.com/pokemon/cards/volcanion-ex/xy_ja-15?variant=holofoil,https://scrydex.com/pokemon/expansions/the-best-of-xy/xy_ja
XY,ハイクラスパック「THE BEST OF XY」,xy_ja,16,Vaporeon,,https://images.scrydex.com/pokemon/xy_ja-16/medium,https://scrydex.com/pokemon/cards/vaporeon/xy_ja-16?variant=normal,https://scrydex.com/pokemon/expansions/the-best-of-xy/xy_ja
XY,ハイクラスパック「THE BEST OF XY」,xy_ja,17,Articuno,,https://images.scrydex.com/pokemon/xy_ja-17/medium,https://scrydex.com/pokemon/cards/articuno/xy_ja-17?variant=normal,https://scrydex.com/pokemon/expansions/the-best-of-xy/xy_ja
XY,ハイクラスパック「THE BEST OF XY」,xy_ja,18,Remoraid,,https://images.scrydex.com/pokemon/xy_ja-18/medium,https://scrydex.com/pokemon/cards/remoraid/xy_ja-18?variant=normal,https://scrydex.com/pokemon/expansions/the-best-of-xy/xy_ja
XY,ハイクラスパック「THE BEST OF XY」,xy_ja,19,Octillery,,https://images.scrydex.com/pokemon/xy_ja-19/medium,https://scrydex.com/pokemon/cards/octillery/xy_ja-19?variant=normal,https://scrydex.com/pokemon/expansions/the-best-of-xy/xy_ja
XY,ハイクラスパック「THE BEST OF XY」,xy_ja,20,Glaceon-EX,,https://images.scrydex.com/pokemon/xy_ja-20/medium,https://scrydex.com/pokemon/cards/glaceon-ex/xy_ja-20?variant=holofoil,https://scrydex.com/pokemon/expansions/the-best-of-xy/xy_ja
XY,ハイクラスパック「THE BEST OF XY」,xy_ja,21,Manaphy-EX,,https://images.scrydex.com/pokemon/xy_ja-21/medium,https://scrydex.com/pokemon/cards/manaphy-ex/xy_ja-21?variant=holofoil,https://scrydex.com/pokemon/expansions/the-best-of-xy/xy_ja
XY,ハイクラスパック「THE BEST OF XY」,xy_ja,22,Seismitoad-EX,,https://images.scrydex.com/pokemon/xy_ja-22/medium,https://scrydex.com/pokemon/cards/seismitoad-ex/xy_ja-22?variant=holofoil,https://scrydex.com/pokemon/expansions/the-best-of-xy/xy_ja
XY,ハイクラスパック「THE BEST OF XY」,xy_ja,23,White Kyurem,,https://images.scrydex.com/pokemon/xy_ja-23/medium,https://scrydex.com/pokemon/cards/white-kyurem/xy_ja-23?variant=normal,https://scrydex.com/pokemon/expansions/the-best-of-xy/xy_ja
XY,ハイクラスパック「THE BEST OF XY」,xy_ja,24,Froakie,,https://images.scrydex.com/pokemon/xy_ja-24/medium,https://scrydex.com/pokemon/cards/froakie/xy_ja-24?variant=normal,https://scrydex.com/pokemon/expansions/the-best-of-xy/xy_ja
XY,ハイクラスパック「THE BEST OF XY」,xy_ja,25,Frogadier,,https://images.scrydex.com/pokemon/xy_ja-25/medium,https://scrydex.com/pokemon/cards/frogadier/xy_ja-25?variant=normal,https://scrydex.com/pokemon/expansions/the-best-of-xy/xy_ja
XY,ハイクラスパック「THE BEST OF XY」,xy_ja,26,Greninja,,https://images.scrydex.com/pokemon/xy_ja-26/medium,https://scrydex.com/pokemon/cards/greninja/xy_ja-26?variant=normal,https://scrydex.com/pokemon/expansions/the-best-of-xy/xy_ja
XY,ハイクラスパック「THE BEST OF XY」,xy_ja,27,Greninja,,https://images.scrydex.com/pokemon/xy_ja-27/medium,https://scrydex.com/pokemon/cards/greninja/xy_ja-27?variant=normal,https://scrydex.com/pokemon/expansions/the-best-of-xy/xy_ja
XY,ハイクラスパック「THE BEST OF XY」,xy_ja,28,Greninja BREAK,,https://images.scrydex.com/pokemon/xy_ja-28/medium,https://scrydex.com/pokemon/cards/greninja-break/xy_ja-28?variant=holofoil,https://scrydex.com/pokemon/expansions/the-best-of-xy/xy_ja
XY,ハイクラスパック「THE BEST OF XY」,xy_ja,29,Pikachu,,https://images.scrydex.com/pokemon/xy_ja-29/medium,https://scrydex.com/pokemon/cards/pikachu/xy_ja-29?variant=normal,https://scrydex.com/pokemon/expansions/the-best-of-xy/xy_ja
XY,ハイクラスパック「THE BEST OF XY」,xy_ja,30,Raichu,,https://images.scrydex.com/pokemon/xy_ja-30/medium,https://scrydex.com/pokemon/cards/raichu/xy_ja-30?variant=normal,https://scrydex.com/pokemon/expansions/the-best-of-xy/xy_ja
XY,ハイクラスパック「THE BEST OF XY」,xy_ja,31,Jolteon,,https://images.scrydex.com/pokemon/xy_ja-31/medium,https://scrydex.com/pokemon/cards/jolteon/xy_ja-31?variant=normal,https://scrydex.com/pokemon/expansions/the-best-of-xy/xy_ja
XY,ハイクラスパック「THE BEST OF XY」,xy_ja,32,Jolteon-EX,,https://images.scrydex.com/pokemon/xy_ja-32/medium,https://scrydex.com/pokemon/cards/jolteon-ex/xy_ja-32?variant=holofoil,https://scrydex.com/pokemon/expansions/the-best-of-xy/xy_ja
XY,ハイクラスパック「THE BEST OF XY」,xy_ja,33,Raikou,,https://images.scrydex.com/pokemon/xy_ja-33/medium,https://scrydex.com/pokemon/cards/raikou/xy_ja-33?variant=normal,https://scrydex.com/pokemon/expansions/the-best-of-xy/xy_ja
XY,ハイクラスパック「THE BEST OF XY」,xy_ja,34,Manectric-EX,,https://images.scrydex.com/pokemon/xy_ja-34/medium,https://scrydex.com/pokemon/cards/manectric-ex/xy_ja-34?variant=holofoil,https://scrydex.com/pokemon/expansions/the-best-of-xy/xy_ja
XY,ハイクラスパック「THE BEST OF XY」,xy_ja,35,M Manectric-EX,,https://images.scrydex.com/pokemon/xy_ja-35/medium,https://scrydex.com/pokemon/cards/m-manectric-ex/xy_ja-35?variant=holofoil,https://scrydex.com/pokemon/expansions/the-best-of-xy/xy_ja
XY,ハイクラスパック「THE BEST OF XY」,xy_ja,36,Joltik,,https://images.scrydex.com/pokemon/xy_ja-36/medium,https://scrydex.com/pokemon/cards/joltik/xy_ja-36?variant=normal,https://scrydex.com/pokemon/expansions/the-best-of-xy/xy_ja
XY,ハイクラスパック「THE BEST OF XY」,xy_ja,37,Zubat,,https://images.scrydex.com/pokemon/xy_ja-37/medium,https://scrydex.com/pokemon/cards/zubat/xy_ja-37?variant=normal,https://scrydex.com/pokemon/expansions/the-best-of-xy/xy_ja
XY,ハイクラスパック「THE BEST OF XY」,xy_ja,38,Golbat,,https://images.scrydex.com/pokemon/xy_ja-38/medium,https://scrydex.com/pokemon/cards/golbat/xy_ja-38?variant=normal,https://scrydex.com/pokemon/expansions/the-best-of-xy/xy_ja
XY,ハイクラスパック「THE BEST OF XY」,xy_ja,39,Crobat,,https://images.scrydex.com/pokemon/xy_ja-39/medium,https://scrydex.com/pokemon/cards/crobat/xy_ja-39?variant=normal,https://scrydex.com/pokemon/expansions/the-best-of-xy/xy_ja
XY,ハイクラスパック「THE BEST OF XY」,xy_ja,40,Alakazam-EX,,https://images.scrydex.com/pokemon/xy_ja-40/medium,https://scrydex.com/pokemon/cards/alakazam-ex/xy_ja-40?variant=holofoil,https://scrydex.com/pokemon/expansions/the-best-of-xy/xy_ja
XY,ハイクラスパック「THE BEST OF XY」,xy_ja,41,M Alakazam-EX,,https://images.scrydex.com/pokemon/xy_ja-41/medium,https://scrydex.com/pokemon/cards/m-alakazam-ex/xy_ja-41?variant=holofoil,https://scrydex.com/pokemon/expansions/the-best-of-xy/xy_ja
XY,ハイクラスパック「THE BEST OF XY」,xy_ja,42,Mewtwo-EX,,https://images.scrydex.com/pokemon/xy_ja-42/medium,https://scrydex.com/pokemon/cards/mewtwo-ex/xy_ja-42?variant=holofoil,https://scrydex.com/pokemon/expansions/the-best-of-xy/xy_ja
XY,ハイクラスパック「THE BEST OF XY」,xy_ja,43,M Mewtwo-EX,,https://images.scrydex.com/pokemon/xy_ja-43/medium,https://scrydex.com/pokemon/cards/m-mewtwo-ex/xy_ja-43?variant=holofoil,https://scrydex.com/pokemon/expansions/the-best-of-xy/xy_ja
XY,ハイクラスパック「THE BEST OF XY」,xy_ja,44,Mew,,https://images.scrydex.com/pokemon/xy_ja-44/medium,https://scrydex.com/pokemon/cards/mew/xy_ja-44?variant=normal,https://scrydex.com/pokemon/expansions/the-best-of-xy/xy_ja
XY,ハイクラスパック「THE BEST OF XY」,xy_ja,45,Espeon-EX,,https://images.scrydex.com/pokemon/xy_ja-45/medium,https://scrydex.com/pokemon/cards/espeon-ex/xy_ja-45?variant=holofoil,https://scrydex.com/pokemon/expansions/the-best-of-xy/xy_ja
XY,ハイクラスパック「THE BEST OF XY」,xy_ja,46,Unown,,https://images.scrydex.com/pokemon/xy_ja-46/medium,https://scrydex.com/pokemon/cards/unown/xy_ja-46?variant=normal,https://scrydex.com/pokemon/expansions/the-best-of-xy/xy_ja
XY,ハイクラスパック「THE BEST OF XY」,xy_ja,47,Wobbuffet,,https://images.scrydex.com/pokemon/xy_ja-47/medium,https://scrydex.com/pokemon/cards/wobbuffet/xy_ja-47?variant=normal,https://scrydex.com/pokemon/expansions/the-best-of-xy/xy_ja
XY,ハイクラスパック「THE BEST OF XY」,xy_ja,48,Giratina,,https://images.scrydex.com/pokemon/xy_ja-48/medium,https://scrydex.com/pokemon/cards/giratina/xy_ja-48?variant=normal,https://scrydex.com/pokemon/expansions/the-best-of-xy/xy_ja
XY,ハイクラスパック「THE BEST OF XY」,xy_ja,49,Trubbish,,https://images.scrydex.com/pokemon/xy_ja-49/medium,https://scrydex.com/pokemon/cards/trubbish/xy_ja-49?variant=normal,https://scrydex.com/pokemon/expansions/the-best-of-xy/xy_ja
XY,ハイクラスパック「THE BEST OF XY」,xy_ja,50,Garbodor,,https://images.scrydex.com/pokemon/xy_ja-50/medium,https://scrydex.com/pokemon/cards/garbodor/xy_ja-50?variant=normal,https://scrydex.com/pokemon/expansions/the-best-of-xy/xy_ja
XY,ハイクラスパック「THE BEST OF XY」,xy_ja,51,Litwick,,https://images.scrydex.com/pokemon/xy_ja-51/medium,https://scrydex.com/pokemon/cards/litwick/xy_ja-51?variant=normal,https://scrydex.com/pokemon/expansions/the-best-of-xy/xy_ja
XY,ハイクラスパック「THE BEST OF XY」,xy_ja,52,Lampent,,https://images.scrydex.com/pokemon/xy_ja-52/medium,https://scrydex.com/pokemon/cards/lampent/xy_ja-52?variant=normal,https://scrydex.com/pokemon/expansions/the-best-of-xy/xy_ja
XY,ハイクラスパック「THE BEST OF XY」,xy_ja,53,Phantump,,https://images.scrydex.com/pokemon/xy_ja-53/medium,https://scrydex.com/pokemon/cards/phantump/xy_ja-53?variant=normal,https://scrydex.com/pokemon/expansions/the-best-of-xy/xy_ja
XY,ハイクラスパック「THE BEST OF XY」,xy_ja,54,Trevenant,,https://images.scrydex.com/pokemon/xy_ja-54/medium,https://scrydex.com/pokemon/cards/trevenant/xy_ja-54?variant=normal,https://scrydex.com/pokemon/expansions/the-best-of-xy/xy_ja
XY,ハイクラスパック「THE BEST OF XY」,xy_ja,56,Pumpkaboo,,https://images.scrydex.com/pokemon/xy_ja-56/medium,https://scrydex.com/pokemon/cards/pumpkaboo/xy_ja-56?variant=normal,https://scrydex.com/pokemon/expansions/the-best-of-xy/xy_ja
XY,ハイクラスパック「THE BEST OF XY」,xy_ja,57,Hoopa,,https://images.scrydex.com/pokemon/xy_ja-57/medium,https://scrydex.com/pokemon/cards/hoopa/xy_ja-57?variant=normal,https://scrydex.com/pokemon/expansions/the-best-of-xy/xy_ja
XY,ハイクラスパック「THE BEST OF XY」,xy_ja,59,Meditite,,https://images.scrydex.com/pokemon/xy_ja-59/medium,https://scrydex.com/pokemon/cards/meditite/xy_ja-59?variant=normal,https://scrydex.com/pokemon/expansions/the-best-of-xy/xy_ja
XY,ハイクラスパック「THE BEST OF XY」,xy_ja,60,Medicham,,https://images.scrydex.com/pokemon/xy_ja-60/medium,https://scrydex.com/pokemon/cards/medicham/xy_ja-60?variant=normal,https://scrydex.com/pokemon/expansions/the-best-of-xy/xy_ja
XY,ハイクラスパック「THE BEST OF XY」,xy_ja,64,Landorus,,https://images.scrydex.com/pokemon/xy_ja-64/medium,https://scrydex.com/pokemon/cards/landorus/xy_ja-64?variant=normal,https://scrydex.com/pokemon/expansions/the-best-of-xy/xy_ja
XY,ハイクラスパック「THE BEST OF XY」,xy_ja,65,Carbink,,https://images.scrydex.com/pokemon/xy_ja-65/medium,https://scrydex.com/pokemon/cards/carbink/xy_ja-65?variant=normal,https://scrydex.com/pokemon/expansions/the-best-of-xy/xy_ja
XY,ハイクラスパック「THE BEST OF XY」,xy_ja,66,Carbink,,https://images.scrydex.com/pokemon/xy_ja-66/medium,https://scrydex.com/pokemon/cards/carbink/xy_ja-66?variant=normal,https://scrydex.com/pokemon/expansions/the-best-of-xy/xy_ja
XY,ハイクラスパック「THE BEST OF XY」,xy_ja,68,Zygarde,,https://images.scrydex.com/pokemon/xy_ja-68/medium,https://scrydex.com/pokemon/cards/zygarde/xy_ja-68?variant=normal,https://scrydex.com/pokemon/expansions/the-best-of-xy/xy_ja
XY,ハイクラスパック「THE BEST OF XY」,xy_ja,73,Zorua,,https://images.scrydex.com/pokemon/xy_ja-73/medium,https://scrydex.com/pokemon/cards/zorua/xy_ja-73?variant=normal,https://scrydex.com/pokemon/expansions/the-best-of-xy/xy_ja
XY,ハイクラスパック「THE BEST OF XY」,xy_ja,74,Zoroark,,https://images.scrydex.com/pokemon/xy_ja-74/medium,https://scrydex.com/pokemon/cards/zoroark/xy_ja-74?variant=normal,https://scrydex.com/pokemon/expansions/the-best-of-xy/xy_ja
XY,ハイクラスパック「THE BEST OF XY」,xy_ja,77,Yveltal,,https://images.scrydex.com/pokemon/xy_ja-77/medium,https://scrydex.com/pokemon/cards/yveltal/xy_ja-77?variant=normal,https://scrydex.com/pokemon/expansions/the-best-of-xy/xy_ja
XY,ハイクラスパック「THE BEST OF XY」,xy_ja,78,Yveltal,,https://images.scrydex.com/pokemon/xy_ja-78/medium,https://scrydex.com/pokemon/cards/yveltal/xy_ja-78?variant=normal,https://scrydex.com/pokemon/expansions/the-best-of-xy/xy_ja
XY,ハイクラスパック「THE BEST OF XY」,xy_ja,80,Jirachi,,https://images.scrydex.com/pokemon/xy_ja-80/medium,https://scrydex.com/pokemon/cards/jirachi/xy_ja-80?variant=normal,https://scrydex.com/pokemon/expansions/the-best-of-xy/xy_ja
XY,ハイクラスパック「THE BEST OF XY」,xy_ja,81,Bronzor,,https://images.scrydex.com/pokemon/xy_ja-81/medium,https://scrydex.com/pokemon/cards/bronzor/xy_ja-81?variant=normal,https://scrydex.com/pokemon/expansions/the-best-of-xy/xy_ja
XY,ハイクラスパック「THE BEST OF XY」,xy_ja,82,Bronzong,,https://images.scrydex.com/pokemon/xy_ja-82/medium,https://scrydex.com/pokemon/cards/bronzong/xy_ja-82?variant=normal,https://scrydex.com/pokemon/expansions/the-best-of-xy/xy_ja
XY,ハイクラスパック「THE BEST OF XY」,xy_ja,84,Heatran,,https://images.scrydex.com/pokemon/xy_ja-84/medium,https://scrydex.com/pokemon/cards/heatran/xy_ja-84?variant=normal,https://scrydex.com/pokemon/expansions/the-best-of-xy/xy_ja
XY,ハイクラスパック「THE BEST OF XY」,xy_ja,85,Cobalion,,https://images.scrydex.com/pokemon/xy_ja-85/medium,https://scrydex.com/pokemon/cards/cobalion/xy_ja-85?variant=normal,https://scrydex.com/pokemon/expansions/the-best-of-xy/xy_ja
XY,ハイクラスパック「THE BEST OF XY」,xy_ja,88,Magearna,,https://images.scrydex.com/pokemon/xy_ja-88/medium,https://scrydex.com/pokemon/cards/magearna/xy_ja-88?variant=normal,https://scrydex.com/pokemon/expansions/the-best-of-xy/xy_ja
XY,ハイクラスパック「THE BEST OF XY」,xy_ja,90,Mr. Mime,,https://images.scrydex.com/pokemon/xy_ja-90/medium,https://scrydex.com/pokemon/cards/mr-mime/xy_ja-90?variant=normal,https://scrydex.com/pokemon/expansions/the-best-of-xy/xy_ja
XY,ハイクラスパック「THE BEST OF XY」,xy_ja,93,Spritzee,,https://images.scrydex.com/pokemon/xy_ja-93/medium,https://scrydex.com/pokemon/cards/spritzee/xy_ja-93?variant=normal,https://scrydex.com/pokemon/expansions/the-best-of-xy/xy_ja
XY,ハイクラスパック「THE BEST OF XY」,xy_ja,94,Aromatisse,,https://images.scrydex.com/pokemon/xy_ja-94/medium,https://scrydex.com/pokemon/cards/aromatisse/xy_ja-94?variant=normal,https://scrydex.com/pokemon/expansions/the-best-of-xy/xy_ja
XY,ハイクラスパック「THE BEST OF XY」,xy_ja,95,Xerneas,,https://images.scrydex.com/pokemon/xy_ja-95/medium,https://scrydex.com/pokemon/cards/xerneas/xy_ja-95?variant=normal,https://scrydex.com/pokemon/expansions/the-best-of-xy/xy_ja
XY,ハイクラスパック「THE BEST OF XY」,xy_ja,96,Xerneas,,https://images.scrydex.com/pokemon/xy_ja-96/medium,https://scrydex.com/pokemon/cards/xerneas/xy_ja-96?variant=normal,https://scrydex.com/pokemon/expansions/the-best-of-xy/xy_ja
XY,ハイクラスパック「THE BEST OF XY」,xy_ja,100,Eevee,,https://images.scrydex.com/pokemon/xy_ja-100/medium,https://scrydex.com/pokemon/cards/eevee/xy_ja-100?variant=normal,https://scrydex.com/pokemon/expansions/the-best-of-xy/xy_ja
XY,ハイクラスパック「THE BEST OF XY」,xy_ja,101,Miltank,,https://images.scrydex.com/pokemon/xy_ja-101/medium,https://scrydex.com/pokemon/cards/miltank/xy_ja-101?variant=normal,https://scrydex.com/pokemon/expansions/the-best-of-xy/xy_ja
XY,ハイクラスパック「THE BEST OF XY」,xy_ja,102,Lugia,,https://images.scrydex.com/pokemon/xy_ja-102/medium,https://scrydex.com/pokemon/cards/lugia/xy_ja-102?variant=normal,https://scrydex.com/pokemon/expansions/the-best-of-xy/xy_ja
XY,ハイクラスパック「THE BEST OF XY」,xy_ja,107,Bunnelby,,https://images.scrydex.com/pokemon/xy_ja-107/medium,https://scrydex.com/pokemon/cards/bunnelby/xy_ja-107?variant=normal,https://scrydex.com/pokemon/expansions/the-best-of-xy/xy_ja
XY,ハイクラスパック「THE BEST OF XY」,xy_ja,108,Special Charge,,https://images.scrydex.com/pokemon/xy_ja-108/medium,https://scrydex.com/pokemon/cards/special-charge/xy_ja-108?variant=normal,https://scrydex.com/pokemon/expansions/the-best-of-xy/xy_ja
XY,ハイクラスパック「THE BEST OF XY」,xy_ja,109,Target Whistle,,https://images.scrydex.com/pokemon/xy_ja-109/medium,https://scrydex.com/pokemon/cards/target-whistle/xy_ja-109?variant=normal,https://scrydex.com/pokemon/expansions/the-best-of-xy/xy_ja
XY,ハイクラスパック「THE BEST OF XY」,xy_ja,110,Acro Bike,,https://images.scrydex.com/pokemon/xy_ja-110/medium,https://scrydex.com/pokemon/cards/acro-bike/xy_ja-110?variant=normal,https://scrydex.com/pokemon/expansions/the-best-of-xy/xy_ja
XY,ハイクラスパック「THE BEST OF XY」,xy_ja,111,Dive Ball,,https://images.scrydex.com/pokemon/xy_ja-111/medium,https://scrydex.com/pokemon/cards/dive-ball/xy_ja-111?variant=normal,https://scrydex.com/pokemon/expansions/the-best-of-xy/xy_ja
XY,ハイクラスパック「THE BEST OF XY」,xy_ja,112,Puzzle of Time,,https://images.scrydex.com/pokemon/xy_ja-112/medium,https://scrydex.com/pokemon/cards/puzzle-of-time/xy_ja-112?variant=normal,https://scrydex.com/pokemon/expansions/the-best-of-xy/xy_ja
XY,ハイクラスパック「THE BEST OF XY」,xy_ja,113,Trainers' Mail,,https://images.scrydex.com/pokemon/xy_ja-113/medium,https://scrydex.com/pokemon/cards/trainers-mail/xy_ja-113?variant=normal,https://scrydex.com/pokemon/expansions/the-best-of-xy/xy_ja
XY,ハイクラスパック「THE BEST OF XY」,xy_ja,114,Battle Compressor,,https://images.scrydex.com/pokemon/xy_ja-114/medium,https://scrydex.com/pokemon/cards/battle-compressor/xy_ja-114?variant=normal,https://scrydex.com/pokemon/expansions/the-best-of-xy/xy_ja
XY,ハイクラスパック「THE BEST OF XY」,xy_ja,115,VS Seeker,,https://images.scrydex.com/pokemon/xy_ja-115/medium,https://scrydex.com/pokemon/cards/vs-seeker/xy_ja-115?variant=normal,https://scrydex.com/pokemon/expansions/the-best-of-xy/xy_ja
XY,ハイクラスパック「THE BEST OF XY」,xy_ja,116,Max Elixir,,https://images.scrydex.com/pokemon/xy_ja-116/medium,https://scrydex.com/pokemon/cards/max-elixir/xy_ja-116?variant=normal,https://scrydex.com/pokemon/expansions/the-best-of-xy/xy_ja
XY,ハイクラスパック「THE BEST OF XY」,xy_ja,117,Fairy Drop,,https://images.scrydex.com/pokemon/xy_ja-117/medium,https://scrydex.com/pokemon/cards/fairy-drop/xy_ja-117?variant=normal,https://scrydex.com/pokemon/expansions/the-best-of-xy/xy_ja
XY,ハイクラスパック「THE BEST OF XY」,xy_ja,118,Heavy Ball,,https://images.scrydex.com/pokemon/xy_ja-118/medium,https://scrydex.com/pokemon/cards/heavy-ball/xy_ja-118?variant=normal,https://scrydex.com/pokemon/expansions/the-best-of-xy/xy_ja
XY,ハイクラスパック「THE BEST OF XY」,xy_ja,119,Robo Substitute,,https://images.scrydex.com/pokemon/xy_ja-119/medium,https://scrydex.com/pokemon/cards/robo-substitute/xy_ja-119?variant=normal,https://scrydex.com/pokemon/expansions/the-best-of-xy/xy_ja
XY,ハイクラスパック「THE BEST OF XY」,xy_ja,120,Mega Turbo,,https://images.scrydex.com/pokemon/xy_ja-120/medium,https://scrydex.com/pokemon/cards/mega-turbo/xy_ja-120?variant=normal,https://scrydex.com/pokemon/expansions/the-best-of-xy/xy_ja
XY,ハイクラスパック「THE BEST OF XY」,xy_ja,121,Level Ball,,https://images.scrydex.com/pokemon/xy_ja-121/medium,https://scrydex.com/pokemon/cards/level-ball/xy_ja-121?variant=normal,https://scrydex.com/pokemon/expansions/the-best-of-xy/xy_ja
XY,ハイクラスパック「THE BEST OF XY」,xy_ja,122,Hard Charm,,https://images.scrydex.com/pokemon/xy_ja-122/medium,https://scrydex.com/pokemon/cards/hard-charm/xy_ja-122?variant=normal,https://scrydex.com/pokemon/expansions/the-best-of-xy/xy_ja
XY,ハイクラスパック「THE BEST OF XY」,xy_ja,123,Focus Sash,,https://images.scrydex.com/pokemon/xy_ja-123/medium,https://scrydex.com/pokemon/cards/focus-sash/xy_ja-123?variant=normal,https://scrydex.com/pokemon/expansions/the-best-of-xy/xy_ja
XY,ハイクラスパック「THE BEST OF XY」,xy_ja,124,Bursting Balloon,,https://images.scrydex.com/pokemon/xy_ja-124/medium,https://scrydex.com/pokemon/cards/bursting-balloon/xy_ja-124?variant=normal,https://scrydex.com/pokemon/expansions/the-best-of-xy/xy_ja
XY,ハイクラスパック「THE BEST OF XY」,xy_ja,125,Muscle Band,,https://images.scrydex.com/pokemon/xy_ja-125/medium,https://scrydex.com/pokemon/cards/muscle-band/xy_ja-125?variant=normal,https://scrydex.com/pokemon/expansions/the-best-of-xy/xy_ja
XY,ハイクラスパック「THE BEST OF XY」,xy_ja,126,Fighting Fury Belt,,https://images.scrydex.com/pokemon/xy_ja-126/medium,https://scrydex.com/pokemon/cards/fighting-fury-belt/xy_ja-126?variant=normal,https://scrydex.com/pokemon/expansions/the-best-of-xy/xy_ja
XY,ハイクラスパック「THE BEST OF XY」,xy_ja,127,Power Memory,,https://images.scrydex.com/pokemon/xy_ja-127/medium,https://scrydex.com/pokemon/cards/power-memory/xy_ja-127?variant=normal,https://scrydex.com/pokemon/expansions/the-best-of-xy/xy_ja
XY,ハイクラスパック「THE BEST OF XY」,xy_ja,128,Gardevoir Spirit Link,,https://images.scrydex.com/pokemon/xy_ja-128/medium,https://scrydex.com/pokemon/cards/gardevoir-spirit-link/xy_ja-128?variant=normal,https://scrydex.com/pokemon/expansions/the-best-of-xy/xy_ja
XY,ハイクラスパック「THE BEST OF XY」,xy_ja,129,Sharpedo Spirit Link,,https://images.scrydex.com/pokemon/xy_ja-129/medium,https://scrydex.com/pokemon/cards/sharpedo-spirit-link/xy_ja-129?variant=normal,https://scrydex.com/pokemon/expansions/the-best-of-xy/xy_ja
XY,ハイクラスパック「THE BEST OF XY」,xy_ja,130,Sceptile Spirit Link,,https://images.scrydex.com/pokemon/xy_ja-130/medium,https://scrydex.com/pokemon/cards/sceptile-spirit-link/xy_ja-130?variant=normal,https://scrydex.com/pokemon/expansions/the-best-of-xy/xy_ja
XY,ハイクラスパック「THE BEST OF XY」,xy_ja,131,Camerupt Spirit Link,,https://images.scrydex.com/pokemon/xy_ja-131/medium,https://scrydex.com/pokemon/cards/camerupt-spirit-link/xy_ja-131?variant=normal,https://scrydex.com/pokemon/expansions/the-best-of-xy/xy_ja
XY,ハイクラスパック「THE BEST OF XY」,xy_ja,132,Alakazam Spirit Link,,https://images.scrydex.com/pokemon/xy_ja-132/medium,https://scrydex.com/pokemon/cards/alakazam-spirit-link/xy_ja-132?variant=normal,https://scrydex.com/pokemon/expansions/the-best-of-xy/xy_ja
XY,ハイクラスパック「THE BEST OF XY」,xy_ja,133,Mewtwo Spirit Link,,https://images.scrydex.com/pokemon/xy_ja-133/medium,https://scrydex.com/pokemon/cards/mewtwo-spirit-link/xy_ja-133?variant=normal,https://scrydex.com/pokemon/expansions/the-best-of-xy/xy_ja
XY,ハイクラスパック「THE BEST OF XY」,xy_ja,134,Manectric Spirit Link,,https://images.scrydex.com/pokemon/xy_ja-134/medium,https://scrydex.com/pokemon/cards/manectric-spirit-link/xy_ja-134?variant=normal,https://scrydex.com/pokemon/expansions/the-best-of-xy/xy_ja
XY,ハイクラスパック「THE BEST OF XY」,xy_ja,135,Lucario Spirit Link,,https://images.scrydex.com/pokemon/xy_ja-135/medium,https://scrydex.com/pokemon/cards/lucario-spirit-link/xy_ja-135?variant=normal,https://scrydex.com/pokemon/expansions/the-best-of-xy/xy_ja
XY,ハイクラスパック「THE BEST OF XY」,xy_ja,136,Rayquaza Spirit Link,,https://images.scrydex.com/pokemon/xy_ja-136/medium,https://scrydex.com/pokemon/cards/rayquaza-spirit-link/xy_ja-136?variant=normal,https://scrydex.com/pokemon/expansions/the-best-of-xy/xy_ja
XY,ハイクラスパック「THE BEST OF XY」,xy_ja,137,Brigette,,https://images.scrydex.com/pokemon/xy_ja-137/medium,https://scrydex.com/pokemon/cards/brigette/xy_ja-137?variant=normal,https://scrydex.com/pokemon/expansions/the-best-of-xy/xy_ja
XY,ハイクラスパック「THE BEST OF XY」,xy_ja,138,AZ,,https://images.scrydex.com/pokemon/xy_ja-138/medium,https://scrydex.com/pokemon/cards/az/xy_ja-138?variant=normal,https://scrydex.com/pokemon/expansions/the-best-of-xy/xy_ja
XY,ハイクラスパック「THE BEST OF XY」,xy_ja,139,N,,https://images.scrydex.com/pokemon/xy_ja-139/medium,https://scrydex.com/pokemon/cards/n/xy_ja-139?variant=normal,https://scrydex.com/pokemon/expansions/the-best-of-xy/xy_ja
XY,ハイクラスパック「THE BEST OF XY」,xy_ja,140,Hex Maniac,,https://images.scrydex.com/pokemon/xy_ja-140/medium,https://scrydex.com/pokemon/cards/hex-maniac/xy_ja-140?variant=normal,https://scrydex.com/pokemon/expansions/the-best-of-xy/xy_ja
XY,ハイクラスパック「THE BEST OF XY」,xy_ja,141,Blacksmith,,https://images.scrydex.com/pokemon/xy_ja-141/medium,https://scrydex.com/pokemon/cards/blacksmith/xy_ja-141?variant=normal,https://scrydex.com/pokemon/expansions/the-best-of-xy/xy_ja
XY,ハイクラスパック「THE BEST OF XY」,xy_ja,142,Karen,,https://images.scrydex.com/pokemon/xy_ja-142/medium,https://scrydex.com/pokemon/cards/karen/xy_ja-142?variant=normal,https://scrydex.com/pokemon/expansions/the-best-of-xy/xy_ja
XY,ハイクラスパック「THE BEST OF XY」,xy_ja,143,Xerosic,,https://images.scrydex.com/pokemon/xy_ja-143/medium,https://scrydex.com/pokemon/cards/xerosic/xy_ja-143?variant=normal,https://scrydex.com/pokemon/expansions/the-best-of-xy/xy_ja
XY,ハイクラスパック「THE BEST OF XY」,xy_ja,144,Korrina,,https://images.scrydex.com/pokemon/xy_ja-144/medium,https://scrydex.com/pokemon/cards/korrina/xy_ja-144?variant=normal,https://scrydex.com/pokemon/expansions/the-best-of-xy/xy_ja
XY,ハイクラスパック「THE BEST OF XY」,xy_ja,145,Delinquent,,https://images.scrydex.com/pokemon/xy_ja-145/medium,https://scrydex.com/pokemon/cards/delinquent/xy_ja-145?variant=normal,https://scrydex.com/pokemon/expansions/the-best-of-xy/xy_ja
XY,ハイクラスパック「THE BEST OF XY」,xy_ja,146,Shauna,,https://images.scrydex.com/pokemon/xy_ja-146/medium,https://scrydex.com/pokemon/cards/shauna/xy_ja-146?variant=normal,https://scrydex.com/pokemon/expansions/the-best-of-xy/xy_ja
XY,ハイクラスパック「THE BEST OF XY」,xy_ja,147,Teammates,,https://images.scrydex.com/pokemon/xy_ja-147/medium,https://scrydex.com/pokemon/cards/teammates/xy_ja-147?variant=normal,https://scrydex.com/pokemon/expansions/the-best-of-xy/xy_ja
XY,ハイクラスパック「THE BEST OF XY」,xy_ja,148,Skyla,,https://images.scrydex.com/pokemon/xy_ja-148/medium,https://scrydex.com/pokemon/cards/skyla/xy_ja-148?variant=normal,https://scrydex.com/pokemon/expansions/the-best-of-xy/xy_ja
XY,ハイクラスパック「THE BEST OF XY」,xy_ja,149,Professor Sycamore,,https://images.scrydex.com/pokemon/xy_ja-149/medium,https://scrydex.com/pokemon/cards/professor-sycamore/xy_ja-149?variant=normal,https://scrydex.com/pokemon/expansions/the-best-of-xy/xy_ja
XY,ハイクラスパック「THE BEST OF XY」,xy_ja,150,Lysandre,,https://images.scrydex.com/pokemon/xy_ja-150/medium,https://scrydex.com/pokemon/cards/lysandre/xy_ja-150?variant=normal,https://scrydex.com/pokemon/expansions/the-best-of-xy/xy_ja
XY,ハイクラスパック「THE BEST OF XY」,xy_ja,151,Team Flare Grunt,,https://images.scrydex.com/pokemon/xy_ja-151/medium,https://scrydex.com/pokemon/cards/team-flare-grunt/xy_ja-151?variant=normal,https://scrydex.com/pokemon/expansions/the-best-of-xy/xy_ja
XY,ハイクラスパック「THE BEST OF XY」,xy_ja,152,Pokémon Ranger,,https://images.scrydex.com/pokemon/xy_ja-152/medium,https://scrydex.com/pokemon/cards/pokmon-ranger/xy_ja-152?variant=normal,https://scrydex.com/pokemon/expansions/the-best-of-xy/xy_ja
XY,ハイクラスパック「THE BEST OF XY」,xy_ja,153,Rough Seas,,https://images.scrydex.com/pokemon/xy_ja-153/medium,https://scrydex.com/pokemon/cards/rough-seas/xy_ja-153?variant=normal,https://scrydex.com/pokemon/expansions/the-best-of-xy/xy_ja
XY,ハイクラスパック「THE BEST OF XY」,xy_ja,154,Forest of Giant Plants,,https://images.scrydex.com/pokemon/xy_ja-154/medium,https://scrydex.com/pokemon/cards/forest-of-giant-plants/xy_ja-154?variant=normal,https://scrydex.com/pokemon/expansions/the-best-of-xy/xy_ja
XY,ハイクラスパック「THE BEST OF XY」,xy_ja,155,Silent Lab,,https://images.scrydex.com/pokemon/xy_ja-155/medium,https://scrydex.com/pokemon/cards/silent-lab/xy_ja-155?variant=normal,https://scrydex.com/pokemon/expansions/the-best-of-xy/xy_ja
XY,ハイクラスパック「THE BEST OF XY」,xy_ja,156,Dimension Valley,,https://images.scrydex.com/pokemon/xy_ja-156/medium,https://scrydex.com/pokemon/cards/dimension-valley/xy_ja-156?variant=normal,https://scrydex.com/pokemon/expansions/the-best-of-xy/xy_ja
XY,ハイクラスパック「THE BEST OF XY」,xy_ja,157,Scorched Earth,,https://images.scrydex.com/pokemon/xy_ja-157/medium,https://scrydex.com/pokemon/cards/scorched-earth/xy_ja-157?variant=normal,https://scrydex.com/pokemon/expansions/the-best-of-xy/xy_ja
XY,ハイクラスパック「THE BEST OF XY」,xy_ja,158,Sky Field,,https://images.scrydex.com/pokemon/xy_ja-158/medium,https://scrydex.com/pokemon/cards/sky-field/xy_ja-158?variant=normal,https://scrydex.com/pokemon/expansions/the-best-of-xy/xy_ja
XY,ハイクラスパック「THE BEST OF XY」,xy_ja,159,Parallel City,,https://images.scrydex.com/pokemon/xy_ja-159/medium,https://scrydex.com/pokemon/cards/parallel-city/xy_ja-159?variant=normal,https://scrydex.com/pokemon/expansions/the-best-of-xy/xy_ja
XY,ハイクラスパック「THE BEST OF XY」,xy_ja,160,Fairy Garden,,https://images.scrydex.com/pokemon/xy_ja-160/medium,https://scrydex.com/pokemon/cards/fairy-garden/xy_ja-160?variant=normal,https://scrydex.com/pokemon/expansions/the-best-of-xy/xy_ja
XY,ハイクラスパック「THE BEST OF XY」,xy_ja,161,Reverse Valley,,https://images.scrydex.com/pokemon/xy_ja-161/medium,https://scrydex.com/pokemon/cards/reverse-valley/xy_ja-161?variant=normal,https://scrydex.com/pokemon/expansions/the-best-of-xy/xy_ja
XY,ハイクラスパック「THE BEST OF XY」,xy_ja,162,Herbal Energy,,https://images.scrydex.com/pokemon/xy_ja-162/medium,https://scrydex.com/pokemon/cards/herbal-energy/xy_ja-162?variant=normal,https://scrydex.com/pokemon/expansions/the-best-of-xy/xy_ja
XY,ハイクラスパック「THE BEST OF XY」,xy_ja,163,Burning Energy,,https://images.scrydex.com/pokemon/xy_ja-163/medium,https://scrydex.com/pokemon/cards/burning-energy/xy_ja-163?variant=normal,https://scrydex.com/pokemon/expansions/the-best-of-xy/xy_ja
XY,ハイクラスパック「THE BEST OF XY」,xy_ja,164,Splash Energy,,https://images.scrydex.com/pokemon/xy_ja-164/medium,https://scrydex.com/pokemon/cards/splash-energy/xy_ja-164?variant=normal,https://scrydex.com/pokemon/expansions/the-best-of-xy/xy_ja
XY,ハイクラスパック「THE BEST OF XY」,xy_ja,165,Flash Energy,,https://images.scrydex.com/pokemon/xy_ja-165/medium,https://scrydex.com/pokemon/cards/flash-energy/xy_ja-165?variant=normal,https://scrydex.com/pokemon/expansions/the-best-of-xy/xy_ja
XY,ハイクラスパック「THE BEST OF XY」,xy_ja,166,Mystery Energy,,https://images.scrydex.com/pokemon/xy_ja-166/medium,https://scrydex.com/pokemon/cards/mystery-energy/xy_ja-166?variant=normal,https://scrydex.com/pokemon/expansions/the-best-of-xy/xy_ja
XY,ハイクラスパック「THE BEST OF XY」,xy_ja,167,Strong Energy,,https://images.scrydex.com/pokemon/xy_ja-167/medium,https://scrydex.com/pokemon/cards/strong-energy/xy_ja-167?variant=normal,https://scrydex.com/pokemon/expansions/the-best-of-xy/xy_ja
XY,ハイクラスパック「THE BEST OF XY」,xy_ja,168,Dangerous Energy,,https://images.scrydex.com/pokemon/xy_ja-168/medium,https://scrydex.com/pokemon/cards/dangerous-energy/xy_ja-168?variant=normal,https://scrydex.com/pokemon/expansions/the-best-of-xy/xy_ja
XY,ハイクラスパック「THE BEST OF XY」,xy_ja,169,Shield Energy,,https://images.scrydex.com/pokemon/xy_ja-169/medium,https://scrydex.com/pokemon/cards/shield-energy/xy_ja-169?variant=normal,https://scrydex.com/pokemon/expansions/the-best-of-xy/xy_ja
XY,ハイクラスパック「THE BEST OF XY」,xy_ja,170,Wonder Energy,,https://images.scrydex.com/pokemon/xy_ja-170/medium,https://scrydex.com/pokemon/cards/wonder-energy/xy_ja-170?variant=normal,https://scrydex.com/pokemon/expansions/the-best-of-xy/xy_ja
XY,ハイクラスパック「THE BEST OF XY」,xy_ja,171,Double Dragon Energy,,https://images.scrydex.com/pokemon/xy_ja-171/medium,https://scrydex.com/pokemon/cards/double-dragon-energy/xy_ja-171?variant=normal,https://scrydex.com/pokemon/expansions/the-best-of-xy/xy_ja
XY6,ポケモンカードゲームXY 拡張パック「エメラルドブレイク」,xy6_ja,1,Exeggcute,C,https://images.scrydex.com/pokemon/xy6_ja-1/medium,https://scrydex.com/pokemon/cards/exeggcute/xy6_ja-1?variant=firstEdition,https://scrydex.com/pokemon/expansions/emerald-break/xy6_ja
XY6,ポケモンカードゲームXY 拡張パック「エメラルドブレイク」,xy6_ja,2,Exeggutor,C,https://images.scrydex.com/pokemon/xy6_ja-2/medium,https://scrydex.com/pokemon/cards/exeggutor/xy6_ja-2?variant=firstEdition,https://scrydex.com/pokemon/expansions/emerald-break/xy6_ja
XY6,ポケモンカードゲームXY 拡張パック「エメラルドブレイク」,xy6_ja,3,Wurmple,C,https://images.scrydex.com/pokemon/xy6_ja-3/medium,https://scrydex.com/pokemon/cards/wurmple/xy6_ja-3?variant=firstEdition,https://scrydex.com/pokemon/expansions/emerald-break/xy6_ja
XY6,ポケモンカードゲームXY 拡張パック「エメラルドブレイク」,xy6_ja,4,Silcoon,C,https://images.scrydex.com/pokemon/xy6_ja-4/medium,https://scrydex.com/pokemon/cards/silcoon/xy6_ja-4?variant=firstEdition,https://scrydex.com/pokemon/expansions/emerald-break/xy6_ja
XY6,ポケモンカードゲームXY 拡張パック「エメラルドブレイク」,xy6_ja,5,Beautifly,R,https://images.scrydex.com/pokemon/xy6_ja-5/medium,https://scrydex.com/pokemon/cards/beautifly/xy6_ja-5?variant=firstEditionHolofoil,https://scrydex.com/pokemon/expansions/emerald-break/xy6_ja
XY6,ポケモンカードゲームXY 拡張パック「エメラルドブレイク」,xy6_ja,6,Cascoon,C,https://images.scrydex.com/pokemon/xy6_ja-6/medium,https://scrydex.com/pokemon/cards/cascoon/xy6_ja-6?variant=firstEdition,https://scrydex.com/pokemon/expansions/emerald-break/xy6_ja
XY6,ポケモンカードゲームXY 拡張パック「エメラルドブレイク」,xy6_ja,7,Dustox,C,https://images.scrydex.com/pokemon/xy6_ja-7/medium,https://scrydex.com/pokemon/cards/dustox/xy6_ja-7?variant=firstEdition,https://scrydex.com/pokemon/expansions/emerald-break/xy6_ja
XY6,ポケモンカードゲームXY 拡張パック「エメラルドブレイク」,xy6_ja,8,Dustox,C,https://images.scrydex.com/pokemon/xy6_ja-8/medium,https://scrydex.com/pokemon/cards/dustox/xy6_ja-8?variant=firstEdition,https://scrydex.com/pokemon/expansions/emerald-break/xy6_ja
XY6,ポケモンカードゲームXY 拡張パック「エメラルドブレイク」,xy6_ja,9,Nincada,C,https://images.scrydex.com/pokemon/xy6_ja-9/medium,https://scrydex.com/pokemon/cards/nincada/xy6_ja-9?variant=firstEdition,https://scrydex.com/pokemon/expansions/emerald-break/xy6_ja
XY6,ポケモンカードゲームXY 拡張パック「エメラルドブレイク」,xy6_ja,10,Ninjask,C,https://images.scrydex.com/pokemon/xy6_ja-10/medium,https://scrydex.com/pokemon/cards/ninjask/xy6_ja-10?variant=firstEdition,https://scrydex.com/pokemon/expansions/emerald-break/xy6_ja
XY6,ポケモンカードゲームXY 拡張パック「エメラルドブレイク」,xy6_ja,11,Shedinja,U,https://images.scrydex.com/pokemon/xy6_ja-11/medium,https://scrydex.com/pokemon/cards/shedinja/xy6_ja-11?variant=firstEdition,https://scrydex.com/pokemon/expansions/emerald-break/xy6_ja
XY6,ポケモンカードゲームXY 拡張パック「エメラルドブレイク」,xy6_ja,12,Tropius,C,https://images.scrydex.com/pokemon/xy6_ja-12/medium,https://scrydex.com/pokemon/cards/tropius/xy6_ja-12?variant=firstEdition,https://scrydex.com/pokemon/expansions/emerald-break/xy6_ja
XY6,ポケモンカードゲームXY 拡張パック「エメラルドブレイク」,xy6_ja,13,Fletchinder,C,https://images.scrydex.com/pokemon/xy6_ja-13/medium,https://scrydex.com/pokemon/cards/fletchinder/xy6_ja-13?variant=firstEdition,https://scrydex.com/pokemon/expansions/emerald-break/xy6_ja
XY6,ポケモンカードゲームXY 拡張パック「エメラルドブレイク」,xy6_ja,14,Talonflame,U,https://images.scrydex.com/pokemon/xy6_ja-14/medium,https://scrydex.com/pokemon/cards/talonflame/xy6_ja-14?variant=firstEdition,https://scrydex.com/pokemon/expansions/emerald-break/xy6_ja
XY6,ポケモンカードゲームXY 拡張パック「エメラルドブレイク」,xy6_ja,15,Articuno,U,https://images.scrydex.com/pokemon/xy6_ja-15/medium,https://scrydex.com/pokemon/cards/articuno/xy6_ja-15?variant=firstEdition,https://scrydex.com/pokemon/expansions/emerald-break/xy6_ja
XY6,ポケモンカードゲームXY 拡張パック「エメラルドブレイク」,xy6_ja,16,Articuno,U,https://images.scrydex.com/pokemon/xy6_ja-16/medium,https://scrydex.com/pokemon/cards/articuno/xy6_ja-16?variant=firstEdition,https://scrydex.com/pokemon/expansions/emerald-break/xy6_ja
XY6,ポケモンカードゲームXY 拡張パック「エメラルドブレイク」,xy6_ja,17,Wingull,C,https://images.scrydex.com/pokemon/xy6_ja-17/medium,https://scrydex.com/pokemon/cards/wingull/xy6_ja-17?variant=firstEdition,https://scrydex.com/pokemon/expansions/emerald-break/xy6_ja
XY6,ポケモンカードゲームXY 拡張パック「エメラルドブレイク」,xy6_ja,18,Pelipper,C,https://images.scrydex.com/pokemon/xy6_ja-18/medium,https://scrydex.com/pokemon/cards/pelipper/xy6_ja-18?variant=firstEdition,https://scrydex.com/pokemon/expansions/emerald-break/xy6_ja
XY6,ポケモンカードゲームXY 拡張パック「エメラルドブレイク」,xy6_ja,19,Voltorb,C,https://images.scrydex.com/pokemon/xy6_ja-19/medium,https://scrydex.com/pokemon/cards/voltorb/xy6_ja-19?variant=firstEdition,https://scrydex.com/pokemon/expansions/emerald-break/xy6_ja
XY6,ポケモンカードゲームXY 拡張パック「エメラルドブレイク」,xy6_ja,20,Electrode,C,https://images.scrydex.com/pokemon/xy6_ja-20/medium,https://scrydex.com/pokemon/cards/electrode/xy6_ja-20?variant=firstEdition,https://scrydex.com/pokemon/expansions/emerald-break/xy6_ja
XY6,ポケモンカードゲームXY 拡張パック「エメラルドブレイク」,xy6_ja,21,Zapdos,U,https://images.scrydex.com/pokemon/xy6_ja-21/medium,https://scrydex.com/pokemon/cards/zapdos/xy6_ja-21?variant=firstEdition,https://scrydex.com/pokemon/expansions/emerald-break/xy6_ja
XY6,ポケモンカードゲームXY 拡張パック「エメラルドブレイク」,xy6_ja,22,Thundurus-EX,RR,https://images.scrydex.com/pokemon/xy6_ja-22/medium,https://scrydex.com/pokemon/cards/thundurus-ex/xy6_ja-22?variant=firstEditionHolofoil,https://scrydex.com/pokemon/expansions/emerald-break/xy6_ja
XY6,ポケモンカードゲームXY 拡張パック「エメラルドブレイク」,xy6_ja,23,Natu,C,https://images.scrydex.com/pokemon/xy6_ja-23/medium,https://scrydex.com/pokemon/cards/natu/xy6_ja-23?variant=firstEdition,https://scrydex.com/pokemon/expansions/emerald-break/xy6_ja
XY6,ポケモンカードゲームXY 拡張パック「エメラルドブレイク」,xy6_ja,24,Natu,C,https://images.scrydex.com/pokemon/xy6_ja-24/medium,https://scrydex.com/pokemon/cards/natu/xy6_ja-24?variant=firstEdition,https://scrydex.com/pokemon/expansions/emerald-break/xy6_ja
XY6,ポケモンカードゲームXY 拡張パック「エメラルドブレイク」,xy6_ja,25,Xatu,C,https://images.scrydex.com/pokemon/xy6_ja-25/medium,https://scrydex.com/pokemon/cards/xatu/xy6_ja-25?variant=firstEdition,https://scrydex.com/pokemon/expansions/emerald-break/xy6_ja
XY6,ポケモンカードゲームXY 拡張パック「エメラルドブレイク」,xy6_ja,26,Shuppet,C,https://images.scrydex.com/pokemon/xy6_ja-26/medium,https://scrydex.com/pokemon/cards/shuppet/xy6_ja-26?variant=firstEdition,https://scrydex.com/pokemon/expansions/emerald-break/xy6_ja
XY6,ポケモンカードゲームXY 拡張パック「エメラルドブレイク」,xy6_ja,27,Banette,U,https://images.scrydex.com/pokemon/xy6_ja-27/medium,https://scrydex.com/pokemon/cards/banette/xy6_ja-27?variant=firstEdition,https://scrydex.com/pokemon/expansions/emerald-break/xy6_ja
XY6,ポケモンカードゲームXY 拡張パック「エメラルドブレイク」,xy6_ja,28,Banette,U,https://images.scrydex.com/pokemon/xy6_ja-28/medium,https://scrydex.com/pokemon/cards/banette/xy6_ja-28?variant=firstEdition,https://scrydex.com/pokemon/expansions/emerald-break/xy6_ja
XY6,ポケモンカードゲームXY 拡張パック「エメラルドブレイク」,xy6_ja,29,Deoxys,R,https://images.scrydex.com/pokemon/xy6_ja-29/medium,https://scrydex.com/pokemon/cards/deoxys/xy6_ja-29?variant=firstEditionHolofoil,https://scrydex.com/pokemon/expansions/emerald-break/xy6_ja
XY6,ポケモンカードゲームXY 拡張パック「エメラルドブレイク」,xy6_ja,30,Gallade-EX,RR,https://images.scrydex.com/pokemon/xy6_ja-30/medium,https://scrydex.com/pokemon/cards/gallade-ex/xy6_ja-30?variant=firstEditionHolofoil,https://scrydex.com/pokemon/expansions/emerald-break/xy6_ja
XY6,ポケモンカードゲームXY 拡張パック「エメラルドブレイク」,xy6_ja,31,M Gallade-EX,RR,https://images.scrydex.com/pokemon/xy6_ja-31/medium,https://scrydex.com/pokemon/cards/m-gallade-ex/xy6_ja-31?variant=firstEditionHolofoil,https://scrydex.com/pokemon/expansions/emerald-break/xy6_ja
XY6,ポケモンカードゲームXY 拡張パック「エメラルドブレイク」,xy6_ja,32,Gligar,C,https://images.scrydex.com/pokemon/xy6_ja-32/medium,https://scrydex.com/pokemon/cards/gligar/xy6_ja-32?variant=firstEdition,https://scrydex.com/pokemon/expansions/emerald-break/xy6_ja
XY6,ポケモンカードゲームXY 拡張パック「エメラルドブレイク」,xy6_ja,33,Gliscor,C,https://images.scrydex.com/pokemon/xy6_ja-33/medium,https://scrydex.com/pokemon/cards/gliscor/xy6_ja-33?variant=firstEdition,https://scrydex.com/pokemon/expansions/emerald-break/xy6_ja
XY6,ポケモンカードゲームXY 拡張パック「エメラルドブレイク」,xy6_ja,34,Absol,R,https://images.scrydex.com/pokemon/xy6_ja-34/medium,https://scrydex.com/pokemon/cards/absol/xy6_ja-34?variant=firstEditionHolofoil,https://scrydex.com/pokemon/expansions/emerald-break/xy6_ja
XY6,ポケモンカードゲームXY 拡張パック「エメラルドブレイク」,xy6_ja,35,Jirachi,R,https://images.scrydex.com/pokemon/xy6_ja-35/medium,https://scrydex.com/pokemon/cards/jirachi/xy6_ja-35?variant=firstEditionHolofoil,https://scrydex.com/pokemon/expansions/emerald-break/xy6_ja
XY6,ポケモンカードゲームXY 拡張パック「エメラルドブレイク」,xy6_ja,36,Togepi,C,https://images.scrydex.com/pokemon/xy6_ja-36/medium,https://scrydex.com/pokemon/cards/togepi/xy6_ja-36?variant=firstEdition,https://scrydex.com/pokemon/expansions/emerald-break/xy6_ja
XY6,ポケモンカードゲームXY 拡張パック「エメラルドブレイク」,xy6_ja,37,Togetic,C,https://images.scrydex.com/pokemon/xy6_ja-37/medium,https://scrydex.com/pokemon/cards/togetic/xy6_ja-37?variant=firstEdition,https://scrydex.com/pokemon/expansions/emerald-break/xy6_ja
XY6,ポケモンカードゲームXY 拡張パック「エメラルドブレイク」,xy6_ja,38,Togekiss,U,https://images.scrydex.com/pokemon/xy6_ja-38/medium,https://scrydex.com/pokemon/cards/togekiss/xy6_ja-38?variant=firstEdition,https://scrydex.com/pokemon/expansions/emerald-break/xy6_ja
XY6,ポケモンカードゲームXY 拡張パック「エメラルドブレイク」,xy6_ja,39,Togekiss,R,https://images.scrydex.com/pokemon/xy6_ja-39/medium,https://scrydex.com/pokemon/cards/togekiss/xy6_ja-39?variant=firstEditionHolofoil,https://scrydex.com/pokemon/expansions/emerald-break/xy6_ja
XY6,ポケモンカードゲームXY 拡張パック「エメラルドブレイク」,xy6_ja,40,Dratini,C,https://images.scrydex.com/pokemon/xy6_ja-40/medium,https://scrydex.com/pokemon/cards/dratini/xy6_ja-40?variant=firstEdition,https://scrydex.com/pokemon/expansions/emerald-break/xy6_ja
XY6,ポケモンカードゲームXY 拡張パック「エメラルドブレイク」,xy6_ja,41,Dragonair,C,https://images.scrydex.com/pokemon/xy6_ja-41/medium,https://scrydex.com/pokemon/cards/dragonair/xy6_ja-41?variant=firstEdition,https://scrydex.com/pokemon/expansions/emerald-break/xy6_ja
XY6,ポケモンカードゲームXY 拡張パック「エメラルドブレイク」,xy6_ja,42,Dragonite,U,https://images.scrydex.com/pokemon/xy6_ja-42/medium,https://scrydex.com/pokemon/cards/dragonite/xy6_ja-42?variant=firstEdition,https://scrydex.com/pokemon/expansions/emerald-break/xy6_ja
XY6,ポケモンカードゲームXY 拡張パック「エメラルドブレイク」,xy6_ja,43,Dragonite,R,https://images.scrydex.com/pokemon/xy6_ja-43/medium,https://scrydex.com/pokemon/cards/dragonite/xy6_ja-43?variant=firstEditionHolofoil,https://scrydex.com/pokemon/expansions/emerald-break/xy6_ja
XY6,ポケモンカードゲームXY 拡張パック「エメラルドブレイク」,xy6_ja,44,Altaria,C,https://images.scrydex.com/pokemon/xy6_ja-44/medium,https://scrydex.com/pokemon/cards/altaria/xy6_ja-44?variant=firstEdition,https://scrydex.com/pokemon/expansions/emerald-break/xy6_ja
XY6,ポケモンカードゲームXY 拡張パック「エメラルドブレイク」,xy6_ja,45,Bagon,C,https://images.scrydex.com/pokemon/xy6_ja-45/medium,https://scrydex.com/pokemon/cards/bagon/xy6_ja-45?variant=firstEdition,https://scrydex.com/pokemon/expansions/emerald-break/xy6_ja
XY6,ポケモンカードゲームXY 拡張パック「エメラルドブレイク」,xy6_ja,46,Shelgon,U,https://images.scrydex.com/pokemon/xy6_ja-46/medium,https://scrydex.com/pokemon/cards/shelgon/xy6_ja-46?variant=firstEdition,https://scrydex.com/pokemon/expansions/emerald-break/xy6_ja
XY6,ポケモンカードゲームXY 拡張パック「エメラルドブレイク」,xy6_ja,47,Salamence,R,https://images.scrydex.com/pokemon/xy6_ja-47/medium,https://scrydex.com/pokemon/cards/salamence/xy6_ja-47?variant=firstEditionHolofoil,https://scrydex.com/pokemon/expansions/emerald-break/xy6_ja
XY6,ポケモンカードゲームXY 拡張パック「エメラルドブレイク」,xy6_ja,48,Latios-EX,RR,https://images.scrydex.com/pokemon/xy6_ja-48/medium,https://scrydex.com/pokemon/cards/latios-ex/xy6_ja-48?variant=firstEditionHolofoil,https://scrydex.com/pokemon/expansions/emerald-break/xy6_ja
XY6,ポケモンカードゲームXY 拡張パック「エメラルドブレイク」,xy6_ja,49,M Latios-EX,RR,https://images.scrydex.com/pokemon/xy6_ja-49/medium,https://scrydex.com/pokemon/cards/m-latios-ex/xy6_ja-49?variant=firstEditionHolofoil,https://scrydex.com/pokemon/expansions/emerald-break/xy6_ja
XY6,ポケモンカードゲームXY 拡張パック「エメラルドブレイク」,xy6_ja,50,Hydreigon-EX,RR,https://images.scrydex.com/pokemon/xy6_ja-50/medium,https://scrydex.com/pokemon/cards/hydreigon-ex/xy6_ja-50?variant=firstEditionHolofoil,https://scrydex.com/pokemon/expansions/emerald-break/xy6_ja
XY6,ポケモンカードゲームXY 拡張パック「エメラルドブレイク」,xy6_ja,51,Reshiram,R,https://images.scrydex.com/pokemon/xy6_ja-51/medium,https://scrydex.com/pokemon/cards/reshiram/xy6_ja-51?variant=firstEditionHolofoil,https://scrydex.com/pokemon/expansions/emerald-break/xy6_ja
XY6,ポケモンカードゲームXY 拡張パック「エメラルドブレイク」,xy6_ja,52,Spearow,C,https://images.scrydex.com/pokemon/xy6_ja-52/medium,https://scrydex.com/pokemon/cards/spearow/xy6_ja-52?variant=firstEdition,https://scrydex.com/pokemon/expansions/emerald-break/xy6_ja
XY6,ポケモンカードゲームXY 拡張パック「エメラルドブレイク」,xy6_ja,53,Fearow,C,https://images.scrydex.com/pokemon/xy6_ja-53/medium,https://scrydex.com/pokemon/cards/fearow/xy6_ja-53?variant=firstEdition,https://scrydex.com/pokemon/expansions/emerald-break/xy6_ja
XY6,ポケモンカードゲームXY 拡張パック「エメラルドブレイク」,xy6_ja,54,Dunsparce,C,https://images.scrydex.com/pokemon/xy6_ja-54/medium,https://scrydex.com/pokemon/cards/dunsparce/xy6_ja-54?variant=firstEdition,https://scrydex.com/pokemon/expansions/emerald-break/xy6_ja
XY6,ポケモンカードゲームXY 拡張パック「エメラルドブレイク」,xy6_ja,55,Skarmory,C,https://images.scrydex.com/pokemon/xy6_ja-55/medium,https://scrydex.com/pokemon/cards/skarmory/xy6_ja-55?variant=firstEdition,https://scrydex.com/pokemon/expansions/emerald-break/xy6_ja
XY6,ポケモンカードゲームXY 拡張パック「エメラルドブレイク」,xy6_ja,56,Taillow,C,https://images.scrydex.com/pokemon/xy6_ja-56/medium,https://scrydex.com/pokemon/cards/taillow/xy6_ja-56?variant=firstEdition,https://scrydex.com/pokemon/expansions/emerald-break/xy6_ja
XY6,ポケモンカードゲームXY 拡張パック「エメラルドブレイク」,xy6_ja,57,Swellow,C,https://images.scrydex.com/pokemon/xy6_ja-57/medium,https://scrydex.com/pokemon/cards/swellow/xy6_ja-57?variant=firstEdition,https://scrydex.com/pokemon/expansions/emerald-break/xy6_ja
XY6,ポケモンカードゲームXY 拡張パック「エメラルドブレイク」,xy6_ja,58,Swellow,R,https://images.scrydex.com/pokemon/xy6_ja-58/medium,https://scrydex.com/pokemon/cards/swellow/xy6_ja-58?variant=firstEditionHolofoil,https://scrydex.com/pokemon/expansions/emerald-break/xy6_ja
XY6,ポケモンカードゲームXY 拡張パック「エメラルドブレイク」,xy6_ja,59,Swablu,C,https://images.scrydex.com/pokemon/xy6_ja-59/medium,https://scrydex.com/pokemon/cards/swablu/xy6_ja-59?variant=firstEdition,https://scrydex.com/pokemon/expansions/emerald-break/xy6_ja
XY6,ポケモンカードゲームXY 拡張パック「エメラルドブレイク」,xy6_ja,60,Altaria,U,https://images.scrydex.com/pokemon/xy6_ja-60/medium,https://scrydex.com/pokemon/cards/altaria/xy6_ja-60?variant=firstEdition,https://scrydex.com/pokemon/expansions/emerald-break/xy6_ja
XY6,ポケモンカードゲームXY 拡張パック「エメラルドブレイク」,xy6_ja,61,Rayquaza-EX,RR,https://images.scrydex.com/pokemon/xy6_ja-61/medium,https://scrydex.com/pokemon/cards/rayquaza-ex/xy6_ja-61?variant=firstEditionHolofoil,https://scrydex.com/pokemon/expansions/emerald-break/xy6_ja
XY6,ポケモンカードゲームXY 拡張パック「エメラルドブレイク」,xy6_ja,62,M Rayquaza-EX,RR,https://images.scrydex.com/pokemon/xy6_ja-62/medium,https://scrydex.com/pokemon/cards/m-rayquaza-ex/xy6_ja-62?variant=firstEditionHolofoil,https://scrydex.com/pokemon/expansions/emerald-break/xy6_ja
XY6,ポケモンカードゲームXY 拡張パック「エメラルドブレイク」,xy6_ja,63,Shaymin-EX,RR,https://images.scrydex.com/pokemon/xy6_ja-63/medium,https://scrydex.com/pokemon/cards/shaymin-ex/xy6_ja-63?variant=firstEditionHolofoil,https://scrydex.com/pokemon/expansions/emerald-break/xy6_ja
XY6,ポケモンカードゲームXY 拡張パック「エメラルドブレイク」,xy6_ja,64,Pidove,C,https://images.scrydex.com/pokemon/xy6_ja-64/medium,https://scrydex.com/pokemon/cards/pidove/xy6_ja-64?variant=firstEdition,https://scrydex.com/pokemon/expansions/emerald-break/xy6_ja
XY6,ポケモンカードゲームXY 拡張パック「エメラルドブレイク」,xy6_ja,65,Tranquill,C,https://images.scrydex.com/pokemon/xy6_ja-65/medium,https://scrydex.com/pokemon/cards/tranquill/xy6_ja-65?variant=firstEdition,https://scrydex.com/pokemon/expansions/emerald-break/xy6_ja
XY6,ポケモンカードゲームXY 拡張パック「エメラルドブレイク」,xy6_ja,66,Unfezant,U,https://images.scrydex.com/pokemon/xy6_ja-66/medium,https://scrydex.com/pokemon/cards/unfezant/xy6_ja-66?variant=firstEdition,https://scrydex.com/pokemon/expansions/emerald-break/xy6_ja
XY6,ポケモンカードゲームXY 拡張パック「エメラルドブレイク」,xy6_ja,67,Unfezant,U,https://images.scrydex.com/pokemon/xy6_ja-67/medium,https://scrydex.com/pokemon/cards/unfezant/xy6_ja-67?variant=firstEdition,https://scrydex.com/pokemon/expansions/emerald-break/xy6_ja
XY6,ポケモンカードゲームXY 拡張パック「エメラルドブレイク」,xy6_ja,68,Fletchling,C,https://images.scrydex.com/pokemon/xy6_ja-68/medium,https://scrydex.com/pokemon/cards/fletchling/xy6_ja-68?variant=firstEdition,https://scrydex.com/pokemon/expansions/emerald-break/xy6_ja
XY6,ポケモンカードゲームXY 拡張パック「エメラルドブレイク」,xy6_ja,69,Revive,U,https://images.scrydex.com/pokemon/xy6_ja-69/medium,https://scrydex.com/pokemon/cards/revive/xy6_ja-69?variant=firstEdition,https://scrydex.com/pokemon/expansions/emerald-break/xy6_ja
XY6,ポケモンカードゲームXY 拡張パック「エメラルドブレイク」,xy6_ja,70,Trainers' Mail,U,https://images.scrydex.com/pokemon/xy6_ja-70/medium,https://scrydex.com/pokemon/cards/trainers-mail/xy6_ja-70?variant=firstEdition,https://scrydex.com/pokemon/expansions/emerald-break/xy6_ja
XY6,ポケモンカードゲームXY 拡張パック「エメラルドブレイク」,xy6_ja,71,Mega Turbo,U,https://images.scrydex.com/pokemon/xy6_ja-71/medium,https://scrydex.com/pokemon/cards/mega-turbo/xy6_ja-71?variant=firstEdition,https://scrydex.com/pokemon/expansions/emerald-break/xy6_ja
XY6,ポケモンカードゲームXY 拡張パック「エメラルドブレイク」,xy6_ja,72,Wide Lens,U,https://images.scrydex.com/pokemon/xy6_ja-72/medium,https://scrydex.com/pokemon/cards/wide-lens/xy6_ja-72?variant=firstEdition,https://scrydex.com/pokemon/expansions/emerald-break/xy6_ja
XY6,ポケモンカードゲームXY 拡張パック「エメラルドブレイク」,xy6_ja,73,Gallade Spirit Link,U,https://images.scrydex.com/pokemon/xy6_ja-73/medium,https://scrydex.com/pokemon/cards/gallade-spirit-link/xy6_ja-73?variant=firstEdition,https://scrydex.com/pokemon/expansions/emerald-break/xy6_ja
XY6,ポケモンカードゲームXY 拡張パック「エメラルドブレイク」,xy6_ja,74,Latios Spirit Link,U,https://images.scrydex.com/pokemon/xy6_ja-74/medium,https://scrydex.com/pokemon/cards/latios-spirit-link/xy6_ja-74?variant=firstEdition,https://scrydex.com/pokemon/expansions/emerald-break/xy6_ja
XY6,ポケモンカードゲームXY 拡張パック「エメラルドブレイク」,xy6_ja,75,Winona,U,https://images.scrydex.com/pokemon/xy6_ja-75/medium,https://scrydex.com/pokemon/cards/winona/xy6_ja-75?variant=firstEdition,https://scrydex.com/pokemon/expansions/emerald-break/xy6_ja
XY6,ポケモンカードゲームXY 拡張パック「エメラルドブレイク」,xy6_ja,76,Wally,U,https://images.scrydex.com/pokemon/xy6_ja-76/medium,https://scrydex.com/pokemon/cards/wally/xy6_ja-76?variant=firstEdition,https://scrydex.com/pokemon/expansions/emerald-break/xy6_ja
XY6,ポケモンカードゲームXY 拡張パック「エメラルドブレイク」,xy6_ja,77,Sky Field,U,https://images.scrydex.com/pokemon/xy6_ja-77/medium,https://scrydex.com/pokemon/cards/sky-field/xy6_ja-77?variant=firstEdition,https://scrydex.com/pokemon/expansions/emerald-break/xy6_ja
XY6,ポケモンカードゲームXY 拡張パック「エメラルドブレイク」,xy6_ja,78,Double Dragon Energy,U,https://images.scrydex.com/pokemon/xy6_ja-78/medium,https://scrydex.com/pokemon/cards/double-dragon-energy/xy6_ja-78?variant=firstEdition,https://scrydex.com/pokemon/expansions/emerald-break/xy6_ja
XY7,ポケモンカードゲームXY 拡張パック「バンデットリング」,xy7_ja,1,Oddish,C,https://images.scrydex.com/pokemon/xy7_ja-1/medium,https://scrydex.com/pokemon/cards/oddish/xy7_ja-1?variant=firstEdition,https://scrydex.com/pokemon/expansions/bandit-ring/xy7_ja
XY7,ポケモンカードゲームXY 拡張パック「バンデットリング」,xy7_ja,2,Gloom,C,https://images.scrydex.com/pokemon/xy7_ja-2/medium,https://scrydex.com/pokemon/cards/gloom/xy7_ja-2?variant=firstEdition,https://scrydex.com/pokemon/expansions/bandit-ring/xy7_ja
XY7,ポケモンカードゲームXY 拡張パック「バンデットリング」,xy7_ja,3,Vileplume,U,https://images.scrydex.com/pokemon/xy7_ja-3/medium,https://scrydex.com/pokemon/cards/vileplume/xy7_ja-3?variant=firstEdition,https://scrydex.com/pokemon/expansions/bandit-ring/xy7_ja
XY7,ポケモンカードゲームXY 拡張パック「バンデットリング」,xy7_ja,4,Bellossom,C,https://images.scrydex.com/pokemon/xy7_ja-4/medium,https://scrydex.com/pokemon/cards/bellossom/xy7_ja-4?variant=firstEdition,https://scrydex.com/pokemon/expansions/bandit-ring/xy7_ja
XY7,ポケモンカードゲームXY 拡張パック「バンデットリング」,xy7_ja,5,Spinarak,C,https://images.scrydex.com/pokemon/xy7_ja-5/medium,https://scrydex.com/pokemon/cards/spinarak/xy7_ja-5?variant=firstEdition,https://scrydex.com/pokemon/expansions/bandit-ring/xy7_ja
XY7,ポケモンカードゲームXY 拡張パック「バンデットリング」,xy7_ja,6,Ariados,C,https://images.scrydex.com/pokemon/xy7_ja-6/medium,https://scrydex.com/pokemon/cards/ariados/xy7_ja-6?variant=firstEdition,https://scrydex.com/pokemon/expansions/bandit-ring/xy7_ja
XY7,ポケモンカードゲームXY 拡張パック「バンデットリング」,xy7_ja,7,Sceptile-EX,RR,https://images.scrydex.com/pokemon/xy7_ja-7/medium,https://scrydex.com/pokemon/cards/sceptile-ex/xy7_ja-7?variant=firstEditionHolofoil,https://scrydex.com/pokemon/expansions/bandit-ring/xy7_ja
XY7,ポケモンカードゲームXY 拡張パック「バンデットリング」,xy7_ja,8,M Sceptile-EX,RR,https://images.scrydex.com/pokemon/xy7_ja-8/medium,https://scrydex.com/pokemon/cards/m-sceptile-ex/xy7_ja-8?variant=firstEditionHolofoil,https://scrydex.com/pokemon/expansions/bandit-ring/xy7_ja
XY7,ポケモンカードゲームXY 拡張パック「バンデットリング」,xy7_ja,9,Combee,C,https://images.scrydex.com/pokemon/xy7_ja-9/medium,https://scrydex.com/pokemon/cards/combee/xy7_ja-9?variant=firstEdition,https://scrydex.com/pokemon/expansions/bandit-ring/xy7_ja
XY7,ポケモンカードゲームXY 拡張パック「バンデットリング」,xy7_ja,10,Vespiquen,C,https://images.scrydex.com/pokemon/xy7_ja-10/medium,https://scrydex.com/pokemon/cards/vespiquen/xy7_ja-10?variant=firstEdition,https://scrydex.com/pokemon/expansions/bandit-ring/xy7_ja
XY7,ポケモンカードゲームXY 拡張パック「バンデットリング」,xy7_ja,11,Vespiquen,C,https://images.scrydex.com/pokemon/xy7_ja-11/medium,https://scrydex.com/pokemon/cards/vespiquen/xy7_ja-11?variant=firstEdition,https://scrydex.com/pokemon/expansions/bandit-ring/xy7_ja
XY7,ポケモンカードゲームXY 拡張パック「バンデットリング」,xy7_ja,12,Virizion,R,https://images.scrydex.com/pokemon/xy7_ja-12/medium,https://scrydex.com/pokemon/cards/virizion/xy7_ja-12?variant=firstEditionHolofoil,https://scrydex.com/pokemon/expansions/bandit-ring/xy7_ja
XY7,ポケモンカードゲームXY 拡張パック「バンデットリング」,xy7_ja,13,Flareon,C,https://images.scrydex.com/pokemon/xy7_ja-13/medium,https://scrydex.com/pokemon/cards/flareon/xy7_ja-13?variant=firstEdition,https://scrydex.com/pokemon/expansions/bandit-ring/xy7_ja
XY7,ポケモンカードゲームXY 拡張パック「バンデットリング」,xy7_ja,14,Entei,U,https://images.scrydex.com/pokemon/xy7_ja-14/medium,https://scrydex.com/pokemon/cards/entei/xy7_ja-14?variant=firstEdition,https://scrydex.com/pokemon/expansions/bandit-ring/xy7_ja
XY7,ポケモンカードゲームXY 拡張パック「バンデットリング」,xy7_ja,15,Entei,R,https://images.scrydex.com/pokemon/xy7_ja-15/medium,https://scrydex.com/pokemon/cards/entei/xy7_ja-15?variant=firstEditionHolofoil,https://scrydex.com/pokemon/expansions/bandit-ring/xy7_ja
XY7,ポケモンカードゲームXY 拡張パック「バンデットリング」,xy7_ja,16,Larvesta,C,https://images.scrydex.com/pokemon/xy7_ja-16/medium,https://scrydex.com/pokemon/cards/larvesta/xy7_ja-16?variant=firstEdition,https://scrydex.com/pokemon/expansions/bandit-ring/xy7_ja
XY7,ポケモンカードゲームXY 拡張パック「バンデットリング」,xy7_ja,17,Volcarona,R,https://images.scrydex.com/pokemon/xy7_ja-17/medium,https://scrydex.com/pokemon/cards/volcarona/xy7_ja-17?variant=firstEditionHolofoil,https://scrydex.com/pokemon/expansions/bandit-ring/xy7_ja
XY7,ポケモンカードゲームXY 拡張パック「バンデットリング」,xy7_ja,18,Volcarona,U,https://images.scrydex.com/pokemon/xy7_ja-18/medium,https://scrydex.com/pokemon/cards/volcarona/xy7_ja-18?variant=firstEdition,https://scrydex.com/pokemon/expansions/bandit-ring/xy7_ja
XY7,ポケモンカードゲームXY 拡張パック「バンデットリング」,xy7_ja,19,Magikarp,C,https://images.scrydex.com/pokemon/xy7_ja-19/medium,https://scrydex.com/pokemon/cards/magikarp/xy7_ja-19?variant=firstEdition,https://scrydex.com/pokemon/expansions/bandit-ring/xy7_ja
XY7,ポケモンカードゲームXY 拡張パック「バンデットリング」,xy7_ja,20,Gyarados,U,https://images.scrydex.com/pokemon/xy7_ja-20/medium,https://scrydex.com/pokemon/cards/gyarados/xy7_ja-20?variant=firstEdition,https://scrydex.com/pokemon/expansions/bandit-ring/xy7_ja
XY7,ポケモンカードゲームXY 拡張パック「バンデットリング」,xy7_ja,21,Gyarados,R,https://images.scrydex.com/pokemon/xy7_ja-21/medium,https://scrydex.com/pokemon/cards/gyarados/xy7_ja-21?variant=firstEditionHolofoil,https://scrydex.com/pokemon/expansions/bandit-ring/xy7_ja
XY7,ポケモンカードゲームXY 拡張パック「バンデットリング」,xy7_ja,22,Vaporeon,C,https://images.scrydex.com/pokemon/xy7_ja-22/medium,https://scrydex.com/pokemon/cards/vaporeon/xy7_ja-22?variant=firstEdition,https://scrydex.com/pokemon/expansions/bandit-ring/xy7_ja
XY7,ポケモンカードゲームXY 拡張パック「バンデットリング」,xy7_ja,23,Relicanth,C,https://images.scrydex.com/pokemon/xy7_ja-23/medium,https://scrydex.com/pokemon/cards/relicanth/xy7_ja-23?variant=firstEdition,https://scrydex.com/pokemon/expansions/bandit-ring/xy7_ja
XY7,ポケモンカードゲームXY 拡張パック「バンデットリング」,xy7_ja,24,Regice,U,https://images.scrydex.com/pokemon/xy7_ja-24/medium,https://scrydex.com/pokemon/cards/regice/xy7_ja-24?variant=firstEdition,https://scrydex.com/pokemon/expansions/bandit-ring/xy7_ja
XY7,ポケモンカードゲームXY 拡張パック「バンデットリング」,xy7_ja,25,Kyurem-EX,RR,https://images.scrydex.com/pokemon/xy7_ja-25/medium,https://scrydex.com/pokemon/cards/kyurem-ex/xy7_ja-25?variant=firstEditionHolofoil,https://scrydex.com/pokemon/expansions/bandit-ring/xy7_ja
XY7,ポケモンカードゲームXY 拡張パック「バンデットリング」,xy7_ja,26,Jolteon,R,https://images.scrydex.com/pokemon/xy7_ja-26/medium,https://scrydex.com/pokemon/cards/jolteon/xy7_ja-26?variant=firstEditionHolofoil,https://scrydex.com/pokemon/expansions/bandit-ring/xy7_ja
XY7,ポケモンカードゲームXY 拡張パック「バンデットリング」,xy7_ja,27,Ampharos-EX,RR,https://images.scrydex.com/pokemon/xy7_ja-27/medium,https://scrydex.com/pokemon/cards/ampharos-ex/xy7_ja-27?variant=firstEditionHolofoil,https://scrydex.com/pokemon/expansions/bandit-ring/xy7_ja
XY7,ポケモンカードゲームXY 拡張パック「バンデットリング」,xy7_ja,28,M Ampharos-EX,RR,https://images.scrydex.com/pokemon/xy7_ja-28/medium,https://scrydex.com/pokemon/cards/m-ampharos-ex/xy7_ja-28?variant=firstEditionHolofoil,https://scrydex.com/pokemon/expansions/bandit-ring/xy7_ja
XY7,ポケモンカードゲームXY 拡張パック「バンデットリング」,xy7_ja,29,Rotom,C,https://images.scrydex.com/pokemon/xy7_ja-29/medium,https://scrydex.com/pokemon/cards/rotom/xy7_ja-29?variant=firstEdition,https://scrydex.com/pokemon/expansions/bandit-ring/xy7_ja
XY7,ポケモンカードゲームXY 拡張パック「バンデットリング」,xy7_ja,30,Unown,C,https://images.scrydex.com/pokemon/xy7_ja-30/medium,https://scrydex.com/pokemon/cards/unown/xy7_ja-30?variant=firstEdition,https://scrydex.com/pokemon/expansions/bandit-ring/xy7_ja
XY7,ポケモンカードゲームXY 拡張パック「バンデットリング」,xy7_ja,31,Baltoy,C,https://images.scrydex.com/pokemon/xy7_ja-31/medium,https://scrydex.com/pokemon/cards/baltoy/xy7_ja-31?variant=firstEdition,https://scrydex.com/pokemon/expansions/bandit-ring/xy7_ja
XY7,ポケモンカードゲームXY 拡張パック「バンデットリング」,xy7_ja,32,Baltoy,C,https://images.scrydex.com/pokemon/xy7_ja-32/medium,https://scrydex.com/pokemon/cards/baltoy/xy7_ja-32?variant=firstEdition,https://scrydex.com/pokemon/expansions/bandit-ring/xy7_ja
XY7,ポケモンカードゲームXY 拡張パック「バンデットリング」,xy7_ja,33,Claydol,U,https://images.scrydex.com/pokemon/xy7_ja-33/medium,https://scrydex.com/pokemon/cards/claydol/xy7_ja-33?variant=firstEdition,https://scrydex.com/pokemon/expansions/bandit-ring/xy7_ja
XY7,ポケモンカードゲームXY 拡張パック「バンデットリング」,xy7_ja,34,Golett,C,https://images.scrydex.com/pokemon/xy7_ja-34/medium,https://scrydex.com/pokemon/cards/golett/xy7_ja-34?variant=firstEdition,https://scrydex.com/pokemon/expansions/bandit-ring/xy7_ja
XY7,ポケモンカードゲームXY 拡張パック「バンデットリング」,xy7_ja,35,Golurk,U,https://images.scrydex.com/pokemon/xy7_ja-35/medium,https://scrydex.com/pokemon/cards/golurk/xy7_ja-35?variant=firstEdition,https://scrydex.com/pokemon/expansions/bandit-ring/xy7_ja
XY7,ポケモンカードゲームXY 拡張パック「バンデットリング」,xy7_ja,36,Hoopa-EX,RR,https://images.scrydex.com/pokemon/xy7_ja-36/medium,https://scrydex.com/pokemon/cards/hoopa-ex/xy7_ja-36?variant=firstEditionHolofoil,https://scrydex.com/pokemon/expansions/bandit-ring/xy7_ja
XY7,ポケモンカードゲームXY 拡張パック「バンデットリング」,xy7_ja,37,Machamp-EX,RR,https://images.scrydex.com/pokemon/xy7_ja-37/medium,https://scrydex.com/pokemon/cards/machamp-ex/xy7_ja-37?variant=firstEditionHolofoil,https://scrydex.com/pokemon/expansions/bandit-ring/xy7_ja
XY7,ポケモンカードゲームXY 拡張パック「バンデットリング」,xy7_ja,38,Wooper,C,https://images.scrydex.com/pokemon/xy7_ja-38/medium,https://scrydex.com/pokemon/cards/wooper/xy7_ja-38?variant=firstEdition,https://scrydex.com/pokemon/expansions/bandit-ring/xy7_ja
XY7,ポケモンカードゲームXY 拡張パック「バンデットリング」,xy7_ja,39,Quagsire,C,https://images.scrydex.com/pokemon/xy7_ja-39/medium,https://scrydex.com/pokemon/cards/quagsire/xy7_ja-39?variant=firstEdition,https://scrydex.com/pokemon/expansions/bandit-ring/xy7_ja
XY7,ポケモンカードゲームXY 拡張パック「バンデットリング」,xy7_ja,40,Regirock,U,https://images.scrydex.com/pokemon/xy7_ja-40/medium,https://scrydex.com/pokemon/cards/regirock/xy7_ja-40?variant=firstEdition,https://scrydex.com/pokemon/expansions/bandit-ring/xy7_ja
XY7,ポケモンカードゲームXY 拡張パック「バンデットリング」,xy7_ja,41,Golurk,C,https://images.scrydex.com/pokemon/xy7_ja-41/medium,https://scrydex.com/pokemon/cards/golurk/xy7_ja-41?variant=firstEdition,https://scrydex.com/pokemon/expansions/bandit-ring/xy7_ja
XY7,ポケモンカードゲームXY 拡張パック「バンデットリング」,xy7_ja,42,Tyranitar-EX,RR,https://images.scrydex.com/pokemon/xy7_ja-42/medium,https://scrydex.com/pokemon/cards/tyranitar-ex/xy7_ja-42?variant=firstEditionHolofoil,https://scrydex.com/pokemon/expansions/bandit-ring/xy7_ja
XY7,ポケモンカードゲームXY 拡張パック「バンデットリング」,xy7_ja,43,M Tyranitar-EX,RR,https://images.scrydex.com/pokemon/xy7_ja-43/medium,https://scrydex.com/pokemon/cards/m-tyranitar-ex/xy7_ja-43?variant=firstEditionHolofoil,https://scrydex.com/pokemon/expansions/bandit-ring/xy7_ja
XY7,ポケモンカードゲームXY 拡張パック「バンデットリング」,xy7_ja,44,Sableye,C,https://images.scrydex.com/pokemon/xy7_ja-44/medium,https://scrydex.com/pokemon/cards/sableye/xy7_ja-44?variant=firstEdition,https://scrydex.com/pokemon/expansions/bandit-ring/xy7_ja
XY7,ポケモンカードゲームXY 拡張パック「バンデットリング」,xy7_ja,45,Inkay,C,https://images.scrydex.com/pokemon/xy7_ja-45/medium,https://scrydex.com/pokemon/cards/inkay/xy7_ja-45?variant=firstEdition,https://scrydex.com/pokemon/expansions/bandit-ring/xy7_ja
XY7,ポケモンカードゲームXY 拡張パック「バンデットリング」,xy7_ja,46,Malamar,C,https://images.scrydex.com/pokemon/xy7_ja-46/medium,https://scrydex.com/pokemon/cards/malamar/xy7_ja-46?variant=firstEdition,https://scrydex.com/pokemon/expansions/bandit-ring/xy7_ja
XY7,ポケモンカードゲームXY 拡張パック「バンデットリング」,xy7_ja,47,Beldum,C,https://images.scrydex.com/pokemon/xy7_ja-47/medium,https://scrydex.com/pokemon/cards/beldum/xy7_ja-47?variant=firstEdition,https://scrydex.com/pokemon/expansions/bandit-ring/xy7_ja
XY7,ポケモンカードゲームXY 拡張パック「バンデットリング」,xy7_ja,48,Metang,C,https://images.scrydex.com/pokemon/xy7_ja-48/medium,https://scrydex.com/pokemon/cards/metang/xy7_ja-48?variant=firstEdition,https://scrydex.com/pokemon/expansions/bandit-ring/xy7_ja
XY7,ポケモンカードゲームXY 拡張パック「バンデットリング」,xy7_ja,49,Metagross,R,https://images.scrydex.com/pokemon/xy7_ja-49/medium,https://scrydex.com/pokemon/cards/metagross/xy7_ja-49?variant=firstEditionHolofoil,https://scrydex.com/pokemon/expansions/bandit-ring/xy7_ja
XY7,ポケモンカードゲームXY 拡張パック「バンデットリング」,xy7_ja,50,Metagross,U,https://images.scrydex.com/pokemon/xy7_ja-50/medium,https://scrydex.com/pokemon/cards/metagross/xy7_ja-50?variant=firstEdition,https://scrydex.com/pokemon/expansions/bandit-ring/xy7_ja
XY7,ポケモンカードゲームXY 拡張パック「バンデットリング」,xy7_ja,51,Registeel,U,https://images.scrydex.com/pokemon/xy7_ja-51/medium,https://scrydex.com/pokemon/cards/registeel/xy7_ja-51?variant=firstEdition,https://scrydex.com/pokemon/expansions/bandit-ring/xy7_ja
XY7,ポケモンカードゲームXY 拡張パック「バンデットリング」,xy7_ja,52,Ralts,C,https://images.scrydex.com/pokemon/xy7_ja-52/medium,https://scrydex.com/pokemon/cards/ralts/xy7_ja-52?variant=firstEdition,https://scrydex.com/pokemon/expansions/bandit-ring/xy7_ja
XY7,ポケモンカードゲームXY 拡張パック「バンデットリング」,xy7_ja,53,Kirlia,C,https://images.scrydex.com/pokemon/xy7_ja-53/medium,https://scrydex.com/pokemon/cards/kirlia/xy7_ja-53?variant=firstEdition,https://scrydex.com/pokemon/expansions/bandit-ring/xy7_ja
XY7,ポケモンカードゲームXY 拡張パック「バンデットリング」,xy7_ja,54,Gardevoir,R,https://images.scrydex.com/pokemon/xy7_ja-54/medium,https://scrydex.com/pokemon/cards/gardevoir/xy7_ja-54?variant=firstEditionHolofoil,https://scrydex.com/pokemon/expansions/bandit-ring/xy7_ja
XY7,ポケモンカードゲームXY 拡張パック「バンデットリング」,xy7_ja,55,Cottonee,C,https://images.scrydex.com/pokemon/xy7_ja-55/medium,https://scrydex.com/pokemon/cards/cottonee/xy7_ja-55?variant=firstEdition,https://scrydex.com/pokemon/expansions/bandit-ring/xy7_ja
XY7,ポケモンカードゲームXY 拡張パック「バンデットリング」,xy7_ja,56,Whimsicott,C,https://images.scrydex.com/pokemon/xy7_ja-56/medium,https://scrydex.com/pokemon/cards/whimsicott/xy7_ja-56?variant=firstEdition,https://scrydex.com/pokemon/expansions/bandit-ring/xy7_ja
XY7,ポケモンカードゲームXY 拡張パック「バンデットリング」,xy7_ja,57,Giratina-EX,RR,https://images.scrydex.com/pokemon/xy7_ja-57/medium,https://scrydex.com/pokemon/cards/giratina-ex/xy7_ja-57?variant=firstEditionHolofoil,https://scrydex.com/pokemon/expansions/bandit-ring/xy7_ja
XY7,ポケモンカードゲームXY 拡張パック「バンデットリング」,xy7_ja,58,Goomy,C,https://images.scrydex.com/pokemon/xy7_ja-58/medium,https://scrydex.com/pokemon/cards/goomy/xy7_ja-58?variant=firstEdition,https://scrydex.com/pokemon/expansions/bandit-ring/xy7_ja
XY7,ポケモンカードゲームXY 拡張パック「バンデットリング」,xy7_ja,59,Sliggoo,C,https://images.scrydex.com/pokemon/xy7_ja-59/medium,https://scrydex.com/pokemon/cards/sliggoo/xy7_ja-59?variant=firstEdition,https://scrydex.com/pokemon/expansions/bandit-ring/xy7_ja
XY7,ポケモンカードゲームXY 拡張パック「バンデットリング」,xy7_ja,60,Goodra,R,https://images.scrydex.com/pokemon/xy7_ja-60/medium,https://scrydex.com/pokemon/cards/goodra/xy7_ja-60?variant=firstEditionHolofoil,https://scrydex.com/pokemon/expansions/bandit-ring/xy7_ja
XY7,ポケモンカードゲームXY 拡張パック「バンデットリング」,xy7_ja,61,Meowth,C,https://images.scrydex.com/pokemon/xy7_ja-61/medium,https://scrydex.com/pokemon/cards/meowth/xy7_ja-61?variant=firstEdition,https://scrydex.com/pokemon/expansions/bandit-ring/xy7_ja
XY7,ポケモンカードゲームXY 拡張パック「バンデットリング」,xy7_ja,62,Persian,C,https://images.scrydex.com/pokemon/xy7_ja-62/medium,https://scrydex.com/pokemon/cards/persian/xy7_ja-62?variant=firstEdition,https://scrydex.com/pokemon/expansions/bandit-ring/xy7_ja
XY7,ポケモンカードゲームXY 拡張パック「バンデットリング」,xy7_ja,63,Eevee,C,https://images.scrydex.com/pokemon/xy7_ja-63/medium,https://scrydex.com/pokemon/cards/eevee/xy7_ja-63?variant=firstEdition,https://scrydex.com/pokemon/expansions/bandit-ring/xy7_ja
XY7,ポケモンカードゲームXY 拡張パック「バンデットリング」,xy7_ja,64,Porygon,C,https://images.scrydex.com/pokemon/xy7_ja-64/medium,https://scrydex.com/pokemon/cards/porygon/xy7_ja-64?variant=firstEdition,https://scrydex.com/pokemon/expansions/bandit-ring/xy7_ja
XY7,ポケモンカードゲームXY 拡張パック「バンデットリング」,xy7_ja,65,Porygon2,C,https://images.scrydex.com/pokemon/xy7_ja-65/medium,https://scrydex.com/pokemon/cards/porygon2/xy7_ja-65?variant=firstEdition,https://scrydex.com/pokemon/expansions/bandit-ring/xy7_ja
XY7,ポケモンカードゲームXY 拡張パック「バンデットリング」,xy7_ja,66,Porygon-Z,U,https://images.scrydex.com/pokemon/xy7_ja-66/medium,https://scrydex.com/pokemon/cards/porygon-z/xy7_ja-66?variant=firstEdition,https://scrydex.com/pokemon/expansions/bandit-ring/xy7_ja
XY7,ポケモンカードゲームXY 拡張パック「バンデットリング」,xy7_ja,67,Porygon-Z,R,https://images.scrydex.com/pokemon/xy7_ja-67/medium,https://scrydex.com/pokemon/cards/porygon-z/xy7_ja-67?variant=firstEditionHolofoil,https://scrydex.com/pokemon/expansions/bandit-ring/xy7_ja
XY7,ポケモンカードゲームXY 拡張パック「バンデットリング」,xy7_ja,68,Lugia-EX,RR,https://images.scrydex.com/pokemon/xy7_ja-68/medium,https://scrydex.com/pokemon/cards/lugia-ex/xy7_ja-68?variant=firstEditionHolofoil,https://scrydex.com/pokemon/expansions/bandit-ring/xy7_ja
XY7,ポケモンカードゲームXY 拡張パック「バンデットリング」,xy7_ja,69,Eco Arm,U,https://images.scrydex.com/pokemon/xy7_ja-69/medium,https://scrydex.com/pokemon/cards/eco-arm/xy7_ja-69?variant=firstEdition,https://scrydex.com/pokemon/expansions/bandit-ring/xy7_ja
XY7,ポケモンカードゲームXY 拡張パック「バンデットリング」,xy7_ja,70,Paint Roller,U,https://images.scrydex.com/pokemon/xy7_ja-70/medium,https://scrydex.com/pokemon/cards/paint-roller/xy7_ja-70?variant=firstEdition,https://scrydex.com/pokemon/expansions/bandit-ring/xy7_ja
XY7,ポケモンカードゲームXY 拡張パック「バンデットリング」,xy7_ja,71,Level Ball,U,https://images.scrydex.com/pokemon/xy7_ja-71/medium,https://scrydex.com/pokemon/cards/level-ball/xy7_ja-71?variant=firstEdition,https://scrydex.com/pokemon/expansions/bandit-ring/xy7_ja
XY7,ポケモンカードゲームXY 拡張パック「バンデットリング」,xy7_ja,72,Lucky Helmet,U,https://images.scrydex.com/pokemon/xy7_ja-72/medium,https://scrydex.com/pokemon/cards/lucky-helmet/xy7_ja-72?variant=firstEdition,https://scrydex.com/pokemon/expansions/bandit-ring/xy7_ja
XY7,ポケモンカードゲームXY 拡張パック「バンデットリング」,xy7_ja,73,Sceptile Spirit Link,U,https://images.scrydex.com/pokemon/xy7_ja-73/medium,https://scrydex.com/pokemon/cards/sceptile-spirit-link/xy7_ja-73?variant=firstEdition,https://scrydex.com/pokemon/expansions/bandit-ring/xy7_ja
XY7,ポケモンカードゲームXY 拡張パック「バンデットリング」,xy7_ja,74,Ampharos Spirit Link,U,https://images.scrydex.com/pokemon/xy7_ja-74/medium,https://scrydex.com/pokemon/cards/ampharos-spirit-link/xy7_ja-74?variant=firstEdition,https://scrydex.com/pokemon/expansions/bandit-ring/xy7_ja
XY7,ポケモンカードゲームXY 拡張パック「バンデットリング」,xy7_ja,75,Tyranitar Spirit Link,U,https://images.scrydex.com/pokemon/xy7_ja-75/medium,https://scrydex.com/pokemon/cards/tyranitar-spirit-link/xy7_ja-75?variant=firstEdition,https://scrydex.com/pokemon/expansions/bandit-ring/xy7_ja
XY7,ポケモンカードゲームXY 拡張パック「バンデットリング」,xy7_ja,76,Ace Trainer,U,https://images.scrydex.com/pokemon/xy7_ja-76/medium,https://scrydex.com/pokemon/cards/ace-trainer/xy7_ja-76?variant=firstEdition,https://scrydex.com/pokemon/expansions/bandit-ring/xy7_ja
XY7,ポケモンカードゲームXY 拡張パック「バンデットリング」,xy7_ja,77,Hex Maniac,U,https://images.scrydex.com/pokemon/xy7_ja-77/medium,https://scrydex.com/pokemon/cards/hex-maniac/xy7_ja-77?variant=firstEdition,https://scrydex.com/pokemon/expansions/bandit-ring/xy7_ja
XY7,ポケモンカードゲームXY 拡張パック「バンデットリング」,xy7_ja,78,Faded Town,U,https://images.scrydex.com/pokemon/xy7_ja-78/medium,https://scrydex.com/pokemon/cards/faded-town/xy7_ja-78?variant=firstEdition,https://scrydex.com/pokemon/expansions/bandit-ring/xy7_ja
XY7,ポケモンカードゲームXY 拡張パック「バンデットリング」,xy7_ja,79,Forest of Giant Plants,U,https://images.scrydex.com/pokemon/xy7_ja-79/medium,https://scrydex.com/pokemon/cards/forest-of-giant-plants/xy7_ja-79?variant=firstEdition,https://scrydex.com/pokemon/expansions/bandit-ring/xy7_ja
XY7,ポケモンカードゲームXY 拡張パック「バンデットリング」,xy7_ja,80,Flash Energy,U,https://images.scrydex.com/pokemon/xy7_ja-80/medium,https://scrydex.com/pokemon/cards/flash-energy/xy7_ja-80?variant=firstEdition,https://scrydex.com/pokemon/expansions/bandit-ring/xy7_ja
XY7,ポケモンカードゲームXY 拡張パック「バンデットリング」,xy7_ja,81,Dangerous Energy,U,https://images.scrydex.com/pokemon/xy7_ja-81/medium,https://scrydex.com/pokemon/cards/dangerous-energy/xy7_ja-81?variant=firstEdition,https://scrydex.com/pokemon/expansions/bandit-ring/xy7_ja
