series_name,set_code,set_name,scrydex_id,scrydex_url,card_number
SMシリーズ,SM1p,サン&ムーン,sm1p_ja,https://scrydex.com/pokemon/expansions/strength-expansion-pack-sun-moon/sm1p_ja,69
SMシリーズ,SM1p,サン&ムーン,sm1p_ja,https://scrydex.com/pokemon/expansions/strength-expansion-pack-sun-moon/sm1p_ja,72
SMシリーズ,SM1p,サン&ムーン,sm1p_ja,https://scrydex.com/pokemon/expansions/strength-expansion-pack-sun-moon/sm1p_ja,73
SVシリーズ,SV4a,レイジングサーフ,sv4a_ja,https://scrydex.com/pokemon/expansions/shiny-treasure-ex/sv4a_ja,127
SVシリーズ,SV4a,レイジングサーフ,sv4a_ja,https://scrydex.com/pokemon/expansions/shiny-treasure-ex/sv4a_ja,128
SVシリーズ,SV4a,レイジングサーフ,sv4a_ja,https://scrydex.com/pokemon/expansions/shiny-treasure-ex/sv4a_ja,129
SVシリーズ,SV4a,レイジングサーフ,sv4a_ja,https://scrydex.com/pokemon/expansions/shiny-treasure-ex/sv4a_ja,130
SVシリーズ,SV4a,レイジングサーフ,sv4a_ja,https://scrydex.com/pokemon/expansions/shiny-treasure-ex/sv4a_ja,131
SVシリーズ,SV4a,レイジングサーフ,sv4a_ja,https://scrydex.com/pokemon/expansions/shiny-treasure-ex/sv4a_ja,132
SVシリーズ,SV4a,レイジングサーフ,sv4a_ja,https://scrydex.com/pokemon/expansions/shiny-treasure-ex/sv4a_ja,133
SVシリーズ,SV4a,レイジングサーフ,sv4a_ja,https://scrydex.com/pokemon/expansions/shiny-treasure-ex/sv4a_ja,134
SVシリーズ,SV4a,レイジングサーフ,sv4a_ja,https://scrydex.com/pokemon/expansions/shiny-treasure-ex/sv4a_ja,135
SVシリーズ,SV4a,レイジングサーフ,sv4a_ja,https://scrydex.com/pokemon/expansions/shiny-treasure-ex/sv4a_ja,136
SVシリーズ,SV4a,レイジングサーフ,sv4a_ja,https://scrydex.com/pokemon/expansions/shiny-treasure-ex/sv4a_ja,137
SVシリーズ,SV4a,レイジングサーフ,sv4a_ja,https://scrydex.com/pokemon/expansions/shiny-treasure-ex/sv4a_ja,138
SVシリーズ,SV4a,レイジングサーフ,sv4a_ja,https://scrydex.com/pokemon/expansions/shiny-treasure-ex/sv4a_ja,139
SVシリーズ,SV4a,レイジングサーフ,sv4a_ja,https://scrydex.com/pokemon/expansions/shiny-treasure-ex/sv4a_ja,140
SVシリーズ,SV4a,レイジングサーフ,sv4a_ja,https://scrydex.com/pokemon/expansions/shiny-treasure-ex/sv4a_ja,141
SVシリーズ,SV4a,レイジングサーフ,sv4a_ja,https://scrydex.com/pokemon/expansions/shiny-treasure-ex/sv4a_ja,142
SVシリーズ,SV4a,レイジングサーフ,sv4a_ja,https://scrydex.com/pokemon/expansions/shiny-treasure-ex/sv4a_ja,143
SVシリーズ,SV4a,レイジングサーフ,sv4a_ja,https://scrydex.com/pokemon/expansions/shiny-treasure-ex/sv4a_ja,144
SVシリーズ,SV4a,レイジングサーフ,sv4a_ja,https://scrydex.com/pokemon/expansions/shiny-treasure-ex/sv4a_ja,145
SVシリーズ,SV4a,レイジングサーフ,sv4a_ja,https://scrydex.com/pokemon/expansions/shiny-treasure-ex/sv4a_ja,146
SVシリーズ,SV4a,レイジングサーフ,sv4a_ja,https://scrydex.com/pokemon/expansions/shiny-treasure-ex/sv4a_ja,148
SVシリーズ,SV4a,レイジングサーフ,sv4a_ja,https://scrydex.com/pokemon/expansions/shiny-treasure-ex/sv4a_ja,149
SVシリーズ,SV4a,レイジングサーフ,sv4a_ja,https://scrydex.com/pokemon/expansions/shiny-treasure-ex/sv4a_ja,150
SVシリーズ,SV4a,レイジングサーフ,sv4a_ja,https://scrydex.com/pokemon/expansions/shiny-treasure-ex/sv4a_ja,151
SVシリーズ,SV4a,レイジングサーフ,sv4a_ja,https://scrydex.com/pokemon/expansions/shiny-treasure-ex/sv4a_ja,152
SVシリーズ,SV4a,レイジングサーフ,sv4a_ja,https://scrydex.com/pokemon/expansions/shiny-treasure-ex/sv4a_ja,153
SVシリーズ,SV4a,レイジングサーフ,sv4a_ja,https://scrydex.com/pokemon/expansions/shiny-treasure-ex/sv4a_ja,154
SVシリーズ,SV4a,レイジングサーフ,sv4a_ja,https://scrydex.com/pokemon/expansions/shiny-treasure-ex/sv4a_ja,155
SVシリーズ,SV4a,レイジングサーフ,sv4a_ja,https://scrydex.com/pokemon/expansions/shiny-treasure-ex/sv4a_ja,156
SVシリーズ,SV4a,レイジングサーフ,sv4a_ja,https://scrydex.com/pokemon/expansions/shiny-treasure-ex/sv4a_ja,157
SVシリーズ,SV4a,レイジングサーフ,sv4a_ja,https://scrydex.com/pokemon/expansions/shiny-treasure-ex/sv4a_ja,158
SVシリーズ,SV4a,レイジングサーフ,sv4a_ja,https://scrydex.com/pokemon/expansions/shiny-treasure-ex/sv4a_ja,159
SVシリーズ,SV4a,レイジングサーフ,sv4a_ja,https://scrydex.com/pokemon/expansions/shiny-treasure-ex/sv4a_ja,160
SVシリーズ,SV4a,レイジングサーフ,sv4a_ja,https://scrydex.com/pokemon/expansions/shiny-treasure-ex/sv4a_ja,161
SVシリーズ,SV4a,レイジングサーフ,sv4a_ja,https://scrydex.com/pokemon/expansions/shiny-treasure-ex/sv4a_ja,162
SVシリーズ,SV4a,レイジングサーフ,sv4a_ja,https://scrydex.com/pokemon/expansions/shiny-treasure-ex/sv4a_ja,163
SVシリーズ,SV4a,レイジングサーフ,sv4a_ja,https://scrydex.com/pokemon/expansions/shiny-treasure-ex/sv4a_ja,164
SVシリーズ,SV4a,レイジングサーフ,sv4a_ja,https://scrydex.com/pokemon/expansions/shiny-treasure-ex/sv4a_ja,165
SVシリーズ,SV4a,レイジングサーフ,sv4a_ja,https://scrydex.com/pokemon/expansions/shiny-treasure-ex/sv4a_ja,166
SVシリーズ,SV4a,レイジングサーフ,sv4a_ja,https://scrydex.com/pokemon/expansions/shiny-treasure-ex/sv4a_ja,167
XYシリーズ,XY,ハイクラスパック「THE BEST OF XY」,xy_ja,https://scrydex.com/pokemon/expansions/the-best-of-xy/xy_ja,1
XYシリーズ,XY,ハイクラスパック「THE BEST OF XY」,xy_ja,https://scrydex.com/pokemon/expansions/the-best-of-xy/xy_ja,2
XYシリーズ,XY,ハイクラスパック「THE BEST OF XY」,xy_ja,https://scrydex.com/pokemon/expansions/the-best-of-xy/xy_ja,3
XYシリーズ,XY,ハイクラスパック「THE BEST OF XY」,xy_ja,https://scrydex.com/pokemon/expansions/the-best-of-xy/xy_ja,4
XYシリーズ,XY,ハイクラスパック「THE BEST OF XY」,xy_ja,https://scrydex.com/pokemon/expansions/the-best-of-xy/xy_ja,5
XYシリーズ,XY,ハイクラスパック「THE BEST OF XY」,xy_ja,https://scrydex.com/pokemon/expansions/the-best-of-xy/xy_ja,6
XYシリーズ,XY,ハイクラスパック「THE BEST OF XY」,xy_ja,https://scrydex.com/pokemon/expansions/the-best-of-xy/xy_ja,7
XYシリーズ,XY,ハイクラスパック「THE BEST OF XY」,xy_ja,https://scrydex.com/pokemon/expansions/the-best-of-xy/xy_ja,8
XYシリーズ,XY,ハイクラスパック「THE BEST OF XY」,xy_ja,https://scrydex.com/pokemon/expansions/the-best-of-xy/xy_ja,9
XYシリーズ,XY,ハイクラスパック「THE BEST OF XY」,xy_ja,https://scrydex.com/pokemon/expansions/the-best-of-xy/xy_ja,10
XYシリーズ,XY,ハイクラスパック「THE BEST OF XY」,xy_ja,https://scrydex.com/pokemon/expansions/the-best-of-xy/xy_ja,11
XYシリーズ,XY,ハイクラスパック「THE BEST OF XY」,xy_ja,https://scrydex.com/pokemon/expansions/the-best-of-xy/xy_ja,13
XYシリーズ,XY,ハイクラスパック「THE BEST OF XY」,xy_ja,https://scrydex.com/pokemon/expansions/the-best-of-xy/xy_ja,14
XYシリーズ,XY,ハイクラスパック「THE BEST OF XY」,xy_ja,https://scrydex.com/pokemon/expansions/the-best-of-xy/xy_ja,15
XYシリーズ,XY,ハイクラスパック「THE BEST OF XY」,xy_ja,https://scrydex.com/pokemon/expansions/the-best-of-xy/xy_ja,16
XYシリーズ,XY,ハイクラスパック「THE BEST OF XY」,xy_ja,https://scrydex.com/pokemon/expansions/the-best-of-xy/xy_ja,17
XYシリーズ,XY,ハイクラスパック「THE BEST OF XY」,xy_ja,https://scrydex.com/pokemon/expansions/the-best-of-xy/xy_ja,18
XYシリーズ,XY,ハイクラスパック「THE BEST OF XY」,xy_ja,https://scrydex.com/pokemon/expansions/the-best-of-xy/xy_ja,19
XYシリーズ,XY,ハイクラスパック「THE BEST OF XY」,xy_ja,https://scrydex.com/pokemon/expansions/the-best-of-xy/xy_ja,20
XYシリーズ,XY,ハイクラスパック「THE BEST OF XY」,xy_ja,https://scrydex.com/pokemon/expansions/the-best-of-xy/xy_ja,21
XYシリーズ,XY,ハイクラスパック「THE BEST OF XY」,xy_ja,https://scrydex.com/pokemon/expansions/the-best-of-xy/xy_ja,22
XYシリーズ,XY,ハイクラスパック「THE BEST OF XY」,xy_ja,https://scrydex.com/pokemon/expansions/the-best-of-xy/xy_ja,23
XYシリーズ,XY,ハイクラスパック「THE BEST OF XY」,xy_ja,https://scrydex.com/pokemon/expansions/the-best-of-xy/xy_ja,24
XYシリーズ,XY,ハイクラスパック「THE BEST OF XY」,xy_ja,https://scrydex.com/pokemon/expansions/the-best-of-xy/xy_ja,25
XYシリーズ,XY,ハイクラスパック「THE BEST OF XY」,xy_ja,https://scrydex.com/pokemon/expansions/the-best-of-xy/xy_ja,26
XYシリーズ,XY,ハイクラスパック「THE BEST OF XY」,xy_ja,https://scrydex.com/pokemon/expansions/the-best-of-xy/xy_ja,27
XYシリーズ,XY,ハイクラスパック「THE BEST OF XY」,xy_ja,https://scrydex.com/pokemon/expansions/the-best-of-xy/xy_ja,28
XYシリーズ,XY,ハイクラスパック「THE BEST OF XY」,xy_ja,https://scrydex.com/pokemon/expansions/the-best-of-xy/xy_ja,29
XYシリーズ,XY,ハイクラスパック「THE BEST OF XY」,xy_ja,https://scrydex.com/pokemon/expansions/the-best-of-xy/xy_ja,30
XYシリーズ,XY,ハイクラスパック「THE BEST OF XY」,xy_ja,https://scrydex.com/pokemon/expansions/the-best-of-xy/xy_ja,31
XYシリーズ,XY,ハイクラスパック「THE BEST OF XY」,xy_ja,https://scrydex.com/pokemon/expansions/the-best-of-xy/xy_ja,32
XYシリーズ,XY,ハイクラスパック「THE BEST OF XY」,xy_ja,https://scrydex.com/pokemon/expansions/the-best-of-xy/xy_ja,33
XYシリーズ,XY,ハイクラスパック「THE BEST OF XY」,xy_ja,https://scrydex.com/pokemon/expansions/the-best-of-xy/xy_ja,34
XYシリーズ,XY,ハイクラスパック「THE BEST OF XY」,xy_ja,https://scrydex.com/pokemon/expansions/the-best-of-xy/xy_ja,35
XYシリーズ,XY,ハイクラスパック「THE BEST OF XY」,xy_ja,https://scrydex.com/pokemon/expansions/the-best-of-xy/xy_ja,36
XYシリーズ,XY,ハイクラスパック「THE BEST OF XY」,xy_ja,https://scrydex.com/pokemon/expansions/the-best-of-xy/xy_ja,37
XYシリーズ,XY,ハイクラスパック「THE BEST OF XY」,xy_ja,https://scrydex.com/pokemon/expansions/the-best-of-xy/xy_ja,38
XYシリーズ,XY,ハイクラスパック「THE BEST OF XY」,xy_ja,https://scrydex.com/pokemon/expansions/the-best-of-xy/xy_ja,39
XYシリーズ,XY,ハイクラスパック「THE BEST OF XY」,xy_ja,https://scrydex.com/pokemon/expansions/the-best-of-xy/xy_ja,40
XYシリーズ,XY,ハイクラスパック「THE BEST OF XY」,xy_ja,https://scrydex.com/pokemon/expansions/the-best-of-xy/xy_ja,41
XYシリーズ,XY,ハイクラスパック「THE BEST OF XY」,xy_ja,https://scrydex.com/pokemon/expansions/the-best-of-xy/xy_ja,42
XYシリーズ,XY,ハイクラスパック「THE BEST OF XY」,xy_ja,https://scrydex.com/pokemon/expansions/the-best-of-xy/xy_ja,43
XYシリーズ,XY,ハイクラスパック「THE BEST OF XY」,xy_ja,https://scrydex.com/pokemon/expansions/the-best-of-xy/xy_ja,44
XYシリーズ,XY,ハイクラスパック「THE BEST OF XY」,xy_ja,https://scrydex.com/pokemon/expansions/the-best-of-xy/xy_ja,45
XYシリーズ,XY,ハイクラスパック「THE BEST OF XY」,xy_ja,https://scrydex.com/pokemon/expansions/the-best-of-xy/xy_ja,46
XYシリーズ,XY,ハイクラスパック「THE BEST OF XY」,xy_ja,https://scrydex.com/pokemon/expansions/the-best-of-xy/xy_ja,47
XYシリーズ,XY,ハイクラスパック「THE BEST OF XY」,xy_ja,https://scrydex.com/pokemon/expansions/the-best-of-xy/xy_ja,48
XYシリーズ,XY,ハイクラスパック「THE BEST OF XY」,xy_ja,https://scrydex.com/pokemon/expansions/the-best-of-xy/xy_ja,49
XYシリーズ,XY,ハイクラスパック「THE BEST OF XY」,xy_ja,https://scrydex.com/pokemon/expansions/the-best-of-xy/xy_ja,50
XYシリーズ,XY,ハイクラスパック「THE BEST OF XY」,xy_ja,https://scrydex.com/pokemon/expansions/the-best-of-xy/xy_ja,51
XYシリーズ,XY,ハイクラスパック「THE BEST OF XY」,xy_ja,https://scrydex.com/pokemon/expansions/the-best-of-xy/xy_ja,52
XYシリーズ,XY,ハイクラスパック「THE BEST OF XY」,xy_ja,https://scrydex.com/pokemon/expansions/the-best-of-xy/xy_ja,53
XYシリーズ,XY,ハイクラスパック「THE BEST OF XY」,xy_ja,https://scrydex.com/pokemon/expansions/the-best-of-xy/xy_ja,54
XYシリーズ,XY,ハイクラスパック「THE BEST OF XY」,xy_ja,https://scrydex.com/pokemon/expansions/the-best-of-xy/xy_ja,56
XYシリーズ,XY,ハイクラスパック「THE BEST OF XY」,xy_ja,https://scrydex.com/pokemon/expansions/the-best-of-xy/xy_ja,57
XYシリーズ,XY,ハイクラスパック「THE BEST OF XY」,xy_ja,https://scrydex.com/pokemon/expansions/the-best-of-xy/xy_ja,59
XYシリーズ,XY,ハイクラスパック「THE BEST OF XY」,xy_ja,https://scrydex.com/pokemon/expansions/the-best-of-xy/xy_ja,60
XYシリーズ,XY,ハイクラスパック「THE BEST OF XY」,xy_ja,https://scrydex.com/pokemon/expansions/the-best-of-xy/xy_ja,64
XYシリーズ,XY,ハイクラスパック「THE BEST OF XY」,xy_ja,https://scrydex.com/pokemon/expansions/the-best-of-xy/xy_ja,65
XYシリーズ,XY,ハイクラスパック「THE BEST OF XY」,xy_ja,https://scrydex.com/pokemon/expansions/the-best-of-xy/xy_ja,66
XYシリーズ,XY,ハイクラスパック「THE BEST OF XY」,xy_ja,https://scrydex.com/pokemon/expansions/the-best-of-xy/xy_ja,68
XYシリーズ,XY,ハイクラスパック「THE BEST OF XY」,xy_ja,https://scrydex.com/pokemon/expansions/the-best-of-xy/xy_ja,73
XYシリーズ,XY,ハイクラスパック「THE BEST OF XY」,xy_ja,https://scrydex.com/pokemon/expansions/the-best-of-xy/xy_ja,74
XYシリーズ,XY,ハイクラスパック「THE BEST OF XY」,xy_ja,https://scrydex.com/pokemon/expansions/the-best-of-xy/xy_ja,77
XYシリーズ,XY,ハイクラスパック「THE BEST OF XY」,xy_ja,https://scrydex.com/pokemon/expansions/the-best-of-xy/xy_ja,78
XYシリーズ,XY,ハイクラスパック「THE BEST OF XY」,xy_ja,https://scrydex.com/pokemon/expansions/the-best-of-xy/xy_ja,80
XYシリーズ,XY,ハイクラスパック「THE BEST OF XY」,xy_ja,https://scrydex.com/pokemon/expansions/the-best-of-xy/xy_ja,81
XYシリーズ,XY,ハイクラスパック「THE BEST OF XY」,xy_ja,https://scrydex.com/pokemon/expansions/the-best-of-xy/xy_ja,82
XYシリーズ,XY,ハイクラスパック「THE BEST OF XY」,xy_ja,https://scrydex.com/pokemon/expansions/the-best-of-xy/xy_ja,84
XYシリーズ,XY,ハイクラスパック「THE BEST OF XY」,xy_ja,https://scrydex.com/pokemon/expansions/the-best-of-xy/xy_ja,85
XYシリーズ,XY,ハイクラスパック「THE BEST OF XY」,xy_ja,https://scrydex.com/pokemon/expansions/the-best-of-xy/xy_ja,88
XYシリーズ,XY,ハイクラスパック「THE BEST OF XY」,xy_ja,https://scrydex.com/pokemon/expansions/the-best-of-xy/xy_ja,90
XYシリーズ,XY,ハイクラスパック「THE BEST OF XY」,xy_ja,https://scrydex.com/pokemon/expansions/the-best-of-xy/xy_ja,93
XYシリーズ,XY,ハイクラスパック「THE BEST OF XY」,xy_ja,https://scrydex.com/pokemon/expansions/the-best-of-xy/xy_ja,94
XYシリーズ,XY,ハイクラスパック「THE BEST OF XY」,xy_ja,https://scrydex.com/pokemon/expansions/the-best-of-xy/xy_ja,95
XYシリーズ,XY,ハイクラスパック「THE BEST OF XY」,xy_ja,https://scrydex.com/pokemon/expansions/the-best-of-xy/xy_ja,96
XYシリーズ,XY,ハイクラスパック「THE BEST OF XY」,xy_ja,https://scrydex.com/pokemon/expansions/the-best-of-xy/xy_ja,100
XYシリーズ,XY,ハイクラスパック「THE BEST OF XY」,xy_ja,https://scrydex.com/pokemon/expansions/the-best-of-xy/xy_ja,101
XYシリーズ,XY,ハイクラスパック「THE BEST OF XY」,xy_ja,https://scrydex.com/pokemon/expansions/the-best-of-xy/xy_ja,102
XYシリーズ,XY,ハイクラスパック「THE BEST OF XY」,xy_ja,https://scrydex.com/pokemon/expansions/the-best-of-xy/xy_ja,107
XYシリーズ,XY,ハイクラスパック「THE BEST OF XY」,xy_ja,https://scrydex.com/pokemon/expansions/the-best-of-xy/xy_ja,108
XYシリーズ,XY,ハイクラスパック「THE BEST OF XY」,xy_ja,https://scrydex.com/pokemon/expansions/the-best-of-xy/xy_ja,109
XYシリーズ,XY,ハイクラスパック「THE BEST OF XY」,xy_ja,https://scrydex.com/pokemon/expansions/the-best-of-xy/xy_ja,110
XYシリーズ,XY,ハイクラスパック「THE BEST OF XY」,xy_ja,https://scrydex.com/pokemon/expansions/the-best-of-xy/xy_ja,111
XYシリーズ,XY,ハイクラスパック「THE BEST OF XY」,xy_ja,https://scrydex.com/pokemon/expansions/the-best-of-xy/xy_ja,112
XYシリーズ,XY,ハイクラスパック「THE BEST OF XY」,xy_ja,https://scrydex.com/pokemon/expansions/the-best-of-xy/xy_ja,113
XYシリーズ,XY,ハイクラスパック「THE BEST OF XY」,xy_ja,https://scrydex.com/pokemon/expansions/the-best-of-xy/xy_ja,114
XYシリーズ,XY,ハイクラスパック「THE BEST OF XY」,xy_ja,https://scrydex.com/pokemon/expansions/the-best-of-xy/xy_ja,115
XYシリーズ,XY,ハイクラスパック「THE BEST OF XY」,xy_ja,https://scrydex.com/pokemon/expansions/the-best-of-xy/xy_ja,116
XYシリーズ,XY,ハイクラスパック「THE BEST OF XY」,xy_ja,https://scrydex.com/pokemon/expansions/the-best-of-xy/xy_ja,117
XYシリーズ,XY,ハイクラスパック「THE BEST OF XY」,xy_ja,https://scrydex.com/pokemon/expansions/the-best-of-xy/xy_ja,118
XYシリーズ,XY,ハイクラスパック「THE BEST OF XY」,xy_ja,https://scrydex.com/pokemon/expansions/the-best-of-xy/xy_ja,119
XYシリーズ,XY,ハイクラスパック「THE BEST OF XY」,xy_ja,https://scrydex.com/pokemon/expansions/the-best-of-xy/xy_ja,120
XYシリーズ,XY,ハイクラスパック「THE BEST OF XY」,xy_ja,https://scrydex.com/pokemon/expansions/the-best-of-xy/xy_ja,121
XYシリーズ,XY,ハイクラスパック「THE BEST OF XY」,xy_ja,https://scrydex.com/pokemon/expansions/the-best-of-xy/xy_ja,122
XYシリーズ,XY,ハイクラスパック「THE BEST OF XY」,xy_ja,https://scrydex.com/pokemon/expansions/the-best-of-xy/xy_ja,123
XYシリーズ,XY,ハイクラスパック「THE BEST OF XY」,xy_ja,https://scrydex.com/pokemon/expansions/the-best-of-xy/xy_ja,124
XYシリーズ,XY,ハイクラスパック「THE BEST OF XY」,xy_ja,https://scrydex.com/pokemon/expansions/the-best-of-xy/xy_ja,125
XYシリーズ,XY,ハイクラスパック「THE BEST OF XY」,xy_ja,https://scrydex.com/pokemon/expansions/the-best-of-xy/xy_ja,126
XYシリーズ,XY,ハイクラスパック「THE BEST OF XY」,xy_ja,https://scrydex.com/pokemon/expansions/the-best-of-xy/xy_ja,127
XYシリーズ,XY,ハイクラスパック「THE BEST OF XY」,xy_ja,https://scrydex.com/pokemon/expansions/the-best-of-xy/xy_ja,128
XYシリーズ,XY,ハイクラスパック「THE BEST OF XY」,xy_ja,https://scrydex.com/pokemon/expansions/the-best-of-xy/xy_ja,129
XYシリーズ,XY,ハイクラスパック「THE BEST OF XY」,xy_ja,https://scrydex.com/pokemon/expansions/the-best-of-xy/xy_ja,130
XYシリーズ,XY,ハイクラスパック「THE BEST OF XY」,xy_ja,https://scrydex.com/pokemon/expansions/the-best-of-xy/xy_ja,131
XYシリーズ,XY,ハイクラスパック「THE BEST OF XY」,xy_ja,https://scrydex.com/pokemon/expansions/the-best-of-xy/xy_ja,132
XYシリーズ,XY,ハイクラスパック「THE BEST OF XY」,xy_ja,https://scrydex.com/pokemon/expansions/the-best-of-xy/xy_ja,133
XYシリーズ,XY,ハイクラスパック「THE BEST OF XY」,xy_ja,https://scrydex.com/pokemon/expansions/the-best-of-xy/xy_ja,134
XYシリーズ,XY,ハイクラスパック「THE BEST OF XY」,xy_ja,https://scrydex.com/pokemon/expansions/the-best-of-xy/xy_ja,135
XYシリーズ,XY,ハイクラスパック「THE BEST OF XY」,xy_ja,https://scrydex.com/pokemon/expansions/the-best-of-xy/xy_ja,136
XYシリーズ,XY,ハイクラスパック「THE BEST OF XY」,xy_ja,https://scrydex.com/pokemon/expansions/the-best-of-xy/xy_ja,137
XYシリーズ,XY,ハイクラスパック「THE BEST OF XY」,xy_ja,https://scrydex.com/pokemon/expansions/the-best-of-xy/xy_ja,138
XYシリーズ,XY,ハイクラスパック「THE BEST OF XY」,xy_ja,https://scrydex.com/pokemon/expansions/the-best-of-xy/xy_ja,139
XYシリーズ,XY,ハイクラスパック「THE BEST OF XY」,xy_ja,https://scrydex.com/pokemon/expansions/the-best-of-xy/xy_ja,140
XYシリーズ,XY,ハイクラスパック「THE BEST OF XY」,xy_ja,https://scrydex.com/pokemon/expansions/the-best-of-xy/xy_ja,141
XYシリーズ,XY,ハイクラスパック「THE BEST OF XY」,xy_ja,https://scrydex.com/pokemon/expansions/the-best-of-xy/xy_ja,142
XYシリーズ,XY,ハイクラスパック「THE BEST OF XY」,xy_ja,https://scrydex.com/pokemon/expansions/the-best-of-xy/xy_ja,143
XYシリーズ,XY,ハイクラスパック「THE BEST OF XY」,xy_ja,https://scrydex.com/pokemon/expansions/the-best-of-xy/xy_ja,144
XYシリーズ,XY,ハイクラスパック「THE BEST OF XY」,xy_ja,https://scrydex.com/pokemon/expansions/the-best-of-xy/xy_ja,145
XYシリーズ,XY,ハイクラスパック「THE BEST OF XY」,xy_ja,https://scrydex.com/pokemon/expansions/the-best-of-xy/xy_ja,146
XYシリーズ,XY,ハイクラスパック「THE BEST OF XY」,xy_ja,https://scrydex.com/pokemon/expansions/the-best-of-xy/xy_ja,147
XYシリーズ,XY,ハイクラスパック「THE BEST OF XY」,xy_ja,https://scrydex.com/pokemon/expansions/the-best-of-xy/xy_ja,148
XYシリーズ,XY,ハイクラスパック「THE BEST OF XY」,xy_ja,https://scrydex.com/pokemon/expansions/the-best-of-xy/xy_ja,149
XYシリーズ,XY,ハイクラスパック「THE BEST OF XY」,xy_ja,https://scrydex.com/pokemon/expansions/the-best-of-xy/xy_ja,150
XYシリーズ,XY,ハイクラスパック「THE BEST OF XY」,xy_ja,https://scrydex.com/pokemon/expansions/the-best-of-xy/xy_ja,151
XYシリーズ,XY,ハイクラスパック「THE BEST OF XY」,xy_ja,https://scrydex.com/pokemon/expansions/the-best-of-xy/xy_ja,152
XYシリーズ,XY,ハイクラスパック「THE BEST OF XY」,xy_ja,https://scrydex.com/pokemon/expansions/the-best-of-xy/xy_ja,153
XYシリーズ,XY,ハイクラスパック「THE BEST OF XY」,xy_ja,https://scrydex.com/pokemon/expansions/the-best-of-xy/xy_ja,154
XYシリーズ,XY,ハイクラスパック「THE BEST OF XY」,xy_ja,https://scrydex.com/pokemon/expansions/the-best-of-xy/xy_ja,155
XYシリーズ,XY,ハイクラスパック「THE BEST OF XY」,xy_ja,https://scrydex.com/pokemon/expansions/the-best-of-xy/xy_ja,156
XYシリーズ,XY,ハイクラスパック「THE BEST OF XY」,xy_ja,https://scrydex.com/pokemon/expansions/the-best-of-xy/xy_ja,157
XYシリーズ,XY,ハイクラスパック「THE BEST OF XY」,xy_ja,https://scrydex.com/pokemon/expansions/the-best-of-xy/xy_ja,158
XYシリーズ,XY,ハイクラスパック「THE BEST OF XY」,xy_ja,https://scrydex.com/pokemon/expansions/the-best-of-xy/xy_ja,159
XYシリーズ,XY,ハイクラスパック「THE BEST OF XY」,xy_ja,https://scrydex.com/pokemon/expansions/the-best-of-xy/xy_ja,160
XYシリーズ,XY,ハイクラスパック「THE BEST OF XY」,xy_ja,https://scrydex.com/pokemon/expansions/the-best-of-xy/xy_ja,161
XYシリーズ,XY,ハイクラスパック「THE BEST OF XY」,xy_ja,https://scrydex.com/pokemon/expansions/the-best-of-xy/xy_ja,162
XYシリーズ,XY,ハイクラスパック「THE BEST OF XY」,xy_ja,https://scrydex.com/pokemon/expansions/the-best-of-xy/xy_ja,163
XYシリーズ,XY,ハイクラスパック「THE BEST OF XY」,xy_ja,https://scrydex.com/pokemon/expansions/the-best-of-xy/xy_ja,164
XYシリーズ,XY,ハイクラスパック「THE BEST OF XY」,xy_ja,https://scrydex.com/pokemon/expansions/the-best-of-xy/xy_ja,165
XYシリーズ,XY,ハイクラスパック「THE BEST OF XY」,xy_ja,https://scrydex.com/pokemon/expansions/the-best-of-xy/xy_ja,166
XYシリーズ,XY,ハイクラスパック「THE BEST OF XY」,xy_ja,https://scrydex.com/pokemon/expansions/the-best-of-xy/xy_ja,167
XYシリーズ,XY,ハイクラスパック「THE BEST OF XY」,xy_ja,https://scrydex.com/pokemon/expansions/the-best-of-xy/xy_ja,168
XYシリーズ,XY,ハイクラスパック「THE BEST OF XY」,xy_ja,https://scrydex.com/pokemon/expansions/the-best-of-xy/xy_ja,169
XYシリーズ,XY,ハイクラスパック「THE BEST OF XY」,xy_ja,https://scrydex.com/pokemon/expansions/the-best-of-xy/xy_ja,170
XYシリーズ,XY,ハイクラスパック「THE BEST OF XY」,xy_ja,https://scrydex.com/pokemon/expansions/the-best-of-xy/xy_ja,171
ソード・シールド,S8a,拡張パック「25th ANNIVERSARY COLLECTION」,swsh8a_ja,https://scrydex.com/pokemon/expansions/25th-anniversary-collection/swsh8a_ja,26
ソード・シールド,S8a,拡張パック「25th ANNIVERSARY COLLECTION」,swsh8a_ja,https://scrydex.com/pokemon/expansions/25th-anniversary-collection/swsh8a_ja,27
ソード・シールド,S8a,拡張パック「25th ANNIVERSARY COLLECTION」,swsh8a_ja,https://scrydex.com/pokemon/expansions/25th-anniversary-collection/swsh8a_ja,28
XYシリーズ,XY6,ポケモンカードゲームXY 拡張パック「エメラルドブレイク」,xy6_ja,https://scrydex.com/pokemon/expansions/emerald-break/xy6_ja,1
XYシリーズ,XY6,ポケモンカードゲームXY 拡張パック「エメラルドブレイク」,xy6_ja,https://scrydex.com/pokemon/expansions/emerald-break/xy6_ja,2
XYシリーズ,XY6,ポケモンカードゲームXY 拡張パック「エメラルドブレイク」,xy6_ja,https://scrydex.com/pokemon/expansions/emerald-break/xy6_ja,3
XYシリーズ,XY6,ポケモンカードゲームXY 拡張パック「エメラルドブレイク」,xy6_ja,https://scrydex.com/pokemon/expansions/emerald-break/xy6_ja,4
XYシリーズ,XY6,ポケモンカードゲームXY 拡張パック「エメラルドブレイク」,xy6_ja,https://scrydex.com/pokemon/expansions/emerald-break/xy6_ja,5
XYシリーズ,XY6,ポケモンカードゲームXY 拡張パック「エメラルドブレイク」,xy6_ja,https://scrydex.com/pokemon/expansions/emerald-break/xy6_ja,6
XYシリーズ,XY6,ポケモンカードゲームXY 拡張パック「エメラルドブレイク」,xy6_ja,https://scrydex.com/pokemon/expansions/emerald-break/xy6_ja,7
XYシリーズ,XY6,ポケモンカードゲームXY 拡張パック「エメラルドブレイク」,xy6_ja,https://scrydex.com/pokemon/expansions/emerald-break/xy6_ja,8
XYシリーズ,XY6,ポケモンカードゲームXY 拡張パック「エメラルドブレイク」,xy6_ja,https://scrydex.com/pokemon/expansions/emerald-break/xy6_ja,9
XYシリーズ,XY6,ポケモンカードゲームXY 拡張パック「エメラルドブレイク」,xy6_ja,https://scrydex.com/pokemon/expansions/emerald-break/xy6_ja,10
XYシリーズ,XY6,ポケモンカードゲームXY 拡張パック「エメラルドブレイク」,xy6_ja,https://scrydex.com/pokemon/expansions/emerald-break/xy6_ja,11
XYシリーズ,XY6,ポケモンカードゲームXY 拡張パック「エメラルドブレイク」,xy6_ja,https://scrydex.com/pokemon/expansions/emerald-break/xy6_ja,12
XYシリーズ,XY6,ポケモンカードゲームXY 拡張パック「エメラルドブレイク」,xy6_ja,https://scrydex.com/pokemon/expansions/emerald-break/xy6_ja,13
XYシリーズ,XY6,ポケモンカードゲームXY 拡張パック「エメラルドブレイク」,xy6_ja,https://scrydex.com/pokemon/expansions/emerald-break/xy6_ja,14
XYシリーズ,XY6,ポケモンカードゲームXY 拡張パック「エメラルドブレイク」,xy6_ja,https://scrydex.com/pokemon/expansions/emerald-break/xy6_ja,15
XYシリーズ,XY6,ポケモンカードゲームXY 拡張パック「エメラルドブレイク」,xy6_ja,https://scrydex.com/pokemon/expansions/emerald-break/xy6_ja,16
XYシリーズ,XY6,ポケモンカードゲームXY 拡張パック「エメラルドブレイク」,xy6_ja,https://scrydex.com/pokemon/expansions/emerald-break/xy6_ja,17
XYシリーズ,XY6,ポケモンカードゲームXY 拡張パック「エメラルドブレイク」,xy6_ja,https://scrydex.com/pokemon/expansions/emerald-break/xy6_ja,18
XYシリーズ,XY6,ポケモンカードゲームXY 拡張パック「エメラルドブレイク」,xy6_ja,https://scrydex.com/pokemon/expansions/emerald-break/xy6_ja,19
XYシリーズ,XY6,ポケモンカードゲームXY 拡張パック「エメラルドブレイク」,xy6_ja,https://scrydex.com/pokemon/expansions/emerald-break/xy6_ja,20
XYシリーズ,XY6,ポケモンカードゲームXY 拡張パック「エメラルドブレイク」,xy6_ja,https://scrydex.com/pokemon/expansions/emerald-break/xy6_ja,21
XYシリーズ,XY6,ポケモンカードゲームXY 拡張パック「エメラルドブレイク」,xy6_ja,https://scrydex.com/pokemon/expansions/emerald-break/xy6_ja,22
XYシリーズ,XY6,ポケモンカードゲームXY 拡張パック「エメラルドブレイク」,xy6_ja,https://scrydex.com/pokemon/expansions/emerald-break/xy6_ja,23
XYシリーズ,XY6,ポケモンカードゲームXY 拡張パック「エメラルドブレイク」,xy6_ja,https://scrydex.com/pokemon/expansions/emerald-break/xy6_ja,24
XYシリーズ,XY6,ポケモンカードゲームXY 拡張パック「エメラルドブレイク」,xy6_ja,https://scrydex.com/pokemon/expansions/emerald-break/xy6_ja,25
XYシリーズ,XY6,ポケモンカードゲームXY 拡張パック「エメラルドブレイク」,xy6_ja,https://scrydex.com/pokemon/expansions/emerald-break/xy6_ja,26
XYシリーズ,XY6,ポケモンカードゲームXY 拡張パック「エメラルドブレイク」,xy6_ja,https://scrydex.com/pokemon/expansions/emerald-break/xy6_ja,27
XYシリーズ,XY6,ポケモンカードゲームXY 拡張パック「エメラルドブレイク」,xy6_ja,https://scrydex.com/pokemon/expansions/emerald-break/xy6_ja,28
XYシリーズ,XY6,ポケモンカードゲームXY 拡張パック「エメラルドブレイク」,xy6_ja,https://scrydex.com/pokemon/expansions/emerald-break/xy6_ja,29
XYシリーズ,XY6,ポケモンカードゲームXY 拡張パック「エメラルドブレイク」,xy6_ja,https://scrydex.com/pokemon/expansions/emerald-break/xy6_ja,30
XYシリーズ,XY6,ポケモンカードゲームXY 拡張パック「エメラルドブレイク」,xy6_ja,https://scrydex.com/pokemon/expansions/emerald-break/xy6_ja,31
XYシリーズ,XY6,ポケモンカードゲームXY 拡張パック「エメラルドブレイク」,xy6_ja,https://scrydex.com/pokemon/expansions/emerald-break/xy6_ja,32
XYシリーズ,XY6,ポケモンカードゲームXY 拡張パック「エメラルドブレイク」,xy6_ja,https://scrydex.com/pokemon/expansions/emerald-break/xy6_ja,33
XYシリーズ,XY6,ポケモンカードゲームXY 拡張パック「エメラルドブレイク」,xy6_ja,https://scrydex.com/pokemon/expansions/emerald-break/xy6_ja,34
XYシリーズ,XY6,ポケモンカードゲームXY 拡張パック「エメラルドブレイク」,xy6_ja,https://scrydex.com/pokemon/expansions/emerald-break/xy6_ja,35
XYシリーズ,XY6,ポケモンカードゲームXY 拡張パック「エメラルドブレイク」,xy6_ja,https://scrydex.com/pokemon/expansions/emerald-break/xy6_ja,36
XYシリーズ,XY6,ポケモンカードゲームXY 拡張パック「エメラルドブレイク」,xy6_ja,https://scrydex.com/pokemon/expansions/emerald-break/xy6_ja,37
XYシリーズ,XY6,ポケモンカードゲームXY 拡張パック「エメラルドブレイク」,xy6_ja,https://scrydex.com/pokemon/expansions/emerald-break/xy6_ja,38
XYシリーズ,XY6,ポケモンカードゲームXY 拡張パック「エメラルドブレイク」,xy6_ja,https://scrydex.com/pokemon/expansions/emerald-break/xy6_ja,39
XYシリーズ,XY6,ポケモンカードゲームXY 拡張パック「エメラルドブレイク」,xy6_ja,https://scrydex.com/pokemon/expansions/emerald-break/xy6_ja,40
XYシリーズ,XY6,ポケモンカードゲームXY 拡張パック「エメラルドブレイク」,xy6_ja,https://scrydex.com/pokemon/expansions/emerald-break/xy6_ja,41
XYシリーズ,XY6,ポケモンカードゲームXY 拡張パック「エメラルドブレイク」,xy6_ja,https://scrydex.com/pokemon/expansions/emerald-break/xy6_ja,42
XYシリーズ,XY6,ポケモンカードゲームXY 拡張パック「エメラルドブレイク」,xy6_ja,https://scrydex.com/pokemon/expansions/emerald-break/xy6_ja,43
XYシリーズ,XY6,ポケモンカードゲームXY 拡張パック「エメラルドブレイク」,xy6_ja,https://scrydex.com/pokemon/expansions/emerald-break/xy6_ja,44
XYシリーズ,XY6,ポケモンカードゲームXY 拡張パック「エメラルドブレイク」,xy6_ja,https://scrydex.com/pokemon/expansions/emerald-break/xy6_ja,45
XYシリーズ,XY6,ポケモンカードゲームXY 拡張パック「エメラルドブレイク」,xy6_ja,https://scrydex.com/pokemon/expansions/emerald-break/xy6_ja,46
XYシリーズ,XY6,ポケモンカードゲームXY 拡張パック「エメラルドブレイク」,xy6_ja,https://scrydex.com/pokemon/expansions/emerald-break/xy6_ja,47
XYシリーズ,XY6,ポケモンカードゲームXY 拡張パック「エメラルドブレイク」,xy6_ja,https://scrydex.com/pokemon/expansions/emerald-break/xy6_ja,48
XYシリーズ,XY6,ポケモンカードゲームXY 拡張パック「エメラルドブレイク」,xy6_ja,https://scrydex.com/pokemon/expansions/emerald-break/xy6_ja,49
XYシリーズ,XY6,ポケモンカードゲームXY 拡張パック「エメラルドブレイク」,xy6_ja,https://scrydex.com/pokemon/expansions/emerald-break/xy6_ja,50
XYシリーズ,XY6,ポケモンカードゲームXY 拡張パック「エメラルドブレイク」,xy6_ja,https://scrydex.com/pokemon/expansions/emerald-break/xy6_ja,51
XYシリーズ,XY6,ポケモンカードゲームXY 拡張パック「エメラルドブレイク」,xy6_ja,https://scrydex.com/pokemon/expansions/emerald-break/xy6_ja,52
XYシリーズ,XY6,ポケモンカードゲームXY 拡張パック「エメラルドブレイク」,xy6_ja,https://scrydex.com/pokemon/expansions/emerald-break/xy6_ja,53
XYシリーズ,XY6,ポケモンカードゲームXY 拡張パック「エメラルドブレイク」,xy6_ja,https://scrydex.com/pokemon/expansions/emerald-break/xy6_ja,54
XYシリーズ,XY6,ポケモンカードゲームXY 拡張パック「エメラルドブレイク」,xy6_ja,https://scrydex.com/pokemon/expansions/emerald-break/xy6_ja,55
XYシリーズ,XY6,ポケモンカードゲームXY 拡張パック「エメラルドブレイク」,xy6_ja,https://scrydex.com/pokemon/expansions/emerald-break/xy6_ja,56
XYシリーズ,XY6,ポケモンカードゲームXY 拡張パック「エメラルドブレイク」,xy6_ja,https://scrydex.com/pokemon/expansions/emerald-break/xy6_ja,57
XYシリーズ,XY6,ポケモンカードゲームXY 拡張パック「エメラルドブレイク」,xy6_ja,https://scrydex.com/pokemon/expansions/emerald-break/xy6_ja,58
XYシリーズ,XY6,ポケモンカードゲームXY 拡張パック「エメラルドブレイク」,xy6_ja,https://scrydex.com/pokemon/expansions/emerald-break/xy6_ja,59
XYシリーズ,XY6,ポケモンカードゲームXY 拡張パック「エメラルドブレイク」,xy6_ja,https://scrydex.com/pokemon/expansions/emerald-break/xy6_ja,60
XYシリーズ,XY6,ポケモンカードゲームXY 拡張パック「エメラルドブレイク」,xy6_ja,https://scrydex.com/pokemon/expansions/emerald-break/xy6_ja,61
XYシリーズ,XY6,ポケモンカードゲームXY 拡張パック「エメラルドブレイク」,xy6_ja,https://scrydex.com/pokemon/expansions/emerald-break/xy6_ja,62
XYシリーズ,XY6,ポケモンカードゲームXY 拡張パック「エメラルドブレイク」,xy6_ja,https://scrydex.com/pokemon/expansions/emerald-break/xy6_ja,63
XYシリーズ,XY6,ポケモンカードゲームXY 拡張パック「エメラルドブレイク」,xy6_ja,https://scrydex.com/pokemon/expansions/emerald-break/xy6_ja,64
XYシリーズ,XY6,ポケモンカードゲームXY 拡張パック「エメラルドブレイク」,xy6_ja,https://scrydex.com/pokemon/expansions/emerald-break/xy6_ja,65
XYシリーズ,XY6,ポケモンカードゲームXY 拡張パック「エメラルドブレイク」,xy6_ja,https://scrydex.com/pokemon/expansions/emerald-break/xy6_ja,66
XYシリーズ,XY6,ポケモンカードゲームXY 拡張パック「エメラルドブレイク」,xy6_ja,https://scrydex.com/pokemon/expansions/emerald-break/xy6_ja,67
XYシリーズ,XY6,ポケモンカードゲームXY 拡張パック「エメラルドブレイク」,xy6_ja,https://scrydex.com/pokemon/expansions/emerald-break/xy6_ja,68
XYシリーズ,XY6,ポケモンカードゲームXY 拡張パック「エメラルドブレイク」,xy6_ja,https://scrydex.com/pokemon/expansions/emerald-break/xy6_ja,69
XYシリーズ,XY6,ポケモンカードゲームXY 拡張パック「エメラルドブレイク」,xy6_ja,https://scrydex.com/pokemon/expansions/emerald-break/xy6_ja,70
XYシリーズ,XY6,ポケモンカードゲームXY 拡張パック「エメラルドブレイク」,xy6_ja,https://scrydex.com/pokemon/expansions/emerald-break/xy6_ja,71
XYシリーズ,XY6,ポケモンカードゲームXY 拡張パック「エメラルドブレイク」,xy6_ja,https://scrydex.com/pokemon/expansions/emerald-break/xy6_ja,72
XYシリーズ,XY6,ポケモンカードゲームXY 拡張パック「エメラルドブレイク」,xy6_ja,https://scrydex.com/pokemon/expansions/emerald-break/xy6_ja,73
XYシリーズ,XY6,ポケモンカードゲームXY 拡張パック「エメラルドブレイク」,xy6_ja,https://scrydex.com/pokemon/expansions/emerald-break/xy6_ja,74
XYシリーズ,XY6,ポケモンカードゲームXY 拡張パック「エメラルドブレイク」,xy6_ja,https://scrydex.com/pokemon/expansions/emerald-break/xy6_ja,75
XYシリーズ,XY6,ポケモンカードゲームXY 拡張パック「エメラルドブレイク」,xy6_ja,https://scrydex.com/pokemon/expansions/emerald-break/xy6_ja,76
XYシリーズ,XY6,ポケモンカードゲームXY 拡張パック「エメラルドブレイク」,xy6_ja,https://scrydex.com/pokemon/expansions/emerald-break/xy6_ja,77
XYシリーズ,XY6,ポケモンカードゲームXY 拡張パック「エメラルドブレイク」,xy6_ja,https://scrydex.com/pokemon/expansions/emerald-break/xy6_ja,78
XYシリーズ,XY7,ポケモンカードゲームXY 拡張パック「バンデットリング」,xy7_ja,https://scrydex.com/pokemon/expansions/bandit-ring/xy7_ja,1
XYシリーズ,XY7,ポケモンカードゲームXY 拡張パック「バンデットリング」,xy7_ja,https://scrydex.com/pokemon/expansions/bandit-ring/xy7_ja,2
XYシリーズ,XY7,ポケモンカードゲームXY 拡張パック「バンデットリング」,xy7_ja,https://scrydex.com/pokemon/expansions/bandit-ring/xy7_ja,3
XYシリーズ,XY7,ポケモンカードゲームXY 拡張パック「バンデットリング」,xy7_ja,https://scrydex.com/pokemon/expansions/bandit-ring/xy7_ja,4
XYシリーズ,XY7,ポケモンカードゲームXY 拡張パック「バンデットリング」,xy7_ja,https://scrydex.com/pokemon/expansions/bandit-ring/xy7_ja,5
XYシリーズ,XY7,ポケモンカードゲームXY 拡張パック「バンデットリング」,xy7_ja,https://scrydex.com/pokemon/expansions/bandit-ring/xy7_ja,6
XYシリーズ,XY7,ポケモンカードゲームXY 拡張パック「バンデットリング」,xy7_ja,https://scrydex.com/pokemon/expansions/bandit-ring/xy7_ja,7
XYシリーズ,XY7,ポケモンカードゲームXY 拡張パック「バンデットリング」,xy7_ja,https://scrydex.com/pokemon/expansions/bandit-ring/xy7_ja,8
XYシリーズ,XY7,ポケモンカードゲームXY 拡張パック「バンデットリング」,xy7_ja,https://scrydex.com/pokemon/expansions/bandit-ring/xy7_ja,9
XYシリーズ,XY7,ポケモンカードゲームXY 拡張パック「バンデットリング」,xy7_ja,https://scrydex.com/pokemon/expansions/bandit-ring/xy7_ja,10
XYシリーズ,XY7,ポケモンカードゲームXY 拡張パック「バンデットリング」,xy7_ja,https://scrydex.com/pokemon/expansions/bandit-ring/xy7_ja,11
XYシリーズ,XY7,ポケモンカードゲームXY 拡張パック「バンデットリング」,xy7_ja,https://scrydex.com/pokemon/expansions/bandit-ring/xy7_ja,12
XYシリーズ,XY7,ポケモンカードゲームXY 拡張パック「バンデットリング」,xy7_ja,https://scrydex.com/pokemon/expansions/bandit-ring/xy7_ja,13
XYシリーズ,XY7,ポケモンカードゲームXY 拡張パック「バンデットリング」,xy7_ja,https://scrydex.com/pokemon/expansions/bandit-ring/xy7_ja,14
XYシリーズ,XY7,ポケモンカードゲームXY 拡張パック「バンデットリング」,xy7_ja,https://scrydex.com/pokemon/expansions/bandit-ring/xy7_ja,15
XYシリーズ,XY7,ポケモンカードゲームXY 拡張パック「バンデットリング」,xy7_ja,https://scrydex.com/pokemon/expansions/bandit-ring/xy7_ja,16
XYシリーズ,XY7,ポケモンカードゲームXY 拡張パック「バンデットリング」,xy7_ja,https://scrydex.com/pokemon/expansions/bandit-ring/xy7_ja,17
XYシリーズ,XY7,ポケモンカードゲームXY 拡張パック「バンデットリング」,xy7_ja,https://scrydex.com/pokemon/expansions/bandit-ring/xy7_ja,18
XYシリーズ,XY7,ポケモンカードゲームXY 拡張パック「バンデットリング」,xy7_ja,https://scrydex.com/pokemon/expansions/bandit-ring/xy7_ja,19
XYシリーズ,XY7,ポケモンカードゲームXY 拡張パック「バンデットリング」,xy7_ja,https://scrydex.com/pokemon/expansions/bandit-ring/xy7_ja,20
XYシリーズ,XY7,ポケモンカードゲームXY 拡張パック「バンデットリング」,xy7_ja,https://scrydex.com/pokemon/expansions/bandit-ring/xy7_ja,21
XYシリーズ,XY7,ポケモンカードゲームXY 拡張パック「バンデットリング」,xy7_ja,https://scrydex.com/pokemon/expansions/bandit-ring/xy7_ja,22
XYシリーズ,XY7,ポケモンカードゲームXY 拡張パック「バンデットリング」,xy7_ja,https://scrydex.com/pokemon/expansions/bandit-ring/xy7_ja,23
XYシリーズ,XY7,ポケモンカードゲームXY 拡張パック「バンデットリング」,xy7_ja,https://scrydex.com/pokemon/expansions/bandit-ring/xy7_ja,24
XYシリーズ,XY7,ポケモンカードゲームXY 拡張パック「バンデットリング」,xy7_ja,https://scrydex.com/pokemon/expansions/bandit-ring/xy7_ja,25
XYシリーズ,XY7,ポケモンカードゲームXY 拡張パック「バンデットリング」,xy7_ja,https://scrydex.com/pokemon/expansions/bandit-ring/xy7_ja,26
XYシリーズ,XY7,ポケモンカードゲームXY 拡張パック「バンデットリング」,xy7_ja,https://scrydex.com/pokemon/expansions/bandit-ring/xy7_ja,27
XYシリーズ,XY7,ポケモンカードゲームXY 拡張パック「バンデットリング」,xy7_ja,https://scrydex.com/pokemon/expansions/bandit-ring/xy7_ja,28
XYシリーズ,XY7,ポケモンカードゲームXY 拡張パック「バンデットリング」,xy7_ja,https://scrydex.com/pokemon/expansions/bandit-ring/xy7_ja,29
XYシリーズ,XY7,ポケモンカードゲームXY 拡張パック「バンデットリング」,xy7_ja,https://scrydex.com/pokemon/expansions/bandit-ring/xy7_ja,30
XYシリーズ,XY7,ポケモンカードゲームXY 拡張パック「バンデットリング」,xy7_ja,https://scrydex.com/pokemon/expansions/bandit-ring/xy7_ja,31
XYシリーズ,XY7,ポケモンカードゲームXY 拡張パック「バンデットリング」,xy7_ja,https://scrydex.com/pokemon/expansions/bandit-ring/xy7_ja,32
XYシリーズ,XY7,ポケモンカードゲームXY 拡張パック「バンデットリング」,xy7_ja,https://scrydex.com/pokemon/expansions/bandit-ring/xy7_ja,33
XYシリーズ,XY7,ポケモンカードゲームXY 拡張パック「バンデットリング」,xy7_ja,https://scrydex.com/pokemon/expansions/bandit-ring/xy7_ja,34
XYシリーズ,XY7,ポケモンカードゲームXY 拡張パック「バンデットリング」,xy7_ja,https://scrydex.com/pokemon/expansions/bandit-ring/xy7_ja,35
XYシリーズ,XY7,ポケモンカードゲームXY 拡張パック「バンデットリング」,xy7_ja,https://scrydex.com/pokemon/expansions/bandit-ring/xy7_ja,36
XYシリーズ,XY7,ポケモンカードゲームXY 拡張パック「バンデットリング」,xy7_ja,https://scrydex.com/pokemon/expansions/bandit-ring/xy7_ja,37
XYシリーズ,XY7,ポケモンカードゲームXY 拡張パック「バンデットリング」,xy7_ja,https://scrydex.com/pokemon/expansions/bandit-ring/xy7_ja,38
XYシリーズ,XY7,ポケモンカードゲームXY 拡張パック「バンデットリング」,xy7_ja,https://scrydex.com/pokemon/expansions/bandit-ring/xy7_ja,39
XYシリーズ,XY7,ポケモンカードゲームXY 拡張パック「バンデットリング」,xy7_ja,https://scrydex.com/pokemon/expansions/bandit-ring/xy7_ja,40
XYシリーズ,XY7,ポケモンカードゲームXY 拡張パック「バンデットリング」,xy7_ja,https://scrydex.com/pokemon/expansions/bandit-ring/xy7_ja,41
XYシリーズ,XY7,ポケモンカードゲームXY 拡張パック「バンデットリング」,xy7_ja,https://scrydex.com/pokemon/expansions/bandit-ring/xy7_ja,42
XYシリーズ,XY7,ポケモンカードゲームXY 拡張パック「バンデットリング」,xy7_ja,https://scrydex.com/pokemon/expansions/bandit-ring/xy7_ja,43
XYシリーズ,XY7,ポケモンカードゲームXY 拡張パック「バンデットリング」,xy7_ja,https://scrydex.com/pokemon/expansions/bandit-ring/xy7_ja,44
XYシリーズ,XY7,ポケモンカードゲームXY 拡張パック「バンデットリング」,xy7_ja,https://scrydex.com/pokemon/expansions/bandit-ring/xy7_ja,45
XYシリーズ,XY7,ポケモンカードゲームXY 拡張パック「バンデットリング」,xy7_ja,https://scrydex.com/pokemon/expansions/bandit-ring/xy7_ja,46
XYシリーズ,XY7,ポケモンカードゲームXY 拡張パック「バンデットリング」,xy7_ja,https://scrydex.com/pokemon/expansions/bandit-ring/xy7_ja,47
XYシリーズ,XY7,ポケモンカードゲームXY 拡張パック「バンデットリング」,xy7_ja,https://scrydex.com/pokemon/expansions/bandit-ring/xy7_ja,48
XYシリーズ,XY7,ポケモンカードゲームXY 拡張パック「バンデットリング」,xy7_ja,https://scrydex.com/pokemon/expansions/bandit-ring/xy7_ja,49
XYシリーズ,XY7,ポケモンカードゲームXY 拡張パック「バンデットリング」,xy7_ja,https://scrydex.com/pokemon/expansions/bandit-ring/xy7_ja,50
XYシリーズ,XY7,ポケモンカードゲームXY 拡張パック「バンデットリング」,xy7_ja,https://scrydex.com/pokemon/expansions/bandit-ring/xy7_ja,51
XYシリーズ,XY7,ポケモンカードゲームXY 拡張パック「バンデットリング」,xy7_ja,https://scrydex.com/pokemon/expansions/bandit-ring/xy7_ja,52
XYシリーズ,XY7,ポケモンカードゲームXY 拡張パック「バンデットリング」,xy7_ja,https://scrydex.com/pokemon/expansions/bandit-ring/xy7_ja,53
XYシリーズ,XY7,ポケモンカードゲームXY 拡張パック「バンデットリング」,xy7_ja,https://scrydex.com/pokemon/expansions/bandit-ring/xy7_ja,54
XYシリーズ,XY7,ポケモンカードゲームXY 拡張パック「バンデットリング」,xy7_ja,https://scrydex.com/pokemon/expansions/bandit-ring/xy7_ja,55
XYシリーズ,XY7,ポケモンカードゲームXY 拡張パック「バンデットリング」,xy7_ja,https://scrydex.com/pokemon/expansions/bandit-ring/xy7_ja,56
XYシリーズ,XY7,ポケモンカードゲームXY 拡張パック「バンデットリング」,xy7_ja,https://scrydex.com/pokemon/expansions/bandit-ring/xy7_ja,57
XYシリーズ,XY7,ポケモンカードゲームXY 拡張パック「バンデットリング」,xy7_ja,https://scrydex.com/pokemon/expansions/bandit-ring/xy7_ja,58
XYシリーズ,XY7,ポケモンカードゲームXY 拡張パック「バンデットリング」,xy7_ja,https://scrydex.com/pokemon/expansions/bandit-ring/xy7_ja,59
XYシリーズ,XY7,ポケモンカードゲームXY 拡張パック「バンデットリング」,xy7_ja,https://scrydex.com/pokemon/expansions/bandit-ring/xy7_ja,60
XYシリーズ,XY7,ポケモンカードゲームXY 拡張パック「バンデットリング」,xy7_ja,https://scrydex.com/pokemon/expansions/bandit-ring/xy7_ja,61
XYシリーズ,XY7,ポケモンカードゲームXY 拡張パック「バンデットリング」,xy7_ja,https://scrydex.com/pokemon/expansions/bandit-ring/xy7_ja,62
XYシリーズ,XY7,ポケモンカードゲームXY 拡張パック「バンデットリング」,xy7_ja,https://scrydex.com/pokemon/expansions/bandit-ring/xy7_ja,63
XYシリーズ,XY7,ポケモンカードゲームXY 拡張パック「バンデットリング」,xy7_ja,https://scrydex.com/pokemon/expansions/bandit-ring/xy7_ja,64
XYシリーズ,XY7,ポケモンカードゲームXY 拡張パック「バンデットリング」,xy7_ja,https://scrydex.com/pokemon/expansions/bandit-ring/xy7_ja,65
XYシリーズ,XY7,ポケモンカードゲームXY 拡張パック「バンデットリング」,xy7_ja,https://scrydex.com/pokemon/expansions/bandit-ring/xy7_ja,66
XYシリーズ,XY7,ポケモンカードゲームXY 拡張パック「バンデットリング」,xy7_ja,https://scrydex.com/pokemon/expansions/bandit-ring/xy7_ja,67
XYシリーズ,XY7,ポケモンカードゲームXY 拡張パック「バンデットリング」,xy7_ja,https://scrydex.com/pokemon/expansions/bandit-ring/xy7_ja,68
XYシリーズ,XY7,ポケモンカードゲームXY 拡張パック「バンデットリング」,xy7_ja,https://scrydex.com/pokemon/expansions/bandit-ring/xy7_ja,69
XYシリーズ,XY7,ポケモンカードゲームXY 拡張パック「バンデットリング」,xy7_ja,https://scrydex.com/pokemon/expansions/bandit-ring/xy7_ja,70
XYシリーズ,XY7,ポケモンカードゲームXY 拡張パック「バンデットリング」,xy7_ja,https://scrydex.com/pokemon/expansions/bandit-ring/xy7_ja,71
XYシリーズ,XY7,ポケモンカードゲームXY 拡張パック「バンデットリング」,xy7_ja,https://scrydex.com/pokemon/expansions/bandit-ring/xy7_ja,72
XYシリーズ,XY7,ポケモンカードゲームXY 拡張パック「バンデットリング」,xy7_ja,https://scrydex.com/pokemon/expansions/bandit-ring/xy7_ja,73
XYシリーズ,XY7,ポケモンカードゲームXY 拡張パック「バンデットリング」,xy7_ja,https://scrydex.com/pokemon/expansions/bandit-ring/xy7_ja,74
XYシリーズ,XY7,ポケモンカードゲームXY 拡張パック「バンデットリング」,xy7_ja,https://scrydex.com/pokemon/expansions/bandit-ring/xy7_ja,75
XYシリーズ,XY7,ポケモンカードゲームXY 拡張パック「バンデットリング」,xy7_ja,https://scrydex.com/pokemon/expansions/bandit-ring/xy7_ja,76
XYシリーズ,XY7,ポケモンカードゲームXY 拡張パック「バンデットリング」,xy7_ja,https://scrydex.com/pokemon/expansions/bandit-ring/xy7_ja,77
XYシリーズ,XY7,ポケモンカードゲームXY 拡張パック「バンデットリング」,xy7_ja,https://scrydex.com/pokemon/expansions/bandit-ring/xy7_ja,78
XYシリーズ,XY7,ポケモンカードゲームXY 拡張パック「バンデットリング」,xy7_ja,https://scrydex.com/pokemon/expansions/bandit-ring/xy7_ja,79
XYシリーズ,XY7,ポケモンカードゲームXY 拡張パック「バンデットリング」,xy7_ja,https://scrydex.com/pokemon/expansions/bandit-ring/xy7_ja,80
XYシリーズ,XY7,ポケモンカードゲームXY 拡張パック「バンデットリング」,xy7_ja,https://scrydex.com/pokemon/expansions/bandit-ring/xy7_ja,81
SVシリーズ,WCS23,ポケモンワールドチャンピオンシップス2023横浜 記念デッキ「ピカチュウ」,wcs23_ja,https://scrydex.com/pokemon/expansions/world-championships-2023-yokohama-deck-pikachu/wcs23_ja,31
SVシリーズ,WCS23,ポケモンワールドチャンピオンシップス2023横浜 記念デッキ「ピカチュウ」,wcs23_ja,https://scrydex.com/pokemon/expansions/world-championships-2023-yokohama-deck-pikachu/wcs23_ja,32
