id,card_id,youtube_url,published_at,is_active,display_order,created_at,updated_at
1,4aac2303-f8e3-497f-a21d-58198ccd3ed0,,2026-08-28 11:50:00+00:00,True,0,2026-08-28 11:49:30.849664+00:00,2026-08-28 11:50:14.578375+00:00
186,cc342ae8-e480-42b3-ac11-ecf55548e0fe,,,True,0,2026-08-30 07:47:02.250062+00:00,2026-08-30 07:47:02.250062+00:00
187,9aa42662-e9a9-451b-9568-cc917afc0011,,,True,0,2026-08-30 07:47:02.250062+00:00,2026-08-30 07:47:02.250062+00:00
188,202fc4c6-f89d-459a-abda-603c559c4fbc,,,True,0,2026-08-30 07:47:02.250062+00:00,2026-08-30 07:47:02.250062+00:00
189,781861a3-6559-4e75-b95a-fdd6fba8c75f,,,True,0,2026-08-30 07:47:02.250062+00:00,2026-08-30 07:47:02.250062+00:00
190,4b362044-5570-455a-aae1-4faeac94343f,,,True,0,2026-08-30 07:47:02.250062+00:00,2026-08-30 07:47:02.250062+00:00
191,6fca0f97-4673-428c-88e2-802a340f2779,,,True,0,2026-08-30 07:47:02.250062+00:00,2026-08-30 07:47:02.250062+00:00
192,7417d3a3-fa07-4311-9fd7-408ad38fedce,,,True,0,2026-08-30 07:47:02.250062+00:00,2026-08-30 07:47:02.250062+00:00
193,e7a8fc60-f745-477b-ad37-3961aef9a71c,,,True,0,2026-08-30 07:47:02.250062+00:00,2026-08-30 07:47:02.250062+00:00
195,b3a1ebc3-2a19-4a6a-bf83-3b5cfac93cc3,,,True,0,2026-08-30 07:47:02.250062+00:00,2026-08-30 07:47:02.250062+00:00
196,ed76f89a-65fb-42bc-92cf-98bda2775983,,,True,0,2026-08-30 07:47:02.250062+00:00,2026-08-30 07:47:02.250062+00:00
197,2b6152db-798f-4860-9709-5a7dddb58474,,,True,0,2026-08-30 07:47:02.250062+00:00,2026-08-30 07:47:02.250062+00:00
198,630456d2-ef7c-4b04-a35c-ced590d211d9,,,True,0,2026-08-30 07:47:02.250062+00:00,2026-08-30 07:47:02.250062+00:00
199,9005a9cf-8460-47e6-9f9c-c5318b308342,,,True,0,2026-08-30 07:47:02.250062+00:00,2026-08-30 07:47:02.250062+00:00
200,25d6df0e-9311-41e5-ab51-102d6729fcf6,,,True,0,2026-08-30 07:47:02.250062+00:00,2026-08-30 07:47:02.250062+00:00
201,c99b8c31-2f79-4e98-b623-c6e06991c694,,,True,0,2026-08-30 07:47:02.250062+00:00,2026-08-30 07:47:02.250062+00:00
202,343808f5-f5ef-4bdd-9d94-7e37e01032cc,,,True,0,2026-08-30 07:47:02.250062+00:00,2026-08-30 07:47:02.250062+00:00
203,4f8ee3e3-b826-4a7d-abee-e6738e9d475b,,,True,0,2026-08-30 07:47:02.250062+00:00,2026-08-30 07:47:02.250062+00:00
204,a075563d-dd49-4191-b320-41f3faf037b3,,,True,0,2026-08-30 07:47:02.250062+00:00,2026-08-30 07:47:02.250062+00:00
205,1b0f6fef-5170-4abb-975f-eb5b8f4e4249,,,True,0,2026-08-30 07:47:02.250062+00:00,2026-08-30 07:47:02.250062+00:00
206,89b2da54-30d7-4f74-9a05-a30c3dcdf5a5,,,True,0,2026-08-30 07:47:02.250062+00:00,2026-08-30 07:47:02.250062+00:00
207,1844e806-e78e-408f-876f-b63ff08f6552,,,True,0,2026-08-30 07:47:02.250062+00:00,2026-08-30 07:47:02.250062+00:00
208,1870f4be-2021-4276-a859-1faf0667ead1,,,True,0,2026-08-30 07:47:02.250062+00:00,2026-08-30 07:47:02.250062+00:00
209,4aa35e82-df41-4859-967c-7a214f7a7c37,,,True,0,2026-08-30 07:47:02.250062+00:00,2026-08-30 07:47:02.250062+00:00
210,6d57f29a-934a-4378-85a9-437cfb9818f1,,,True,0,2026-08-30 07:47:02.250062+00:00,2026-08-30 07:47:02.250062+00:00
211,25603f65-b52d-40f5-b140-453c5f73afb3,,,True,0,2026-08-30 07:47:02.250062+00:00,2026-08-30 07:47:02.250062+00:00
212,746d9183-be78-4ad8-8953-6f9691a99afe,,,True,0,2026-08-30 07:47:02.250062+00:00,2026-08-30 07:47:02.250062+00:00
213,cf6c1faa-cbea-4404-be63-01dec903c381,,,True,0,2026-08-30 07:47:02.250062+00:00,2026-08-30 07:47:02.250062+00:00
214,072d3bf2-c603-4a34-8aa9-83a2f0281647,,,True,0,2026-08-30 07:47:02.250062+00:00,2026-08-30 07:47:02.250062+00:00
215,e5b4b652-405c-4f07-b6d2-cc2108ba2407,,,True,0,2026-08-30 07:47:02.250062+00:00,2026-08-30 07:47:02.250062+00:00
216,4a3952f2-4fa5-414b-aab8-b9e7bc3dffd2,,,True,0,2026-08-30 07:47:02.250062+00:00,2026-08-30 07:47:02.250062+00:00
217,13ecc9b7-028b-41b7-914a-a26d3ba7cf7c,,,True,0,2026-08-30 07:47:02.250062+00:00,2026-08-30 07:47:02.250062+00:00
218,a57d05c0-a84c-4879-bf05-d28b99f75231,,,True,0,2026-08-30 07:47:02.250062+00:00,2026-08-30 07:47:02.250062+00:00
219,5a661235-5ed3-4973-bc9c-d6875cc73067,,,True,0,2026-08-30 07:47:02.250062+00:00,2026-08-30 07:47:02.250062+00:00
220,9bc918c1-e8ce-47ca-9e84-579a2dbb90fc,,,True,0,2026-08-30 07:47:02.250062+00:00,2026-08-30 07:47:02.250062+00:00
221,bcd3d973-11f6-4c60-bb82-7609781def9d,,,True,0,2026-08-30 07:47:02.250062+00:00,2026-08-30 07:47:02.250062+00:00
222,bce666cd-3606-40e8-b241-0e812ba027b4,,,True,0,2026-08-30 07:47:02.250062+00:00,2026-08-30 07:47:02.250062+00:00
223,7084ef4d-49c3-42dc-a092-5af8b17c6703,,,True,0,2026-08-30 07:47:02.250062+00:00,2026-08-30 07:47:02.250062+00:00
224,087e5924-ce11-4677-9671-592a14e03a85,,,True,0,2026-08-30 07:47:02.250062+00:00,2026-08-30 07:47:02.250062+00:00
225,c178b14e-91da-4996-8e87-b4d52a8c6999,,,True,0,2026-08-30 07:47:02.250062+00:00,2026-08-30 07:47:02.250062+00:00
226,49d12911-524b-4dc4-a02b-77cd5bb158bd,,,True,0,2026-08-30 07:47:02.250062+00:00,2026-08-30 07:47:02.250062+00:00
194,5bffec00-0317-479b-8f37-43b819a658eb,,,False,0,2026-08-30 07:47:02.250062+00:00,2026-08-31 02:00:12.766427+00:00
3,1c4f328f-a1f3-4018-9909-6258730e95f8,,,True,0,2026-08-30 06:25:59.128325+00:00,2026-08-30 07:06:20.956892+00:00
227,0e3c87bf-6cae-4b4e-8b01-d088c7cb4d65,,2026-08-31 01:58:00+00:00,True,0,2026-08-31 01:58:49.867823+00:00,2026-08-31 01:58:49.867823+00:00
4,f85ce059-4a35-41dc-8b25-f235de78c824,,,True,0,2026-08-30 06:25:59.128325+00:00,2026-08-30 07:06:20.956892+00:00
5,946bce2e-b5f8-416a-b2c4-3848c887211b,,,True,0,2026-08-30 06:25:59.128325+00:00,2026-08-30 07:06:20.956892+00:00
6,a24703b8-7b7a-4614-9432-f8eeee744b1f,,,True,0,2026-08-30 06:25:59.128325+00:00,2026-08-30 07:06:20.956892+00:00
7,84092c44-616e-4c4b-bbf5-fbe877be3b1a,,,True,0,2026-08-30 06:25:59.128325+00:00,2026-08-30 07:06:20.956892+00:00
8,1673a730-4b64-433a-8ad6-a666f95983b4,,,True,0,2026-08-30 06:25:59.128325+00:00,2026-08-30 07:06:20.956892+00:00
9,869e929e-b581-462c-b716-27d7e8e3036e,,,True,0,2026-08-30 06:25:59.128325+00:00,2026-08-30 07:06:20.956892+00:00
10,7a3d6e9e-4c3b-419b-8a16-a676192530f7,,,True,0,2026-08-30 06:25:59.128325+00:00,2026-08-30 07:06:20.956892+00:00
11,cc4dff29-84e4-4187-97e1-aa06070cd428,,,True,0,2026-08-30 06:25:59.128325+00:00,2026-08-30 07:06:20.956892+00:00
12,7005ab44-5d13-4cba-9efc-b3046c747a54,,,True,0,2026-08-30 06:25:59.128325+00:00,2026-08-30 07:06:20.956892+00:00
13,4aadbca7-881f-4a42-8650-14aee30148c7,,,True,0,2026-08-30 06:25:59.128325+00:00,2026-08-30 07:06:20.956892+00:00
14,91bae5da-c26b-4a48-8c09-3ffa8e9f1b5e,,,True,0,2026-08-30 06:25:59.128325+00:00,2026-08-30 07:06:20.956892+00:00
15,2cb34a38-d1c2-43cf-8dec-f237e5c5d14b,,,True,0,2026-08-30 06:25:59.128325+00:00,2026-08-30 07:06:20.956892+00:00
16,b5658834-2225-47fc-8ca4-cfcdaf5e1261,,,True,0,2026-08-30 06:25:59.128325+00:00,2026-08-30 07:06:20.956892+00:00
17,b1dc011a-1937-4938-9185-eaf6875d552f,,,True,0,2026-08-30 06:25:59.128325+00:00,2026-08-30 07:06:20.956892+00:00
18,d8108f51-75fc-48a7-a090-5b2adf9f86b8,,,True,0,2026-08-30 06:25:59.128325+00:00,2026-08-30 07:06:20.956892+00:00
19,5e813f02-85fb-4274-95d5-90a7053047c8,,,True,0,2026-08-30 06:25:59.128325+00:00,2026-08-30 07:06:20.956892+00:00
20,22340160-6e0b-4b09-b45f-72e36afa639a,,,True,0,2026-08-30 06:25:59.128325+00:00,2026-08-30 07:06:20.956892+00:00
21,75294b07-4614-4eb3-a6c2-15fd348dafb0,,,True,0,2026-08-30 06:25:59.128325+00:00,2026-08-30 07:06:20.956892+00:00
22,44f70639-fb59-49c2-81e2-2cd64fb7ee52,,,True,0,2026-08-30 06:25:59.128325+00:00,2026-08-30 07:06:20.956892+00:00
23,0a4b79c8-ab0e-4b7e-a126-17e90be23084,,,True,0,2026-08-30 06:25:59.128325+00:00,2026-08-30 07:06:20.956892+00:00
24,09f7b6f5-8c33-414c-91da-9d702d924a55,,,True,0,2026-08-30 06:25:59.128325+00:00,2026-08-30 07:06:20.956892+00:00
25,802ebecf-9862-41e2-8520-89778e06ced3,,,True,0,2026-08-30 06:25:59.128325+00:00,2026-08-30 07:06:20.956892+00:00
26,b1c8bc53-c213-401a-aa55-fd83c77655c3,,,True,0,2026-08-30 06:25:59.128325+00:00,2026-08-30 07:06:20.956892+00:00
27,53037ecd-cd3c-4c45-a0f0-c350b08ce9b8,,,True,0,2026-08-30 06:25:59.128325+00:00,2026-08-30 07:06:20.956892+00:00
28,6b39ef2f-a90d-4d9c-b37f-cf9347d15599,,,True,0,2026-08-30 06:25:59.128325+00:00,2026-08-30 07:06:20.956892+00:00
29,f1eedd54-4e04-4c2e-a893-3309018defef,,,True,0,2026-08-30 06:25:59.128325+00:00,2026-08-30 07:06:20.956892+00:00
30,8619ad1f-595c-4d16-bfed-3529711e0341,,,True,0,2026-08-30 06:25:59.128325+00:00,2026-08-30 07:06:20.956892+00:00
31,6cb0967a-90a9-4f9c-8b91-a919c08924e8,,,True,0,2026-08-30 06:25:59.128325+00:00,2026-08-30 07:06:20.956892+00:00
32,dfd405d8-f0dc-48bb-9e83-b0c24e1cf63c,,,True,0,2026-08-30 06:25:59.128325+00:00,2026-08-30 07:06:20.956892+00:00
34,0096366e-edaa-4d89-ace8-643976482682,,,True,0,2026-08-30 06:25:59.128325+00:00,2026-08-30 07:06:20.956892+00:00
35,2ce0aeef-e4bb-48b6-be18-4f8ca4be3c52,,,True,0,2026-08-30 06:25:59.128325+00:00,2026-08-30 07:06:20.956892+00:00
36,4470bf9f-d104-4118-9321-b897cd6450bf,,,True,0,2026-08-30 06:25:59.128325+00:00,2026-08-30 07:06:20.956892+00:00
37,f3db6f82-2343-451c-9f0d-674f429f8404,,,True,0,2026-08-30 06:25:59.128325+00:00,2026-08-30 07:06:20.956892+00:00
38,9ce90546-750f-4505-8e62-128451a81041,,,True,0,2026-08-30 06:25:59.128325+00:00,2026-08-30 07:06:20.956892+00:00
39,097e3dfe-8f68-402f-a64b-28733a9d8422,,,True,0,2026-08-30 06:25:59.128325+00:00,2026-08-30 07:06:20.956892+00:00
40,e548b7c5-02a9-43b7-b426-98e6d6890b83,,,True,0,2026-08-30 06:25:59.128325+00:00,2026-08-30 07:06:20.956892+00:00
41,404be454-aaaf-491f-9e68-9ff19f5da5b9,,,True,0,2026-08-30 06:25:59.128325+00:00,2026-08-30 07:06:20.956892+00:00
42,7a4dd66c-1123-465c-8037-58d8b4dde24d,,,True,0,2026-08-30 06:25:59.128325+00:00,2026-08-30 07:06:20.956892+00:00
43,385b6c61-c346-49da-8c1d-d2184e9a25b1,,,True,0,2026-08-30 06:25:59.128325+00:00,2026-08-30 07:06:20.956892+00:00
44,e661239e-80c7-4454-9afd-38a11f021a70,,,True,0,2026-08-30 06:25:59.128325+00:00,2026-08-30 07:06:20.956892+00:00
45,5e4159ce-0d00-4735-8f1b-5e9b3889ac67,,,True,0,2026-08-30 06:25:59.128325+00:00,2026-08-30 07:06:20.956892+00:00
46,fc82d451-6ffb-4985-8e27-f419a8c40552,,,True,0,2026-08-30 06:25:59.128325+00:00,2026-08-30 07:06:20.956892+00:00
47,02ebe135-0d03-4f66-8843-b6c9b898440c,,,True,0,2026-08-30 06:25:59.128325+00:00,2026-08-30 07:06:20.956892+00:00
48,37149a60-4f30-4fb2-ac50-48cbebba39fd,,,True,0,2026-08-30 06:25:59.128325+00:00,2026-08-30 07:06:20.956892+00:00
49,94f13a7d-9228-40a1-9acd-aa06ade09281,,,True,0,2026-08-30 06:25:59.128325+00:00,2026-08-30 07:06:20.956892+00:00
50,4b1c7b45-cc2b-45e4-a419-0257bba69fa0,,,True,0,2026-08-30 06:25:59.128325+00:00,2026-08-30 07:06:20.956892+00:00
51,2a61a946-01e9-4570-b224-c92750ac36f5,,,True,0,2026-08-30 06:25:59.128325+00:00,2026-08-30 07:06:20.956892+00:00
52,465f8d21-5ae9-480f-89b2-3fdb55b7c70a,,,True,0,2026-08-30 06:25:59.128325+00:00,2026-08-30 07:06:20.956892+00:00
53,2afcd5b9-536c-44fc-a541-0debcff15ee7,,,True,0,2026-08-30 06:25:59.128325+00:00,2026-08-30 07:06:20.956892+00:00
54,861dc41d-0590-45ae-ae07-f0193942c2ae,,,True,0,2026-08-30 06:25:59.128325+00:00,2026-08-30 07:06:20.956892+00:00
55,32bbf371-567d-4792-ada5-da89ea642ff8,,,True,0,2026-08-30 06:25:59.128325+00:00,2026-08-30 07:06:20.956892+00:00
56,7f22efbc-9ece-4fbc-9b13-33991bea9594,,,True,0,2026-08-30 06:25:59.128325+00:00,2026-08-30 07:06:20.956892+00:00
57,737e7ce2-7b1b-44f1-a11b-0fc15e174878,,,True,0,2026-08-30 06:25:59.128325+00:00,2026-08-30 07:06:20.956892+00:00
58,5c48f6d4-9555-48a0-b15c-8df783ef7e20,,,True,0,2026-08-30 06:25:59.128325+00:00,2026-08-30 07:06:20.956892+00:00
59,a04bfe10-b94f-4c22-8740-c9f6859daf93,,,True,0,2026-08-30 06:25:59.128325+00:00,2026-08-30 07:06:20.956892+00:00
60,54648326-0a03-45de-a3ae-b5e0efa0759d,,,True,0,2026-08-30 06:25:59.128325+00:00,2026-08-30 07:06:20.956892+00:00
61,736c5df7-a4d2-4314-9ef4-57dc29f9c923,,,True,0,2026-08-30 06:25:59.128325+00:00,2026-08-30 07:06:20.956892+00:00
62,1d7d4295-de24-4094-b99d-b5a864c1de07,,,True,0,2026-08-30 06:25:59.128325+00:00,2026-08-30 07:06:20.956892+00:00
63,73bcc4a2-95bd-4c33-9b70-118d7b8b1dce,,,True,0,2026-08-30 06:25:59.128325+00:00,2026-08-30 07:06:20.956892+00:00
64,9c5f2c5b-4548-436b-a9d0-05dd495c4e81,,,True,0,2026-08-30 06:25:59.128325+00:00,2026-08-30 07:06:20.956892+00:00
65,f6431ff4-14d4-476e-b8f2-2a98b664dac5,,,True,0,2026-08-30 06:25:59.128325+00:00,2026-08-30 07:06:20.956892+00:00
66,fe33d30a-4cd9-46ff-9ead-d3281874426b,,,True,0,2026-08-30 06:25:59.128325+00:00,2026-08-30 07:06:20.956892+00:00
67,4e4d8c53-3778-41d4-84da-5808e7c8e221,,,True,0,2026-08-30 06:25:59.128325+00:00,2026-08-30 07:06:20.956892+00:00
68,0741bc89-abf7-40c0-beff-c1b5ad794540,,,True,0,2026-08-30 06:25:59.128325+00:00,2026-08-30 07:06:20.956892+00:00
69,0bfbb9e0-ed07-4eb7-b86a-d9611890b269,,,True,0,2026-08-30 06:25:59.128325+00:00,2026-08-30 07:06:20.956892+00:00
70,1e784175-29a4-40db-8da6-a2c59f28c68c,,,True,0,2026-08-30 06:25:59.128325+00:00,2026-08-30 07:06:20.956892+00:00
71,d2def205-50d2-494f-8fe9-46d3e6fcaa65,,,True,0,2026-08-30 06:25:59.128325+00:00,2026-08-30 07:06:20.956892+00:00
72,ec6632d4-691f-4030-9d50-a87fa84dded0,,,True,0,2026-08-30 06:25:59.128325+00:00,2026-08-30 07:06:20.956892+00:00
73,25c7510e-1db3-4609-a845-9512ae0be760,,,True,0,2026-08-30 06:25:59.128325+00:00,2026-08-30 07:06:20.956892+00:00
74,0bf3d2d8-855b-4ad4-8033-a11aebbc64b0,,,True,0,2026-08-30 06:25:59.128325+00:00,2026-08-30 07:06:20.956892+00:00
75,4c7b1f14-3401-44b2-9ae9-52cfbd692dfe,,,True,0,2026-08-30 06:25:59.128325+00:00,2026-08-30 07:06:20.956892+00:00
76,b06a83d1-7c1b-4cfd-ab5f-0317e33e2e34,,,True,0,2026-08-30 06:25:59.128325+00:00,2026-08-30 07:06:20.956892+00:00
78,2ccd29a5-73ca-413a-a8e9-1cff31fdabf0,,,True,0,2026-08-30 06:25:59.128325+00:00,2026-08-30 07:06:20.956892+00:00
79,ddce1db5-c538-4826-a438-8f04a0525e40,,,True,0,2026-08-30 06:25:59.128325+00:00,2026-08-30 07:06:20.956892+00:00
81,d1606dad-ff72-4274-bfd1-0b39397fba9f,,,True,0,2026-08-30 06:25:59.128325+00:00,2026-08-30 07:06:20.956892+00:00
82,63f81f0b-d4b8-402b-a359-07331704cd43,,,True,0,2026-08-30 06:25:59.128325+00:00,2026-08-30 07:06:20.956892+00:00
83,5dac4c6f-c626-4bb6-898a-a9d5165b0472,,,True,0,2026-08-30 06:25:59.128325+00:00,2026-08-30 07:06:20.956892+00:00
84,f00b28d2-d672-42fb-8bbd-c9983ca24ee5,,,True,0,2026-08-30 06:25:59.128325+00:00,2026-08-30 07:06:20.956892+00:00
85,7654797e-5151-46fa-9d79-365e85ea5180,,,True,0,2026-08-30 06:25:59.128325+00:00,2026-08-30 07:06:20.956892+00:00
86,f0c0e371-2b20-4053-8ede-59c61309a311,,,True,0,2026-08-30 06:25:59.128325+00:00,2026-08-30 07:06:20.956892+00:00
87,3c8bff41-8936-41e0-981c-74bc32eb05c0,,,True,0,2026-08-30 06:25:59.128325+00:00,2026-08-30 07:06:20.956892+00:00
88,bd4120f8-ebfa-48d2-a931-557453a6cbc9,,,True,0,2026-08-30 06:25:59.128325+00:00,2026-08-30 07:06:20.956892+00:00
89,6b9b31ba-0020-4e2f-aad5-4ce5375b6c52,,,True,0,2026-08-30 06:25:59.128325+00:00,2026-08-30 07:06:20.956892+00:00
90,ff4ab0cd-5ba5-47e2-8833-ecc53d8600b1,,,True,0,2026-08-30 06:25:59.128325+00:00,2026-08-30 07:06:20.956892+00:00
91,5605251f-3e97-46f7-93d1-c6456294ff3f,,,True,0,2026-08-30 06:25:59.128325+00:00,2026-08-30 07:06:20.956892+00:00
92,dac7d8ad-0ca7-4c57-a764-996e5ddbb510,,,True,0,2026-08-30 06:25:59.128325+00:00,2026-08-30 07:06:20.956892+00:00
93,6d106b71-cf37-4554-b04f-d9bd8baee5ed,,,True,0,2026-08-30 06:25:59.128325+00:00,2026-08-30 07:06:20.956892+00:00
94,b064ce38-d6c7-4499-a762-075ee34f798a,,,True,0,2026-08-30 06:25:59.128325+00:00,2026-08-30 07:06:20.956892+00:00
95,d6a7e8a6-1487-4ce0-8c27-4b0d85b159be,,,True,0,2026-08-30 06:25:59.128325+00:00,2026-08-30 07:06:20.956892+00:00
96,10c45331-af2e-4474-9399-a65bf21ed60b,,,True,0,2026-08-30 06:25:59.128325+00:00,2026-08-30 07:06:20.956892+00:00
97,ef6a8fab-2822-4824-8114-8ef446ebd6a7,,,True,0,2026-08-30 06:25:59.128325+00:00,2026-08-30 07:06:20.956892+00:00
98,b4db756e-1d61-4644-9666-2b31311fba1d,,,True,0,2026-08-30 06:25:59.128325+00:00,2026-08-30 07:06:20.956892+00:00
99,94572c25-75e7-4926-bf2a-546cee6b11e8,,,True,0,2026-08-30 06:25:59.128325+00:00,2026-08-30 07:06:20.956892+00:00
100,a15928ca-2573-4525-b1ac-b4c048f30834,,,True,0,2026-08-30 06:25:59.128325+00:00,2026-08-30 07:06:20.956892+00:00
101,d04b1738-d3ad-4b3b-bc2f-19daee1ae37e,,,True,0,2026-08-30 06:25:59.128325+00:00,2026-08-30 07:06:20.956892+00:00
102,89f15eb5-a989-47c0-a439-ff2c1394fada,,,True,0,2026-08-30 06:25:59.128325+00:00,2026-08-30 07:06:20.956892+00:00
103,8b87f8a3-4ae5-4734-a1cb-5734db98a1d2,,,True,0,2026-08-30 06:25:59.128325+00:00,2026-08-30 07:06:20.956892+00:00
104,04cc091b-6488-435f-99f2-a994484ff003,,,True,0,2026-08-30 06:25:59.128325+00:00,2026-08-30 07:06:20.956892+00:00
105,35a66737-2986-4a0b-8377-d31c7fba399a,,,True,0,2026-08-30 06:25:59.128325+00:00,2026-08-30 07:06:20.956892+00:00
106,4200a2cb-eb6d-4d33-b766-10fd84f38502,,,True,0,2026-08-30 06:25:59.128325+00:00,2026-08-30 07:06:20.956892+00:00
107,0ace54de-51cc-4391-b4f6-24a0f8d88c47,,,True,0,2026-08-30 06:25:59.128325+00:00,2026-08-30 07:06:20.956892+00:00
108,b3ff9937-741c-43af-a439-4e144a2c7969,,,True,0,2026-08-30 06:25:59.128325+00:00,2026-08-30 07:06:20.956892+00:00
109,9f99dfb0-7204-41d0-b7bd-a7376c818c0f,,,True,0,2026-08-30 06:25:59.128325+00:00,2026-08-30 07:06:20.956892+00:00
110,2575638f-a8c2-421b-8e69-fd96c34166c8,,,True,0,2026-08-30 06:25:59.128325+00:00,2026-08-30 07:06:20.956892+00:00
111,9b656af5-43d3-4ba1-bedf-9961af84e708,,,True,0,2026-08-30 06:25:59.128325+00:00,2026-08-30 07:06:20.956892+00:00
112,387c6d71-fca1-4cb7-a15c-e7e80d392ad3,,,True,0,2026-08-30 06:25:59.128325+00:00,2026-08-30 07:06:20.956892+00:00
113,a5ac5dc7-c145-40f8-933b-f16b8ec40db4,,,True,0,2026-08-30 06:25:59.128325+00:00,2026-08-30 07:06:20.956892+00:00
114,e8e37745-38e7-4fba-978b-a5e2afd7c5d6,,,True,0,2026-08-30 06:25:59.128325+00:00,2026-08-30 07:06:20.956892+00:00
115,de7b3607-a1ec-4373-86ed-969265655779,,,True,0,2026-08-30 06:25:59.128325+00:00,2026-08-30 07:06:20.956892+00:00
116,6d43fcea-7e16-4fd1-8eda-bf8ccdb1994c,,,True,0,2026-08-30 06:25:59.128325+00:00,2026-08-30 07:06:20.956892+00:00
117,56ba3c0c-9055-476a-9b6d-b459aaee26ca,,,True,0,2026-08-30 06:25:59.128325+00:00,2026-08-30 07:06:20.956892+00:00
118,0de29f22-59eb-4133-bfec-b7f5fb649ec8,,,True,0,2026-08-30 06:25:59.128325+00:00,2026-08-30 07:06:20.956892+00:00
120,70638dd6-f367-4801-ac26-9d18695cd469,,,True,0,2026-08-30 06:25:59.128325+00:00,2026-08-30 07:06:20.956892+00:00
121,b96045eb-7743-4416-8122-ea3d40123a80,,,True,0,2026-08-30 06:25:59.128325+00:00,2026-08-30 07:06:20.956892+00:00
122,8bca893b-b283-41a1-9490-c7a1b2f25bca,,,True,0,2026-08-30 06:25:59.128325+00:00,2026-08-30 07:06:20.956892+00:00
123,b2473c1f-9b1f-4ac9-9237-51f2dd75ef22,,,True,0,2026-08-30 06:25:59.128325+00:00,2026-08-30 07:06:20.956892+00:00
124,bd161e72-09ea-47bd-8c98-dcfb0913794b,,,True,0,2026-08-30 06:25:59.128325+00:00,2026-08-30 07:06:20.956892+00:00
125,d4f0bbee-9786-41db-b6a9-f8ebd25484bc,,,True,0,2026-08-30 06:25:59.128325+00:00,2026-08-30 07:06:20.956892+00:00
126,93221ba0-c864-4621-a778-b03f1964d816,,,True,0,2026-08-30 06:25:59.128325+00:00,2026-08-30 07:06:20.956892+00:00
127,4b77b951-aa97-44c4-8141-3d0c50821bc4,,,True,0,2026-08-30 06:25:59.128325+00:00,2026-08-30 07:06:20.956892+00:00
128,5a480291-32b0-480c-87eb-c07ef3f4fa10,,,True,0,2026-08-30 06:25:59.128325+00:00,2026-08-30 07:06:20.956892+00:00
129,879ff484-bd17-42d7-a12f-63b2af6c72df,,,True,0,2026-08-30 06:25:59.128325+00:00,2026-08-30 07:06:20.956892+00:00
130,ba6ac4fd-1146-485a-925c-e02b86049752,,,True,0,2026-08-30 06:25:59.128325+00:00,2026-08-30 07:06:20.956892+00:00
131,15612c0a-45ed-4258-bf6c-e191af8e5d84,,,True,0,2026-08-30 06:25:59.128325+00:00,2026-08-30 07:06:20.956892+00:00
132,5b538111-99c1-464f-bb30-87efc8426bd3,,,True,0,2026-08-30 06:25:59.128325+00:00,2026-08-30 07:06:20.956892+00:00
133,8abdc6fa-5cd9-4bb9-8b27-ea96d7ef351e,,,True,0,2026-08-30 06:25:59.128325+00:00,2026-08-30 07:06:20.956892+00:00
134,0519751b-c59a-4c5e-b900-c7b0714c8bba,,,True,0,2026-08-30 06:25:59.128325+00:00,2026-08-30 07:06:20.956892+00:00
135,91918821-a62c-4343-a283-008902c76cce,,,True,0,2026-08-30 06:25:59.128325+00:00,2026-08-30 07:06:20.956892+00:00
136,b79d5fba-d276-4785-bdea-ea84ad407d17,,,True,0,2026-08-30 06:25:59.128325+00:00,2026-08-30 07:06:20.956892+00:00
137,80e3a753-5003-4ae1-883f-3deaa71f4299,,,True,0,2026-08-30 06:25:59.128325+00:00,2026-08-30 07:06:20.956892+00:00
138,be33cf37-c34e-4c0d-a378-17931d39cd61,,,True,0,2026-08-30 06:25:59.128325+00:00,2026-08-30 07:06:20.956892+00:00
139,c5c66675-60b9-47f2-8f91-c0c8ee528e92,,,True,0,2026-08-30 06:25:59.128325+00:00,2026-08-30 07:06:20.956892+00:00
140,b4c58fb4-4b8a-46ca-8823-2b812e412af2,,,True,0,2026-08-30 06:25:59.128325+00:00,2026-08-30 07:06:20.956892+00:00
141,f842c517-d2ce-429b-b0a5-1a053b24a77b,,,True,0,2026-08-30 06:25:59.128325+00:00,2026-08-30 07:06:20.956892+00:00
142,2d6e452b-2b6c-4db6-8e0f-24a4777e0afb,,,True,0,2026-08-30 06:25:59.128325+00:00,2026-08-30 07:06:20.956892+00:00
143,49017f68-957a-41f4-b6f6-170dd0e165df,,,True,0,2026-08-30 06:25:59.128325+00:00,2026-08-30 07:06:20.956892+00:00
144,352e56e2-15d7-4791-b2ed-95ffb23a0a7a,,,True,0,2026-08-30 06:25:59.128325+00:00,2026-08-30 07:06:20.956892+00:00
145,e63a9208-2777-4a95-9c73-e5dc5a2c0e36,,,True,0,2026-08-30 06:25:59.128325+00:00,2026-08-30 07:06:20.956892+00:00
146,3376f79e-03a2-4b6d-8767-284ef6da85ae,,,True,0,2026-08-30 06:25:59.128325+00:00,2026-08-30 07:06:20.956892+00:00
147,f72a8c8f-a023-4224-9fb0-f9595040af80,,,True,0,2026-08-30 06:25:59.128325+00:00,2026-08-30 07:06:20.956892+00:00
148,1b8cb24f-8d95-46a7-a055-ec511c84849a,,,True,0,2026-08-30 06:25:59.128325+00:00,2026-08-30 07:06:20.956892+00:00
149,1d631a4a-2231-4d55-9d22-3409a9c9ea5c,,,True,0,2026-08-30 06:25:59.128325+00:00,2026-08-30 07:06:20.956892+00:00
150,139689d2-b2e9-4ddb-8438-04bbfa47046f,,,True,0,2026-08-30 06:25:59.128325+00:00,2026-08-30 07:06:20.956892+00:00
151,6e6e6b44-caf8-4041-b714-ab82bc2e0f6e,,,True,0,2026-08-30 06:25:59.128325+00:00,2026-08-30 07:06:20.956892+00:00
152,9ab5f44d-7cb4-470d-99fa-8ed887ea709b,,,True,0,2026-08-30 06:25:59.128325+00:00,2026-08-30 07:06:20.956892+00:00
153,c37772c5-424e-40a5-866b-66b39547dd03,,,True,0,2026-08-30 06:25:59.128325+00:00,2026-08-30 07:06:20.956892+00:00
154,7dc6c728-fb81-4d2b-a963-b475bf9b0019,,,True,0,2026-08-30 06:25:59.128325+00:00,2026-08-30 07:06:20.956892+00:00
155,7d321e0c-7ce1-4f82-9c92-c8e73cf8ad3d,,,True,0,2026-08-30 06:25:59.128325+00:00,2026-08-30 07:06:20.956892+00:00
156,bef9783e-00be-41b0-89d3-ef464b1c5184,,,True,0,2026-08-30 06:25:59.128325+00:00,2026-08-30 07:06:20.956892+00:00
157,dd283ce9-5a6f-4e8f-87cd-331ed0d39312,,,True,0,2026-08-30 06:25:59.128325+00:00,2026-08-30 07:06:20.956892+00:00
158,07f77368-6f11-4a53-b04d-c586a69e3a9f,,,True,0,2026-08-30 06:25:59.128325+00:00,2026-08-30 07:06:20.956892+00:00
159,3267439d-6e01-45f0-934f-a6c49fafdbb4,,,True,0,2026-08-30 06:25:59.128325+00:00,2026-08-30 07:06:20.956892+00:00
160,17b4c100-b00c-4953-8472-8d59a0004e36,,,True,0,2026-08-30 06:25:59.128325+00:00,2026-08-30 07:06:20.956892+00:00
161,91c9c636-db74-4df8-8a52-4f2ee8eca838,,,True,0,2026-08-30 06:25:59.128325+00:00,2026-08-30 07:06:20.956892+00:00
162,95321b03-8a92-4183-bbac-ca8557d8491a,,,True,0,2026-08-30 06:25:59.128325+00:00,2026-08-30 07:06:20.956892+00:00
163,944ea051-8cd5-48e8-8f68-729a21dc04cf,,,True,0,2026-08-30 06:25:59.128325+00:00,2026-08-30 07:06:20.956892+00:00
164,1d3b1ed6-a528-4cab-aadf-1bbfa13f2dd7,,,True,0,2026-08-30 06:25:59.128325+00:00,2026-08-30 07:06:20.956892+00:00
165,e9c4332c-a9be-422a-8853-dfd847316c89,,,True,0,2026-08-30 06:25:59.128325+00:00,2026-08-30 07:06:20.956892+00:00
166,a9805d66-bebb-47bb-aa60-5f487e360dfb,,,True,0,2026-08-30 06:25:59.128325+00:00,2026-08-30 07:06:20.956892+00:00
167,1f82a5e2-c1e2-4af9-ae1f-874565d398d2,,,True,0,2026-08-30 06:25:59.128325+00:00,2026-08-30 07:06:20.956892+00:00
168,5255f0da-6f72-4d4f-8223-1a1114b2ca01,,,True,0,2026-08-30 06:25:59.128325+00:00,2026-08-30 07:06:20.956892+00:00
169,6a171b9c-731c-49c0-9dea-00de498814a2,,,True,0,2026-08-30 06:25:59.128325+00:00,2026-08-30 07:06:20.956892+00:00
170,b52f2c3f-83b7-4755-8d4b-1540b5ac7df5,,,True,0,2026-08-30 06:25:59.128325+00:00,2026-08-30 07:06:20.956892+00:00
171,6a3b7908-b9fd-4a78-88d2-2d8b1f51c2e0,,,True,0,2026-08-30 06:25:59.128325+00:00,2026-08-30 07:06:20.956892+00:00
172,249107e8-1ab7-4d4f-a33a-61d87a227e78,,,True,0,2026-08-30 06:25:59.128325+00:00,2026-08-30 07:06:20.956892+00:00
173,27375deb-6078-47d7-9680-31ab6745c8eb,,,True,0,2026-08-30 06:25:59.128325+00:00,2026-08-30 07:06:20.956892+00:00
174,81df1819-a2e3-41e8-9c73-baaf462d948c,,,True,0,2026-08-30 06:25:59.128325+00:00,2026-08-30 07:06:20.956892+00:00
175,28bdf9b8-c8d0-4a78-9799-e7136ca280a8,,,True,0,2026-08-30 06:25:59.128325+00:00,2026-08-30 07:06:20.956892+00:00
176,b20e1196-2d7c-46d7-b5da-a9315ee950bf,,,True,0,2026-08-30 06:25:59.128325+00:00,2026-08-30 07:06:20.956892+00:00
177,0f7d97b1-2a16-4764-bfa7-8d880d0b6875,,,True,0,2026-08-30 06:25:59.128325+00:00,2026-08-30 07:06:20.956892+00:00
178,48bfdb9d-0982-413c-bf6d-521d9b2e5e74,,,True,0,2026-08-30 06:25:59.128325+00:00,2026-08-30 07:06:20.956892+00:00
179,4ddce236-8255-4ab9-a32f-0e7cf5aadc8c,,,True,0,2026-08-30 06:25:59.128325+00:00,2026-08-30 07:06:20.956892+00:00
180,d844e130-3183-405d-8890-e84a5c45a0dd,,,True,0,2026-08-30 06:25:59.128325+00:00,2026-08-30 07:06:20.956892+00:00
181,b0202013-c91c-435f-8808-1797b57f87ef,,,True,0,2026-08-30 06:25:59.128325+00:00,2026-08-30 07:06:20.956892+00:00
182,3296da27-1563-41a6-88e7-7494f2699549,,,True,0,2026-08-30 06:25:59.128325+00:00,2026-08-30 07:06:20.956892+00:00
80,b80bfc41-1f30-41bc-85a0-8efe60bcf631,,,False,0,2026-08-30 06:25:59.128325+00:00,2026-08-30 07:06:20.956892+00:00
183,32e2764c-6161-41e8-9152-4f6ce9b65867,,,True,0,2026-08-30 07:06:20.956892+00:00,2026-08-30 07:06:20.956892+00:00
77,82d4344f-a546-4073-86d1-f7312ba09a25,,,False,0,2026-08-30 06:25:59.128325+00:00,2026-08-30 07:06:20.956892+00:00
184,d08df2e4-ab62-496c-8444-c945d28f145f,,,True,0,2026-08-30 07:06:20.956892+00:00,2026-08-30 07:06:20.956892+00:00
33,298f618b-b9b1-45b5-a9f0-59f02d30df1d,,,False,0,2026-08-30 06:25:59.128325+00:00,2026-08-30 07:06:20.956892+00:00
185,3bfa846c-1c02-4703-806e-1e171d3b4ab1,,,True,0,2026-08-30 07:06:20.956892+00:00,2026-08-30 07:06:20.956892+00:00
119,63944c8c-eb26-44c5-a88c-1ead00233be9,,,False,0,2026-08-30 06:25:59.128325+00:00,2026-08-30 07:06:20.956892+00:00
