card_id,set_code,card_number,card_name,current_rarity,scrydex_rarity,scrydex_label,status,scrydex_url
3262b574-be73-49fe-bf6b-ed5fbcaf200d,M1S,076,メガユキノオーex,UR,SR,スーパーレア,CHANGE,https://scrydex.com/pokemon/cards/mega-abomasnow-ex/m1s_ja-76
d101e144-d068-4183-bdd0-fa757bd48ac9,M1S,077,メガライボルトex,UR,SR,スーパーレア,CHANGE,https://scrydex.com/pokemon/cards/mega-manectric-ex/m1s_ja-77
fc0b0fab-0620-416b-a9f4-fb2d33a9d27f,M1S,078,メガサーナイトex,UR,SR,スーパーレア,CHANGE,https://scrydex.com/pokemon/cards/mega-gardevoir-ex/m1s_ja-78
51103713-85d9-4c07-a5bb-9f732a3ead17,M1S,079,メガラティアスex,UR,SR,スーパーレア,CHANGE,https://scrydex.com/pokemon/cards/mega-latias-ex/m1s_ja-79
56eac2ff-1673-4420-b743-b70068bf4dca,M1S,080,メガガルーラex,UR,SR,スーパーレア,CHANGE,https://scrydex.com/pokemon/cards/mega-kangaskhan-ex/m1s_ja-80
650d6aec-4dfc-422b-bcff-5d17ec46c024,M1S,081,なかよしポフィン,UR,SR,スーパーレア,CHANGE,https://scrydex.com/pokemon/cards/buddy-buddy-poffin/m1s_ja-81
0a50013e-2c6e-41ca-b01d-815ddbd31095,M1S,082,ふしぎなアメ,UR,SR,スーパーレア,CHANGE,https://scrydex.com/pokemon/cards/rare-candy/m1s_ja-82
f8a11039-2ff7-4f21-8e14-f96f13c50be5,M1S,083,メガシグナル,UR,SR,スーパーレア,CHANGE,https://scrydex.com/pokemon/cards/mega-signal/m1s_ja-83
42d6d70d-fbcb-46ba-98b8-ef85edc53076,M1S,084,アセロラのいたずら,UR,SR,スーパーレア,CHANGE,https://scrydex.com/pokemon/cards/acerolas-mischief/m1s_ja-84
ae66a6f5-b239-4253-8249-1eab35f23771,M1S,085,ミツルの思いやり,UR,SR,スーパーレア,CHANGE,https://scrydex.com/pokemon/cards/wallys-compassion/m1s_ja-85
a8b9ec20-a773-4b41-b3cf-401c926a8e21,M1S,086,ミステリーガーデン,UR,SR,スーパーレア,CHANGE,https://scrydex.com/pokemon/cards/mystery-garden/m1s_ja-86
6bc3e6e7-16ed-4d1e-b4d8-460eb7a21345,M2,102,ポケモンいれかえ,SR,PROMO,プロモ,CHANGE,https://scrydex.com/pokemon/cards/switch/m2_ja-102
e5171e1e-c3cf-4f20-80c6-ccec1a6bc739,M2,065,プクリン,U,C,通常,CHANGE,https://scrydex.com/pokemon/cards/wigglytuff/m2_ja-65
6d5a2013-7d77-440d-83cf-ee7c6464f00d,M2a,223,メガリザードンXex,SR,R,Rare,CHANGE,https://scrydex.com/pokemon/cards/mega-charizard-x-ex/m2a_ja-223
3c1bbfb4-9459-4564-914e-65c79948bc96,M2a,224,メガユキメノコex,SR,R,Rare,CHANGE,https://scrydex.com/pokemon/cards/mega-froslass-ex/m2a_ja-224
ec4fdfb7-3766-4d82-99e9-0fd20fb0a56a,M2a,225,メガシビルドンex,SR,R,Rare,CHANGE,https://scrydex.com/pokemon/cards/mega-eelektross-ex/m2a_ja-225
4c48277a-409d-43e8-8746-371f71484b43,M2a,226,メガサーナイトex,SR,R,Rare,CHANGE,https://scrydex.com/pokemon/cards/mega-gardevoir-ex/m2a_ja-226
5b4b2016-546c-4567-900c-24048546bdc1,M2a,227,メガディアンシーex,SR,R,Rare,CHANGE,https://scrydex.com/pokemon/cards/mega-diancie-ex/m2a_ja-227
9a6456ae-9355-4117-8b2e-3bf151df1c7a,M2a,228,メガルカリオex,SR,R,Rare,CHANGE,https://scrydex.com/pokemon/cards/mega-lucario-ex/m2a_ja-228
2f81fd40-26a2-4487-b78e-9a08529681f8,M2a,229,メガルチャブルex,SR,R,Rare,CHANGE,https://scrydex.com/pokemon/cards/mega-hawlucha-ex/m2a_ja-229
e7f92c05-4c1f-468c-a52d-6e479d0fc923,M2a,230,メガゲンガーex,SR,R,Rare,CHANGE,https://scrydex.com/pokemon/cards/mega-gengar-ex/m2a_ja-230
dca01781-8d22-4659-b8fc-acc7c748ae7c,M2a,231,メガズルズキンex,SR,R,Rare,CHANGE,https://scrydex.com/pokemon/cards/mega-scrafty-ex/m2a_ja-231
95957582-7230-45f4-a2cf-cf0204c2d49c,M6,100,MCの盛り上げ,MUR,SR,スーパーレア,CHANGE,https://scrydex.com/pokemon/cards/emcees-hype/m6_ja-100
75e3dfb1-1826-444e-91b6-8f40162343aa,M6,101,ギリー,MUR,SR,スーパーレア,CHANGE,https://scrydex.com/pokemon/cards/aarune/m6_ja-101
ff570a52-e28b-402b-9392-70ef46fc20a6,M6,102,ヒガナの信頼,MUR,SR,スーパーレア,CHANGE,https://scrydex.com/pokemon/cards/zinnias-trust/m6_ja-102
4393fee0-dc33-4453-8001-645898a0884e,M6,103,フウとランの修行,MUR,SR,スーパーレア,CHANGE,https://scrydex.com/pokemon/cards/tate-lizas-training/m6_ja-103
0c1fec2e-7533-473d-8f95-8f1eb83b94ea,M6,104,グロウ草エネルギー,MUR,SR,スーパーレア,CHANGE,https://scrydex.com/pokemon/cards/growing-grass-energy/m6_ja-104
7427f543-85a5-488f-bf02-c78da19994f5,M6,105,ニトロ炎エネルギー,MUR,SR,スーパーレア,CHANGE,https://scrydex.com/pokemon/cards/nitro-fire-energy/m6_ja-105
787fd970-1b75-4dd8-bc6b-33a29479be41,M6,106,バブル水エネルギー,MUR,SR,スーパーレア,CHANGE,https://scrydex.com/pokemon/cards/bubbly-water-energy/m6_ja-106
55f975f9-925a-489c-b443-1583173c9c2a,M6,107,メガグソクムシャex,MUR,SAR,スペシャルアートレア,CHANGE,https://scrydex.com/pokemon/cards/mega-golisopod-ex/m6_ja-107
332f8127-b133-4ea1-8e23-2ad48dc09184,M6,108,ライコウex,MUR,SAR,スペシャルアートレア,CHANGE,https://scrydex.com/pokemon/cards/raikou-ex/m6_ja-108
bb4e9a28-bfbd-48d5-85a9-53a4585951ef,M6,109,メガゴルーグex,MUR,SAR,スペシャルアートレア,CHANGE,https://scrydex.com/pokemon/cards/mega-golurk-ex/m6_ja-109
d0dce076-652b-4105-a54d-ef5849da783d,M6,110,メガレックウザex,MUR,SAR,スペシャルアートレア,CHANGE,https://scrydex.com/pokemon/cards/mega-rayquaza-ex/m6_ja-110
3e5ab5c8-86c5-4b49-9e48-72ab126e52be,M6,111,ギリー,MUR,SAR,スペシャルアートレア,CHANGE,https://scrydex.com/pokemon/cards/aarune/m6_ja-111
b779a3f1-c862-4b47-95b1-7eab6219aae3,M6,112,ヒガナの信頼,MUR,SAR,スペシャルアートレア,CHANGE,https://scrydex.com/pokemon/cards/zinnias-trust/m6_ja-112
d17d8d29-86ad-4d72-a7ab-48bbe2797981,M6,077,アメモース,MUR,AR,アートレア,CHANGE,https://scrydex.com/pokemon/cards/masquerain/m6_ja-77
e03a6425-edcf-4486-93e7-77f0ee708b31,M6,078,ガーディ,MUR,AR,アートレア,CHANGE,https://scrydex.com/pokemon/cards/growlithe/m6_ja-78
43ae2665-2bd9-46a6-ad7d-ef2cb4715db7,M6,079,ブーバーン,MUR,AR,アートレア,CHANGE,https://scrydex.com/pokemon/cards/magmortar/m6_ja-79
099a8fc4-a35e-4fa2-a15e-009ff4128191,M6,080,カイオーガ,MUR,AR,アートレア,CHANGE,https://scrydex.com/pokemon/cards/kyogre/m6_ja-80
381ca521-7c09-4ec4-a309-57b5a6585474,M6,081,エレキブル,MUR,AR,アートレア,CHANGE,https://scrydex.com/pokemon/cards/electivire/m6_ja-81
83ad16bd-a21b-4307-a4d8-fc3ec80997bf,M6,082,バチンウニ,MUR,AR,アートレア,CHANGE,https://scrydex.com/pokemon/cards/pincurchin/m6_ja-82
15b533ea-4457-426d-86a9-9bf7c6f1a661,M6,083,ラブトロス,MUR,AR,アートレア,CHANGE,https://scrydex.com/pokemon/cards/enamorus/m6_ja-83
aa9a19bc-9ae8-480e-9bed-9c838fe04e51,M6,084,グラードン,MUR,AR,アートレア,CHANGE,https://scrydex.com/pokemon/cards/groudon/m6_ja-84
8eb32504-0a49-49c0-adfd-75531bf56f32,M6,085,マーイーカ,MUR,AR,アートレア,CHANGE,https://scrydex.com/pokemon/cards/inkay/m6_ja-85
62bb9f45-c378-4aac-8f57-43e41e3ddcde,M6,086,ルリリ,MUR,AR,アートレア,CHANGE,https://scrydex.com/pokemon/cards/azurill/m6_ja-86
b4898b33-1061-40c8-9957-335b2cf1b92c,M6,087,チルタリス,MUR,AR,アートレア,CHANGE,https://scrydex.com/pokemon/cards/altaria/m6_ja-87
8bb47bb8-3f21-4678-99c7-d757fde3edca,M6,088,カクレオン,MUR,AR,アートレア,CHANGE,https://scrydex.com/pokemon/cards/kecleon/m6_ja-88
39dea0f5-f125-48af-afb8-69cca5566c8b,M6,089,メガグソクムシャex,MUR,SR,スーパーレア,CHANGE,https://scrydex.com/pokemon/cards/mega-golisopod-ex/m6_ja-89
49586f21-86d0-4530-bf03-8dd302d2878a,M6,090,ヒートロトムex,MUR,SR,スーパーレア,CHANGE,https://scrydex.com/pokemon/cards/heat-rotom-ex/m6_ja-90
5ab69939-4101-4cc4-b2c4-a2d89b7c56f9,M6,091,ヨワシex,MUR,SR,スーパーレア,CHANGE,https://scrydex.com/pokemon/cards/wishiwashi-ex/m6_ja-91
ce1a6a46-6e68-4247-b9ba-ff15cf45c2f0,M6,092,ライコウex,MUR,SR,スーパーレア,CHANGE,https://scrydex.com/pokemon/cards/raikou-ex/m6_ja-92
55add139-95ec-41f7-8960-d73f9706d37e,M6,093,メガゴルーグex,MUR,SR,スーパーレア,CHANGE,https://scrydex.com/pokemon/cards/mega-golurk-ex/m6_ja-93
136ac92d-eb4e-4240-bf2d-d86d5d262860,M6,094,メガカラマネロex,MUR,SR,スーパーレア,CHANGE,https://scrydex.com/pokemon/cards/mega-malamar-ex/m6_ja-94
c5845efc-578e-4452-967f-0a06630e9756,M6,095,メガレックウザex,MUR,SR,スーパーレア,CHANGE,https://scrydex.com/pokemon/cards/mega-rayquaza-ex/m6_ja-95
6a1787a4-7379-46d1-8673-901b9848e88b,M6,096,ファイアローex,MUR,SR,スーパーレア,CHANGE,https://scrydex.com/pokemon/cards/talonflame-ex/m6_ja-96
4c19459a-9072-4a5d-b19a-323704ff4543,M6,097,ぼうけんのランタン,MUR,SR,スーパーレア,CHANGE,https://scrydex.com/pokemon/cards/adventuring-lantern/m6_ja-97
84ae8d72-1e94-40dd-a039-c955e5ce5d53,M6,098,とくちゅうチョッキ,MUR,SR,スーパーレア,CHANGE,https://scrydex.com/pokemon/cards/pokmon-catcher/m6_ja-98
4ec825c1-2237-48b4-a522-8b594ab0ac7c,M6,099,ポケモンキャッチャー,MUR,SR,スーパーレア,CHANGE,https://scrydex.com/pokemon/cards/custom-vest/m6_ja-99
