set_code,card_number,url,error
MA,1,https://scrydex.com/pokemon/cards/shaymin/ma_ja-1,rarity parse failed
MA,2,https://scrydex.com/pokemon/cards/mew-ex/ma_ja-2,rarity parse failed
MA,3,https://scrydex.com/pokemon/cards/fezandipiti-ex/ma_ja-3,rarity parse failed
MA,4,https://scrydex.com/pokemon/cards/tatsugiri/ma_ja-4,rarity parse failed
MA,5,https://scrydex.com/pokemon/cards/pidgey/ma_ja-5,rarity parse failed
MA,6,https://scrydex.com/pokemon/cards/pidgeotto/ma_ja-6,rarity parse failed
MA,7,https://scrydex.com/pokemon/cards/pidgeot-ex/ma_ja-7,rarity parse failed
MA,8,https://scrydex.com/pokemon/cards/hoothoot/ma_ja-8,rarity parse failed
MA,9,https://scrydex.com/pokemon/cards/noctowl/ma_ja-9,rarity parse failed
MA,10,https://scrydex.com/pokemon/cards/squawkabilly-ex/ma_ja-10,rarity parse failed
MA,11,https://scrydex.com/pokemon/cards/unfair-stamp/ma_ja-11,rarity parse failed
MA,12,https://scrydex.com/pokemon/cards/energy-switch/ma_ja-12,rarity parse failed
MA,13,https://scrydex.com/pokemon/cards/electric-generator/ma_ja-13,rarity parse failed
MA,14,https://scrydex.com/pokemon/cards/counter-catcher/ma_ja-14,rarity parse failed
MA,15,https://scrydex.com/pokemon/cards/super-rod/ma_ja-15,rarity parse failed
MA,16,https://scrydex.com/pokemon/cards/earthen-vessel/ma_ja-16,rarity parse failed
MA,17,https://scrydex.com/pokemon/cards/tool-scrapper/ma_ja-17,rarity parse failed
MA,18,https://scrydex.com/pokemon/cards/buddy-buddy-poffin/ma_ja-18,rarity parse failed
MA,19,https://scrydex.com/pokemon/cards/nest-ball/ma_ja-19,rarity parse failed
MA,20,https://scrydex.com/pokemon/cards/ultra-ball/ma_ja-20,rarity parse failed
MA,21,https://scrydex.com/pokemon/cards/rare-candy/ma_ja-21,rarity parse failed
MA,22,https://scrydex.com/pokemon/cards/prime-catcher/ma_ja-22,rarity parse failed
MA,23,https://scrydex.com/pokemon/cards/switch/ma_ja-23,rarity parse failed
MA,24,https://scrydex.com/pokemon/cards/bug-catching-set/ma_ja-24,rarity parse failed
MA,25,https://scrydex.com/pokemon/cards/mega-signal/ma_ja-25,rarity parse failed
MA,26,https://scrydex.com/pokemon/cards/night-stretcher/ma_ja-26,rarity parse failed
MA,27,https://scrydex.com/pokemon/cards/counter-gain/ma_ja-27,rarity parse failed
MA,28,https://scrydex.com/pokemon/cards/rigid-band/ma_ja-28,rarity parse failed
MA,29,https://scrydex.com/pokemon/cards/heros-cape/ma_ja-29,rarity parse failed
MA,30,https://scrydex.com/pokemon/cards/air-balloon/ma_ja-30,rarity parse failed
MA,31,https://scrydex.com/pokemon/cards/maximum-belt/ma_ja-31,rarity parse failed
MA,32,https://scrydex.com/pokemon/cards/bravery-charm/ma_ja-32,rarity parse failed
MA,33,https://scrydex.com/pokemon/cards/technical-machine-evolution/ma_ja-33,rarity parse failed
MA,34,https://scrydex.com/pokemon/cards/technical-machine-devolution/ma_ja-34,rarity parse failed
MA,35,https://scrydex.com/pokemon/cards/kieran/ma_ja-35,rarity parse failed
MA,36,https://scrydex.com/pokemon/cards/iono/ma_ja-36,rarity parse failed
MA,37,https://scrydex.com/pokemon/cards/professors-research/ma_ja-37,rarity parse failed
MA,38,https://scrydex.com/pokemon/cards/arven/ma_ja-38,rarity parse failed
MA,39,https://scrydex.com/pokemon/cards/bosss-orders/ma_ja-39,rarity parse failed
MA,40,https://scrydex.com/pokemon/cards/wallys-compassion/ma_ja-40,rarity parse failed
MA,41,https://scrydex.com/pokemon/cards/lillies-determination/ma_ja-41,rarity parse failed
MA,42,https://scrydex.com/pokemon/cards/ignition-energy/ma_ja-42,rarity parse failed
MA,43,https://scrydex.com/pokemon/cards/prism-energy/ma_ja-43,rarity parse failed
MBD,1,https://scrydex.com/pokemon/cards/snubbull/mbd_ja-1,rarity parse failed
MBD,2,https://scrydex.com/pokemon/cards/granbull/mbd_ja-2,rarity parse failed
MBD,3,https://scrydex.com/pokemon/cards/cresselia/mbd_ja-3,rarity parse failed
MBD,4,https://scrydex.com/pokemon/cards/meloetta/mbd_ja-4,rarity parse failed
MBD,5,https://scrydex.com/pokemon/cards/mega-diancie-ex/mbd_ja-5,rarity parse failed
MBD,6,https://scrydex.com/pokemon/cards/mimikyu/mbd_ja-6,rarity parse failed
MBD,7,https://scrydex.com/pokemon/cards/milcery/mbd_ja-7,rarity parse failed
MBD,8,https://scrydex.com/pokemon/cards/alcremie/mbd_ja-8,rarity parse failed
MBD,9,https://scrydex.com/pokemon/cards/tatsugiri/mbd_ja-9,rarity parse failed
MBD,10,https://scrydex.com/pokemon/cards/buddy-buddy-poffin/mbd_ja-10,rarity parse failed
MBD,11,https://scrydex.com/pokemon/cards/ultra-ball/mbd_ja-11,rarity parse failed
MBD,12,https://scrydex.com/pokemon/cards/switch/mbd_ja-12,rarity parse failed
MBD,13,https://scrydex.com/pokemon/cards/mega-signal/mbd_ja-13,rarity parse failed
MBD,14,https://scrydex.com/pokemon/cards/night-stretcher/mbd_ja-14,rarity parse failed
MBD,15,https://scrydex.com/pokemon/cards/wondrous-patch/mbd_ja-15,rarity parse failed
MBD,16,https://scrydex.com/pokemon/cards/heros-cape/mbd_ja-16,rarity parse failed
MBD,17,https://scrydex.com/pokemon/cards/air-balloon/mbd_ja-17,rarity parse failed
MBD,18,https://scrydex.com/pokemon/cards/iriss-fighting-spirit/mbd_ja-18,rarity parse failed
MBD,19,https://scrydex.com/pokemon/cards/bosss-orders/mbd_ja-19,rarity parse failed
MBD,20,https://scrydex.com/pokemon/cards/lillies-determination/mbd_ja-20,rarity parse failed
MBD,21,https://scrydex.com/pokemon/cards/mystery-garden/mbd_ja-21,rarity parse failed
MBD,22,https://scrydex.com/pokemon/cards/meloetta/mbd_ja-22,rarity parse failed
MBG,1,https://scrydex.com/pokemon/cards/gastly/mbg_ja-1,rarity parse failed
MBG,2,https://scrydex.com/pokemon/cards/haunter/mbg_ja-2,rarity parse failed
MBG,3,https://scrydex.com/pokemon/cards/mega-gengar-ex/mbg_ja-3,rarity parse failed
MBG,4,https://scrydex.com/pokemon/cards/murkrow/mbg_ja-4,rarity parse failed
MBG,5,https://scrydex.com/pokemon/cards/honchkrow/mbg_ja-5,rarity parse failed
MBG,6,https://scrydex.com/pokemon/cards/sableye/mbg_ja-6,rarity parse failed
MBG,7,https://scrydex.com/pokemon/cards/absol/mbg_ja-7,rarity parse failed
MBG,8,https://scrydex.com/pokemon/cards/eternatus/mbg_ja-8,rarity parse failed
MBG,9,https://scrydex.com/pokemon/cards/tatsugiri/mbg_ja-9,rarity parse failed
MBG,10,https://scrydex.com/pokemon/cards/buddy-buddy-poffin/mbg_ja-10,rarity parse failed
MBG,11,https://scrydex.com/pokemon/cards/ultra-ball/mbg_ja-11,rarity parse failed
MBG,12,https://scrydex.com/pokemon/cards/rare-candy/mbg_ja-12,rarity parse failed
MBG,13,https://scrydex.com/pokemon/cards/prime-catcher/mbg_ja-13,rarity parse failed
MBG,14,https://scrydex.com/pokemon/cards/switch/mbg_ja-14,rarity parse failed
MBG,15,https://scrydex.com/pokemon/cards/mega-signal/mbg_ja-15,rarity parse failed
MBG,16,https://scrydex.com/pokemon/cards/night-stretcher/mbg_ja-16,rarity parse failed
MBG,17,https://scrydex.com/pokemon/cards/punk-helmet/mbg_ja-17,rarity parse failed
MBG,18,https://scrydex.com/pokemon/cards/air-balloon/mbg_ja-18,rarity parse failed
MBG,19,https://scrydex.com/pokemon/cards/iriss-fighting-spirit/mbg_ja-19,rarity parse failed
MBG,20,https://scrydex.com/pokemon/cards/bosss-orders/mbg_ja-20,rarity parse failed
MBG,21,https://scrydex.com/pokemon/cards/lillies-determination/mbg_ja-21,rarity parse failed
MBG,22,https://scrydex.com/pokemon/cards/haunter/mbg_ja-22,rarity parse failed
M2a,1,https://scrydex.com/pokemon/cards/ethans-pinsir/m2a_ja-1,rarity parse failed
M2a,2,https://scrydex.com/pokemon/cards/yanma/m2a_ja-2,rarity parse failed
M2a,4,https://scrydex.com/pokemon/cards/wurmple/m2a_ja-4,rarity parse failed
M2a,5,https://scrydex.com/pokemon/cards/silcoon/m2a_ja-5,rarity parse failed
M2a,6,https://scrydex.com/pokemon/cards/beautifly/m2a_ja-6,rarity parse failed
M2a,7,https://scrydex.com/pokemon/cards/cascoon/m2a_ja-7,rarity parse failed
M2a,8,https://scrydex.com/pokemon/cards/dustox/m2a_ja-8,rarity parse failed
M2a,9,https://scrydex.com/pokemon/cards/cynthias-roselia/m2a_ja-9,rarity parse failed
M2a,10,https://scrydex.com/pokemon/cards/cynthias-roserade/m2a_ja-10,rarity parse failed
M2a,11,https://scrydex.com/pokemon/cards/budew/m2a_ja-11,rarity parse failed
M2a,12,https://scrydex.com/pokemon/cards/shaymin/m2a_ja-12,rarity parse failed
M2a,13,https://scrydex.com/pokemon/cards/dwebble/m2a_ja-13,rarity parse failed
M2a,14,https://scrydex.com/pokemon/cards/crustle/m2a_ja-14,rarity parse failed
M2a,15,https://scrydex.com/pokemon/cards/team-rockets-tarountula/m2a_ja-15,rarity parse failed
M2a,16,https://scrydex.com/pokemon/cards/team-rockets-spidops/m2a_ja-16,rarity parse failed
M2a,18,https://scrydex.com/pokemon/cards/ethans-slugma/m2a_ja-18,rarity parse failed
M2a,19,https://scrydex.com/pokemon/cards/ethans-magcargo/m2a_ja-19,rarity parse failed
M2a,20,https://scrydex.com/pokemon/cards/entei/m2a_ja-20,rarity parse failed
M2a,22,https://scrydex.com/pokemon/cards/numel/m2a_ja-22,rarity parse failed
M2a,23,https://scrydex.com/pokemon/cards/camerupt/m2a_ja-23,rarity parse failed
M2a,24,https://scrydex.com/pokemon/cards/tepig/m2a_ja-24,rarity parse failed
M2a,25,https://scrydex.com/pokemon/cards/pignite/m2a_ja-25,rarity parse failed
M2a,26,https://scrydex.com/pokemon/cards/emboar/m2a_ja-26,rarity parse failed
M2a,27,https://scrydex.com/pokemon/cards/ns-darumaka/m2a_ja-27,rarity parse failed
M2a,28,https://scrydex.com/pokemon/cards/ns-darmanitan/m2a_ja-28,rarity parse failed
M2a,30,https://scrydex.com/pokemon/cards/charcadet/m2a_ja-30,rarity parse failed
M2a,32,https://scrydex.com/pokemon/cards/psyduck/m2a_ja-32,rarity parse failed
M2a,33,https://scrydex.com/pokemon/cards/golduck/m2a_ja-33,rarity parse failed
M2a,34,https://scrydex.com/pokemon/cards/team-rockets-articuno/m2a_ja-34,rarity parse failed
M2a,35,https://scrydex.com/pokemon/cards/snorunt/m2a_ja-35,rarity parse failed
M2a,37,https://scrydex.com/pokemon/cards/ns-vanillite/m2a_ja-37,rarity parse failed
M2a,38,https://scrydex.com/pokemon/cards/ns-vanillish/m2a_ja-38,rarity parse failed
M2a,39,https://scrydex.com/pokemon/cards/ns-vanilluxe/m2a_ja-39,rarity parse failed
M2a,40,https://scrydex.com/pokemon/cards/snom/m2a_ja-40,rarity parse failed
M2a,41,https://scrydex.com/pokemon/cards/frosmoth/m2a_ja-41,rarity parse failed
M2a,42,https://scrydex.com/pokemon/cards/glastrier/m2a_ja-42,rarity parse failed
M2a,43,https://scrydex.com/pokemon/cards/chien-pao/m2a_ja-43,rarity parse failed
M2a,45,https://scrydex.com/pokemon/cards/magnemite/m2a_ja-45,rarity parse failed
M2a,46,https://scrydex.com/pokemon/cards/magneton/m2a_ja-46,rarity parse failed
M2a,47,https://scrydex.com/pokemon/cards/tynamo/m2a_ja-47,rarity parse failed
M2a,48,https://scrydex.com/pokemon/cards/eelektrik/m2a_ja-48,rarity parse failed
M2a,50,https://scrydex.com/pokemon/cards/stunfisk/m2a_ja-50,rarity parse failed
M2a,52,https://scrydex.com/pokemon/cards/helioptile/m2a_ja-52,rarity parse failed
M2a,53,https://scrydex.com/pokemon/cards/heliolisk/m2a_ja-53,rarity parse failed
M2a,54,https://scrydex.com/pokemon/cards/tapu-koko/m2a_ja-54,rarity parse failed
M2a,55,https://scrydex.com/pokemon/cards/zeraora/m2a_ja-55,rarity parse failed
M2a,56,https://scrydex.com/pokemon/cards/ionos-tadbulb/m2a_ja-56,rarity parse failed
M2a,58,https://scrydex.com/pokemon/cards/ionos-wattrel/m2a_ja-58,rarity parse failed
M2a,59,https://scrydex.com/pokemon/cards/ionos-kilowattrel/m2a_ja-59,rarity parse failed
M2a,61,https://scrydex.com/pokemon/cards/team-rockets-exeggcute/m2a_ja-61,rarity parse failed
M2a,62,https://scrydex.com/pokemon/cards/team-rockets-exeggutor/m2a_ja-62,rarity parse failed
M2a,64,https://scrydex.com/pokemon/cards/togepi/m2a_ja-64,rarity parse failed
M2a,65,https://scrydex.com/pokemon/cards/togetic/m2a_ja-65,rarity parse failed
M2a,66,https://scrydex.com/pokemon/cards/togekiss/m2a_ja-66,rarity parse failed
M2a,67,https://scrydex.com/pokemon/cards/misdreavus/m2a_ja-67,rarity parse failed
M2a,68,https://scrydex.com/pokemon/cards/mismagius/m2a_ja-68,rarity parse failed
M2a,69,https://scrydex.com/pokemon/cards/ralts/m2a_ja-69,rarity parse failed
M2a,70,https://scrydex.com/pokemon/cards/kirlia/m2a_ja-70,rarity parse failed
M2a,72,https://scrydex.com/pokemon/cards/duskull/m2a_ja-72,rarity parse failed
M2a,73,https://scrydex.com/pokemon/cards/dusclops/m2a_ja-73,rarity parse failed
M2a,74,https://scrydex.com/pokemon/cards/dusknoir/m2a_ja-74,rarity parse failed
M2a,76,https://scrydex.com/pokemon/cards/rotom/m2a_ja-76,rarity parse failed
M2a,77,https://scrydex.com/pokemon/cards/hops-phantump/m2a_ja-77,rarity parse failed
M2a,78,https://scrydex.com/pokemon/cards/hops-trevenant/m2a_ja-78,rarity parse failed
M2a,79,https://scrydex.com/pokemon/cards/team-rockets-mimikyu/m2a_ja-79,rarity parse failed
M2a,80,https://scrydex.com/pokemon/cards/spectrier/m2a_ja-80,rarity parse failed
M2a,81,https://scrydex.com/pokemon/cards/munkidori/m2a_ja-81,rarity parse failed
M2a,82,https://scrydex.com/pokemon/cards/team-rockets-diglett/m2a_ja-82,rarity parse failed
M2a,83,https://scrydex.com/pokemon/cards/team-rockets-dugtrio/m2a_ja-83,rarity parse failed
M2a,84,https://scrydex.com/pokemon/cards/meditite/m2a_ja-84,rarity parse failed
M2a,85,https://scrydex.com/pokemon/cards/medicham/m2a_ja-85,rarity parse failed
M2a,86,https://scrydex.com/pokemon/cards/lunatone/m2a_ja-86,rarity parse failed
M2a,87,https://scrydex.com/pokemon/cards/solrock/m2a_ja-87,rarity parse failed
M2a,88,https://scrydex.com/pokemon/cards/cynthias-gible/m2a_ja-88,rarity parse failed
M2a,89,https://scrydex.com/pokemon/cards/cynthias-gabite/m2a_ja-89,rarity parse failed
M2a,91,https://scrydex.com/pokemon/cards/riolu/m2a_ja-91,rarity parse failed
M2a,93,https://scrydex.com/pokemon/cards/pancham/m2a_ja-93,rarity parse failed
M2a,95,https://scrydex.com/pokemon/cards/rolycoly/m2a_ja-95,rarity parse failed
M2a,96,https://scrydex.com/pokemon/cards/carkol/m2a_ja-96,rarity parse failed
M2a,97,https://scrydex.com/pokemon/cards/coalossal/m2a_ja-97,rarity parse failed
M2a,98,https://scrydex.com/pokemon/cards/okidogi/m2a_ja-98,rarity parse failed
M2a,99,https://scrydex.com/pokemon/cards/team-rockets-zubat/m2a_ja-99,rarity parse failed
M2a,100,https://scrydex.com/pokemon/cards/team-rockets-golbat/m2a_ja-100,rarity parse failed
M2a,102,https://scrydex.com/pokemon/cards/team-rockets-murkrow/m2a_ja-102,rarity parse failed
M2a,103,https://scrydex.com/pokemon/cards/team-rockets-honchkrow/m2a_ja-103,rarity parse failed
M2a,104,https://scrydex.com/pokemon/cards/team-rockets-sneasel/m2a_ja-104,rarity parse failed
M2a,105,https://scrydex.com/pokemon/cards/galarian-zigzagoon/m2a_ja-105,rarity parse failed
M2a,106,https://scrydex.com/pokemon/cards/galarian-linoone/m2a_ja-106,rarity parse failed
M2a,107,https://scrydex.com/pokemon/cards/galarian-obstagoon/m2a_ja-107,rarity parse failed
M2a,108,https://scrydex.com/pokemon/cards/cynthias-spiritomb/m2a_ja-108,rarity parse failed
M2a,109,https://scrydex.com/pokemon/cards/scraggy/m2a_ja-109,rarity parse failed
M2a,111,https://scrydex.com/pokemon/cards/ns-zorua/m2a_ja-111,rarity parse failed
M2a,113,https://scrydex.com/pokemon/cards/pangoro/m2a_ja-113,rarity parse failed
M2a,115,https://scrydex.com/pokemon/cards/pecharunt/m2a_ja-115,rarity parse failed
M2a,116,https://scrydex.com/pokemon/cards/pawniard/m2a_ja-116,rarity parse failed
M2a,117,https://scrydex.com/pokemon/cards/bisharp/m2a_ja-117,rarity parse failed
M2a,118,https://scrydex.com/pokemon/cards/kingambit/m2a_ja-118,rarity parse failed
M2a,120,https://scrydex.com/pokemon/cards/magearna/m2a_ja-120,rarity parse failed
M2a,121,https://scrydex.com/pokemon/cards/duraludon/m2a_ja-121,rarity parse failed
M2a,124,https://scrydex.com/pokemon/cards/dratini/m2a_ja-124,rarity parse failed
M2a,125,https://scrydex.com/pokemon/cards/dragonair/m2a_ja-125,rarity parse failed
M2a,127,https://scrydex.com/pokemon/cards/rayquaza/m2a_ja-127,rarity parse failed
M2a,128,https://scrydex.com/pokemon/cards/ns-reshiram/m2a_ja-128,rarity parse failed
M2a,129,https://scrydex.com/pokemon/cards/ns-zekrom/m2a_ja-129,rarity parse failed
M2a,130,https://scrydex.com/pokemon/cards/noibat/m2a_ja-130,rarity parse failed
M2a,131,https://scrydex.com/pokemon/cards/noivern/m2a_ja-131,rarity parse failed
M2a,132,https://scrydex.com/pokemon/cards/dreepy/m2a_ja-132,rarity parse failed
M2a,133,https://scrydex.com/pokemon/cards/drakloak/m2a_ja-133,rarity parse failed
M2a,135,https://scrydex.com/pokemon/cards/tatsugiri/m2a_ja-135,rarity parse failed
M2a,136,https://scrydex.com/pokemon/cards/hops-snorlax/m2a_ja-136,rarity parse failed
M2a,137,https://scrydex.com/pokemon/cards/hoothoot/m2a_ja-137,rarity parse failed
M2a,138,https://scrydex.com/pokemon/cards/noctowl/m2a_ja-138,rarity parse failed
M2a,139,https://scrydex.com/pokemon/cards/fan-rotom/m2a_ja-139,rarity parse failed
M2a,140,https://scrydex.com/pokemon/cards/bouffalant/m2a_ja-140,rarity parse failed
M2a,141,https://scrydex.com/pokemon/cards/hops-wooloo/m2a_ja-141,rarity parse failed
M2a,142,https://scrydex.com/pokemon/cards/hops-dubwool/m2a_ja-142,rarity parse failed
M2a,143,https://scrydex.com/pokemon/cards/hops-cramorant/m2a_ja-143,rarity parse failed
M2a,144,https://scrydex.com/pokemon/cards/terapagos/m2a_ja-144,rarity parse failed
M2a,146,https://scrydex.com/pokemon/cards/ns-pp-up/m2a_ja-146,rarity parse failed
M2a,147,https://scrydex.com/pokemon/cards/energy-recycler/m2a_ja-147,rarity parse failed
M2a,148,https://scrydex.com/pokemon/cards/enhanced-hammer/m2a_ja-148,rarity parse failed
M2a,149,https://scrydex.com/pokemon/cards/glass-trumpet/m2a_ja-149,rarity parse failed
M2a,150,https://scrydex.com/pokemon/cards/sacred-ash/m2a_ja-150,rarity parse failed
M2a,151,https://scrydex.com/pokemon/cards/tool-scrapper/m2a_ja-151,rarity parse failed
M2a,152,https://scrydex.com/pokemon/cards/tera-orb/m2a_ja-152,rarity parse failed
M2a,153,https://scrydex.com/pokemon/cards/buddy-buddy-poffin/m2a_ja-153,rarity parse failed
M2a,154,https://scrydex.com/pokemon/cards/premium-power-pro/m2a_ja-154,rarity parse failed
M2a,155,https://scrydex.com/pokemon/cards/fighting-gong/m2a_ja-155,rarity parse failed
M2a,156,https://scrydex.com/pokemon/cards/hops-bag/m2a_ja-156,rarity parse failed
M2a,157,https://scrydex.com/pokemon/cards/bug-catching-set/m2a_ja-157,rarity parse failed
M2a,158,https://scrydex.com/pokemon/cards/mega-signal/m2a_ja-158,rarity parse failed
M2a,159,https://scrydex.com/pokemon/cards/night-stretcher/m2a_ja-159,rarity parse failed
M2a,160,https://scrydex.com/pokemon/cards/team-rockets-transceiver/m2a_ja-160,rarity parse failed
M2a,161,https://scrydex.com/pokemon/cards/counter-gain/m2a_ja-161,rarity parse failed
M2a,162,https://scrydex.com/pokemon/cards/cynthias-power-weight/m2a_ja-162,rarity parse failed
M2a,163,https://scrydex.com/pokemon/cards/light-ball/m2a_ja-163,rarity parse failed
M2a,164,https://scrydex.com/pokemon/cards/thick-scale/m2a_ja-164,rarity parse failed
M2a,165,https://scrydex.com/pokemon/cards/air-balloon/m2a_ja-165,rarity parse failed
M2a,166,https://scrydex.com/pokemon/cards/brave-bangle/m2a_ja-166,rarity parse failed
M2a,167,https://scrydex.com/pokemon/cards/hops-choice-band/m2a_ja-167,rarity parse failed
M2a,168,https://scrydex.com/pokemon/cards/iriss-fighting-spirit/m2a_ja-168,rarity parse failed
M2a,169,https://scrydex.com/pokemon/cards/acerolas-mischief/m2a_ja-169,rarity parse failed
M2a,170,https://scrydex.com/pokemon/cards/canari/m2a_ja-170,rarity parse failed
M2a,171,https://scrydex.com/pokemon/cards/surfer/m2a_ja-171,rarity parse failed
M2a,172,https://scrydex.com/pokemon/cards/hilda/m2a_ja-172,rarity parse failed
M2a,173,https://scrydex.com/pokemon/cards/anthea-and-concordia/m2a_ja-173,rarity parse failed
M2a,174,https://scrydex.com/pokemon/cards/ethans-adventure/m2a_ja-174,rarity parse failed
M2a,175,https://scrydex.com/pokemon/cards/lillies-determination/m2a_ja-175,rarity parse failed
M2a,176,https://scrydex.com/pokemon/cards/team-rockets-ariana/m2a_ja-176,rarity parse failed
M2a,177,https://scrydex.com/pokemon/cards/team-rockets-archer/m2a_ja-177,rarity parse failed
M2a,178,https://scrydex.com/pokemon/cards/team-rockets-giovanni/m2a_ja-178,rarity parse failed
M2a,179,https://scrydex.com/pokemon/cards/team-rockets-petrel/m2a_ja-179,rarity parse failed
M2a,180,https://scrydex.com/pokemon/cards/team-rockets-proton/m2a_ja-180,rarity parse failed
M2a,181,https://scrydex.com/pokemon/cards/ns-castle/m2a_ja-181,rarity parse failed
M2a,182,https://scrydex.com/pokemon/cards/forest-of-vitality/m2a_ja-182,rarity parse failed
M2a,183,https://scrydex.com/pokemon/cards/gravity-mountain/m2a_ja-183,rarity parse failed
M2a,184,https://scrydex.com/pokemon/cards/area-zero-underdepths/m2a_ja-184,rarity parse failed
M2a,185,https://scrydex.com/pokemon/cards/levincia/m2a_ja-185,rarity parse failed
M2a,186,https://scrydex.com/pokemon/cards/postwick/m2a_ja-186,rarity parse failed
M2a,187,https://scrydex.com/pokemon/cards/mystery-garden/m2a_ja-187,rarity parse failed
M2a,188,https://scrydex.com/pokemon/cards/mine-at-night/m2a_ja-188,rarity parse failed
M2a,189,https://scrydex.com/pokemon/cards/team-rockets-watchtower/m2a_ja-189,rarity parse failed
M2a,190,https://scrydex.com/pokemon/cards/team-rockets-factory/m2a_ja-190,rarity parse failed
M2a,191,https://scrydex.com/pokemon/cards/ignition-energy/m2a_ja-191,rarity parse failed
M2a,192,https://scrydex.com/pokemon/cards/prism-energy/m2a_ja-192,rarity parse failed
M2a,193,https://scrydex.com/pokemon/cards/team-rockets-energy/m2a_ja-193,rarity parse failed
M2a,232,https://scrydex.com/pokemon/cards/mega-dragonite-ex/m2a_ja-232,rarity parse failed
MC,1,https://scrydex.com/pokemon/cards/erikas-oddish/mc_ja-1,rarity parse failed
MC,2,https://scrydex.com/pokemon/cards/erikas-gloom/mc_ja-2,rarity parse failed
MC,3,https://scrydex.com/pokemon/cards/erikas-vileplume/mc_ja-3,rarity parse failed
MC,4,https://scrydex.com/pokemon/cards/paras/mc_ja-4,rarity parse failed
MC,5,https://scrydex.com/pokemon/cards/parasect/mc_ja-5,rarity parse failed
MC,6,https://scrydex.com/pokemon/cards/erikas-bellsprout/mc_ja-6,rarity parse failed
MC,7,https://scrydex.com/pokemon/cards/erikas-weepinbell/mc_ja-7,rarity parse failed
MC,8,https://scrydex.com/pokemon/cards/erikas-victreebel/mc_ja-8,rarity parse failed
MC,9,https://scrydex.com/pokemon/cards/exeggcute/mc_ja-9,rarity parse failed
MC,10,https://scrydex.com/pokemon/cards/exeggcute/mc_ja-10,rarity parse failed
MC,11,https://scrydex.com/pokemon/cards/exeggutor/mc_ja-11,rarity parse failed
MC,12,https://scrydex.com/pokemon/cards/tangela/mc_ja-12,rarity parse failed
MC,13,https://scrydex.com/pokemon/cards/tangrowth/mc_ja-13,rarity parse failed
MC,14,https://scrydex.com/pokemon/cards/erikas-tangela/mc_ja-14,rarity parse failed
MC,15,https://scrydex.com/pokemon/cards/scyther/mc_ja-15,rarity parse failed
MC,16,https://scrydex.com/pokemon/cards/chikorita/mc_ja-16,rarity parse failed
MC,17,https://scrydex.com/pokemon/cards/bayleef/mc_ja-17,rarity parse failed
MC,18,https://scrydex.com/pokemon/cards/mega-meganium-ex/mc_ja-18,rarity parse failed
MC,19,https://scrydex.com/pokemon/cards/ledyba/mc_ja-19,rarity parse failed
MC,20,https://scrydex.com/pokemon/cards/ledian/mc_ja-20,rarity parse failed
MC,21,https://scrydex.com/pokemon/cards/yanma/mc_ja-21,rarity parse failed
MC,22,https://scrydex.com/pokemon/cards/yanmega-ex/mc_ja-22,rarity parse failed
MC,23,https://scrydex.com/pokemon/cards/shuckle/mc_ja-23,rarity parse failed
MC,24,https://scrydex.com/pokemon/cards/heracross/mc_ja-24,rarity parse failed
MC,25,https://scrydex.com/pokemon/cards/celebi/mc_ja-25,rarity parse failed
MC,26,https://scrydex.com/pokemon/cards/shroomish/mc_ja-26,rarity parse failed
MC,27,https://scrydex.com/pokemon/cards/shroomish/mc_ja-27,rarity parse failed
MC,28,https://scrydex.com/pokemon/cards/breloom/mc_ja-28,rarity parse failed
MC,29,https://scrydex.com/pokemon/cards/breloom/mc_ja-29,rarity parse failed
MC,30,https://scrydex.com/pokemon/cards/roselia/mc_ja-30,rarity parse failed
MC,31,https://scrydex.com/pokemon/cards/roserade/mc_ja-31,rarity parse failed
MC,32,https://scrydex.com/pokemon/cards/cynthias-roselia/mc_ja-32,rarity parse failed
MC,33,https://scrydex.com/pokemon/cards/cynthias-roserade/mc_ja-33,rarity parse failed
MC,34,https://scrydex.com/pokemon/cards/turtwig/mc_ja-34,rarity parse failed
MC,35,https://scrydex.com/pokemon/cards/grotle/mc_ja-35,rarity parse failed
MC,36,https://scrydex.com/pokemon/cards/torterra-ex/mc_ja-36,rarity parse failed
MC,37,https://scrydex.com/pokemon/cards/leafeon/mc_ja-37,rarity parse failed
MC,38,https://scrydex.com/pokemon/cards/leafeon-ex/mc_ja-38,rarity parse failed
MC,39,https://scrydex.com/pokemon/cards/shaymin/mc_ja-39,rarity parse failed
MC,40,https://scrydex.com/pokemon/cards/snivy/mc_ja-40,rarity parse failed
MC,41,https://scrydex.com/pokemon/cards/servine/mc_ja-41,rarity parse failed
MC,42,https://scrydex.com/pokemon/cards/serperior-ex/mc_ja-42,rarity parse failed
MC,43,https://scrydex.com/pokemon/cards/cottonee/mc_ja-43,rarity parse failed
MC,44,https://scrydex.com/pokemon/cards/whimsicott-ex/mc_ja-44,rarity parse failed
MC,45,https://scrydex.com/pokemon/cards/dwebble/mc_ja-45,rarity parse failed
MC,46,https://scrydex.com/pokemon/cards/crustle/mc_ja-46,rarity parse failed
MC,47,https://scrydex.com/pokemon/cards/karrablast/mc_ja-47,rarity parse failed
MC,48,https://scrydex.com/pokemon/cards/foongus/mc_ja-48,rarity parse failed
MC,49,https://scrydex.com/pokemon/cards/amoonguss/mc_ja-49,rarity parse failed
MC,50,https://scrydex.com/pokemon/cards/galvantula/mc_ja-50,rarity parse failed
MC,51,https://scrydex.com/pokemon/cards/durant/mc_ja-51,rarity parse failed
MC,52,https://scrydex.com/pokemon/cards/durant-ex/mc_ja-52,rarity parse failed
MC,53,https://scrydex.com/pokemon/cards/virizion/mc_ja-53,rarity parse failed
MC,54,https://scrydex.com/pokemon/cards/virizion/mc_ja-54,rarity parse failed
MC,55,https://scrydex.com/pokemon/cards/phantump/mc_ja-55,rarity parse failed
MC,56,https://scrydex.com/pokemon/cards/trevenant/mc_ja-56,rarity parse failed
MC,57,https://scrydex.com/pokemon/cards/grubbin/mc_ja-57,rarity parse failed
MC,58,https://scrydex.com/pokemon/cards/morelull/mc_ja-58,rarity parse failed
MC,59,https://scrydex.com/pokemon/cards/shiinotic/mc_ja-59,rarity parse failed
MC,60,https://scrydex.com/pokemon/cards/dhelmise/mc_ja-60,rarity parse failed
MC,61,https://scrydex.com/pokemon/cards/tapu-bulu/mc_ja-61,rarity parse failed
MC,62,https://scrydex.com/pokemon/cards/applin/mc_ja-62,rarity parse failed
MC,63,https://scrydex.com/pokemon/cards/dipplin/mc_ja-63,rarity parse failed
MC,64,https://scrydex.com/pokemon/cards/hydrapple-ex/mc_ja-64,rarity parse failed
MC,65,https://scrydex.com/pokemon/cards/sprigatito/mc_ja-65,rarity parse failed
MC,66,https://scrydex.com/pokemon/cards/floragato/mc_ja-66,rarity parse failed
MC,67,https://scrydex.com/pokemon/cards/meowscarada/mc_ja-67,rarity parse failed
MC,68,https://scrydex.com/pokemon/cards/sprigatito-ex/mc_ja-68,rarity parse failed
MC,69,https://scrydex.com/pokemon/cards/smoliv/mc_ja-69,rarity parse failed
MC,70,https://scrydex.com/pokemon/cards/dolliv/mc_ja-70,rarity parse failed
MC,71,https://scrydex.com/pokemon/cards/arboliva-ex/mc_ja-71,rarity parse failed
MC,72,https://scrydex.com/pokemon/cards/bramblin/mc_ja-72,rarity parse failed
MC,73,https://scrydex.com/pokemon/cards/brambleghast/mc_ja-73,rarity parse failed
MC,74,https://scrydex.com/pokemon/cards/toedscool/mc_ja-74,rarity parse failed
MC,75,https://scrydex.com/pokemon/cards/toedscruel/mc_ja-75,rarity parse failed
MC,76,https://scrydex.com/pokemon/cards/capsakid/mc_ja-76,rarity parse failed
MC,77,https://scrydex.com/pokemon/cards/iron-leaves-ex/mc_ja-77,rarity parse failed
MC,78,https://scrydex.com/pokemon/cards/poltchageist/mc_ja-78,rarity parse failed
MC,79,https://scrydex.com/pokemon/cards/sinistcha-ex/mc_ja-79,rarity parse failed
MC,80,https://scrydex.com/pokemon/cards/teal-mask-ogerpon/mc_ja-80,rarity parse failed
MC,81,https://scrydex.com/pokemon/cards/teal-mask-ogerpon/mc_ja-81,rarity parse failed
MC,82,https://scrydex.com/pokemon/cards/teal-mask-ogerpon-ex/mc_ja-82,rarity parse failed
MC,83,https://scrydex.com/pokemon/cards/charmander/mc_ja-83,rarity parse failed
MC,84,https://scrydex.com/pokemon/cards/charmeleon/mc_ja-84,rarity parse failed
MC,85,https://scrydex.com/pokemon/cards/mega-charizard-y/mc_ja-85,rarity parse failed
MC,86,https://scrydex.com/pokemon/cards/ponyta/mc_ja-86,rarity parse failed
MC,87,https://scrydex.com/pokemon/cards/ponyta/mc_ja-87,rarity parse failed
MC,88,https://scrydex.com/pokemon/cards/rapidash/mc_ja-88,rarity parse failed
MC,89,https://scrydex.com/pokemon/cards/rapidash/mc_ja-89,rarity parse failed
MC,90,https://scrydex.com/pokemon/cards/rapidash/mc_ja-90,rarity parse failed
MC,91,https://scrydex.com/pokemon/cards/magmar/mc_ja-91,rarity parse failed
MC,92,https://scrydex.com/pokemon/cards/magmortar/mc_ja-92,rarity parse failed
MC,93,https://scrydex.com/pokemon/cards/paldean-tauros/mc_ja-93,rarity parse failed
MC,94,https://scrydex.com/pokemon/cards/flareon-ex/mc_ja-94,rarity parse failed
MC,95,https://scrydex.com/pokemon/cards/slugma/mc_ja-95,rarity parse failed
MC,96,https://scrydex.com/pokemon/cards/magcargo-ex/mc_ja-96,rarity parse failed
MC,97,https://scrydex.com/pokemon/cards/houndour/mc_ja-97,rarity parse failed
MC,98,https://scrydex.com/pokemon/cards/houndoom/mc_ja-98,rarity parse failed
MC,99,https://scrydex.com/pokemon/cards/team-rockets-houndour/mc_ja-99,rarity parse failed
MC,100,https://scrydex.com/pokemon/cards/team-rockets-houndoom/mc_ja-100,rarity parse failed
MC,101,https://scrydex.com/pokemon/cards/torkoal/mc_ja-101,rarity parse failed
MC,102,https://scrydex.com/pokemon/cards/castform-sunny-form/mc_ja-102,rarity parse failed
MC,103,https://scrydex.com/pokemon/cards/chimchar/mc_ja-103,rarity parse failed
MC,104,https://scrydex.com/pokemon/cards/monferno/mc_ja-104,rarity parse failed
MC,105,https://scrydex.com/pokemon/cards/infernape/mc_ja-105,rarity parse failed
MC,106,https://scrydex.com/pokemon/cards/victini/mc_ja-106,rarity parse failed
MC,107,https://scrydex.com/pokemon/cards/victini/mc_ja-107,rarity parse failed
MC,108,https://scrydex.com/pokemon/cards/tepig/mc_ja-108,rarity parse failed
MC,109,https://scrydex.com/pokemon/cards/tepig/mc_ja-109,rarity parse failed
MC,110,https://scrydex.com/pokemon/cards/pignite/mc_ja-110,rarity parse failed
MC,111,https://scrydex.com/pokemon/cards/pignite/mc_ja-111,rarity parse failed
MC,112,https://scrydex.com/pokemon/cards/emboar/mc_ja-112,rarity parse failed
MC,113,https://scrydex.com/pokemon/cards/mega-emboar-ex/mc_ja-113,rarity parse failed
MC,114,https://scrydex.com/pokemon/cards/pansear/mc_ja-114,rarity parse failed
MC,115,https://scrydex.com/pokemon/cards/simisear/mc_ja-115,rarity parse failed
MC,116,https://scrydex.com/pokemon/cards/darumaka/mc_ja-116,rarity parse failed
MC,117,https://scrydex.com/pokemon/cards/darmanitan/mc_ja-117,rarity parse failed
MC,118,https://scrydex.com/pokemon/cards/ns-darumaka/mc_ja-118,rarity parse failed
MC,119,https://scrydex.com/pokemon/cards/ns-darmanitan/mc_ja-119,rarity parse failed
MC,120,https://scrydex.com/pokemon/cards/heatmor/mc_ja-120,rarity parse failed
MC,121,https://scrydex.com/pokemon/cards/larvesta/mc_ja-121,rarity parse failed
MC,122,https://scrydex.com/pokemon/cards/volcarona/mc_ja-122,rarity parse failed
MC,123,https://scrydex.com/pokemon/cards/volcarona/mc_ja-123,rarity parse failed
MC,124,https://scrydex.com/pokemon/cards/volcarona/mc_ja-124,rarity parse failed
MC,125,https://scrydex.com/pokemon/cards/reshiram/mc_ja-125,rarity parse failed
MC,126,https://scrydex.com/pokemon/cards/reshiram-ex/mc_ja-126,rarity parse failed
MC,127,https://scrydex.com/pokemon/cards/litleo/mc_ja-127,rarity parse failed
MC,128,https://scrydex.com/pokemon/cards/pyroar/mc_ja-128,rarity parse failed
MC,129,https://scrydex.com/pokemon/cards/volcanion-ex/mc_ja-129,rarity parse failed
MC,130,https://scrydex.com/pokemon/cards/litten/mc_ja-130,rarity parse failed
MC,131,https://scrydex.com/pokemon/cards/torracat/mc_ja-131,rarity parse failed
MC,132,https://scrydex.com/pokemon/cards/incineroar-ex/mc_ja-132,rarity parse failed
MC,133,https://scrydex.com/pokemon/cards/oricorio/mc_ja-133,rarity parse failed
MC,134,https://scrydex.com/pokemon/cards/salandit/mc_ja-134,rarity parse failed
MC,135,https://scrydex.com/pokemon/cards/salazzle/mc_ja-135,rarity parse failed
MC,136,https://scrydex.com/pokemon/cards/turtonator/mc_ja-136,rarity parse failed
MC,137,https://scrydex.com/pokemon/cards/scorbunny/mc_ja-137,rarity parse failed
MC,138,https://scrydex.com/pokemon/cards/raboot/mc_ja-138,rarity parse failed
MC,139,https://scrydex.com/pokemon/cards/cinderace-ex/mc_ja-139,rarity parse failed
MC,140,https://scrydex.com/pokemon/cards/sizzlipede/mc_ja-140,rarity parse failed
MC,141,https://scrydex.com/pokemon/cards/centiskorch/mc_ja-141,rarity parse failed
MC,142,https://scrydex.com/pokemon/cards/fuecoco/mc_ja-142,rarity parse failed
MC,143,https://scrydex.com/pokemon/cards/crocalor/mc_ja-143,rarity parse failed
MC,144,https://scrydex.com/pokemon/cards/skeledirge/mc_ja-144,rarity parse failed
MC,145,https://scrydex.com/pokemon/cards/charcadet/mc_ja-145,rarity parse failed
MC,146,https://scrydex.com/pokemon/cards/armarouge-ex/mc_ja-146,rarity parse failed
MC,147,https://scrydex.com/pokemon/cards/scovillain-ex/mc_ja-147,rarity parse failed
MC,148,https://scrydex.com/pokemon/cards/hearthflame-mask-ogerpon/mc_ja-148,rarity parse failed
MC,149,https://scrydex.com/pokemon/cards/hearthflame-mask-ogerpon-ex/mc_ja-149,rarity parse failed
MC,150,https://scrydex.com/pokemon/cards/gouging-fire/mc_ja-150,rarity parse failed
MC,151,https://scrydex.com/pokemon/cards/gouging-fire-ex/mc_ja-151,rarity parse failed
MC,152,https://scrydex.com/pokemon/cards/horsea/mc_ja-152,rarity parse failed
MC,153,https://scrydex.com/pokemon/cards/seadra/mc_ja-153,rarity parse failed
MC,154,https://scrydex.com/pokemon/cards/kingdra-ex/mc_ja-154,rarity parse failed
MC,155,https://scrydex.com/pokemon/cards/mistys-staryu/mc_ja-155,rarity parse failed
MC,156,https://scrydex.com/pokemon/cards/mistys-starmie/mc_ja-156,rarity parse failed
MC,157,https://scrydex.com/pokemon/cards/mistys-magikarp/mc_ja-157,rarity parse failed
MC,158,https://scrydex.com/pokemon/cards/mistys-gyarados/mc_ja-158,rarity parse failed
MC,159,https://scrydex.com/pokemon/cards/lapras/mc_ja-159,rarity parse failed
MC,160,https://scrydex.com/pokemon/cards/mistys-lapras/mc_ja-160,rarity parse failed
MC,161,https://scrydex.com/pokemon/cards/vaporeon-ex/mc_ja-161,rarity parse failed
MC,162,https://scrydex.com/pokemon/cards/glaceon-ex/mc_ja-162,rarity parse failed
MC,163,https://scrydex.com/pokemon/cards/articuno/mc_ja-163,rarity parse failed
MC,164,https://scrydex.com/pokemon/cards/totodile/mc_ja-164,rarity parse failed
MC,165,https://scrydex.com/pokemon/cards/totodile/mc_ja-165,rarity parse failed
MC,166,https://scrydex.com/pokemon/cards/croconaw/mc_ja-166,rarity parse failed
MC,167,https://scrydex.com/pokemon/cards/croconaw/mc_ja-167,rarity parse failed
MC,168,https://scrydex.com/pokemon/cards/feraligatr/mc_ja-168,rarity parse failed
MC,169,https://scrydex.com/pokemon/cards/mega-feraligatr-ex/mc_ja-169,rarity parse failed
MC,170,https://scrydex.com/pokemon/cards/sneasel/mc_ja-170,rarity parse failed
MC,171,https://scrydex.com/pokemon/cards/weavile/mc_ja-171,rarity parse failed
MC,172,https://scrydex.com/pokemon/cards/mantine/mc_ja-172,rarity parse failed
MC,173,https://scrydex.com/pokemon/cards/mantine/mc_ja-173,rarity parse failed
MC,174,https://scrydex.com/pokemon/cards/suicune/mc_ja-174,rarity parse failed
MC,175,https://scrydex.com/pokemon/cards/lotad/mc_ja-175,rarity parse failed
MC,176,https://scrydex.com/pokemon/cards/lombre/mc_ja-176,rarity parse failed
MC,177,https://scrydex.com/pokemon/cards/ludicolo/mc_ja-177,rarity parse failed
MC,178,https://scrydex.com/pokemon/cards/carvanha/mc_ja-178,rarity parse failed
MC,179,https://scrydex.com/pokemon/cards/sharpedo/mc_ja-179,rarity parse failed
MC,180,https://scrydex.com/pokemon/cards/wailmer/mc_ja-180,rarity parse failed
MC,181,https://scrydex.com/pokemon/cards/wailord/mc_ja-181,rarity parse failed
MC,182,https://scrydex.com/pokemon/cards/corphish/mc_ja-182,rarity parse failed
MC,183,https://scrydex.com/pokemon/cards/crawdaunt/mc_ja-183,rarity parse failed
MC,184,https://scrydex.com/pokemon/cards/feebas/mc_ja-184,rarity parse failed
MC,185,https://scrydex.com/pokemon/cards/milotic-ex/mc_ja-185,rarity parse failed
MC,186,https://scrydex.com/pokemon/cards/snorunt/mc_ja-186,rarity parse failed
MC,187,https://scrydex.com/pokemon/cards/glalie/mc_ja-187,rarity parse failed
MC,188,https://scrydex.com/pokemon/cards/spheal/mc_ja-188,rarity parse failed
MC,189,https://scrydex.com/pokemon/cards/sealeo/mc_ja-189,rarity parse failed
MC,190,https://scrydex.com/pokemon/cards/walrein/mc_ja-190,rarity parse failed
MC,191,https://scrydex.com/pokemon/cards/regice/mc_ja-191,rarity parse failed
MC,192,https://scrydex.com/pokemon/cards/regice-ex/mc_ja-192,rarity parse failed
MC,193,https://scrydex.com/pokemon/cards/buizel/mc_ja-193,rarity parse failed
MC,194,https://scrydex.com/pokemon/cards/floatzel/mc_ja-194,rarity parse failed
MC,195,https://scrydex.com/pokemon/cards/finneon/mc_ja-195,rarity parse failed
MC,196,https://scrydex.com/pokemon/cards/lumineon/mc_ja-196,rarity parse failed
MC,197,https://scrydex.com/pokemon/cards/ducklett/mc_ja-197,rarity parse failed
MC,198,https://scrydex.com/pokemon/cards/swanna/mc_ja-198,rarity parse failed
MC,199,https://scrydex.com/pokemon/cards/vanillite/mc_ja-199,rarity parse failed
MC,200,https://scrydex.com/pokemon/cards/vanillish/mc_ja-200,rarity parse failed
MC,201,https://scrydex.com/pokemon/cards/vanilluxe/mc_ja-201,rarity parse failed
MC,202,https://scrydex.com/pokemon/cards/cryogonal/mc_ja-202,rarity parse failed
MC,203,https://scrydex.com/pokemon/cards/kyurem-ex/mc_ja-203,rarity parse failed
MC,204,https://scrydex.com/pokemon/cards/black-kyurem-ex/mc_ja-204,rarity parse failed
MC,205,https://scrydex.com/pokemon/cards/keldeo-ex/mc_ja-205,rarity parse failed
MC,206,https://scrydex.com/pokemon/cards/froakie/mc_ja-206,rarity parse failed
MC,207,https://scrydex.com/pokemon/cards/frogadier/mc_ja-207,rarity parse failed
MC,208,https://scrydex.com/pokemon/cards/greninja-ex/mc_ja-208,rarity parse failed
MC,209,https://scrydex.com/pokemon/cards/crabominable/mc_ja-209,rarity parse failed
MC,210,https://scrydex.com/pokemon/cards/cramorant/mc_ja-210,rarity parse failed
MC,211,https://scrydex.com/pokemon/cards/quaxly/mc_ja-211,rarity parse failed
MC,212,https://scrydex.com/pokemon/cards/quaxwell/mc_ja-212,rarity parse failed
MC,213,https://scrydex.com/pokemon/cards/quaquaval/mc_ja-213,rarity parse failed
MC,214,https://scrydex.com/pokemon/cards/finizen/mc_ja-214,rarity parse failed
MC,215,https://scrydex.com/pokemon/cards/palafin/mc_ja-215,rarity parse failed
MC,216,https://scrydex.com/pokemon/cards/palafin-ex/mc_ja-216,rarity parse failed
MC,217,https://scrydex.com/pokemon/cards/cetoddle/mc_ja-217,rarity parse failed
MC,218,https://scrydex.com/pokemon/cards/cetitan/mc_ja-218,rarity parse failed
MC,219,https://scrydex.com/pokemon/cards/veluza/mc_ja-219,rarity parse failed
MC,220,https://scrydex.com/pokemon/cards/dondozo-ex/mc_ja-220,rarity parse failed
MC,221,https://scrydex.com/pokemon/cards/walking-wake/mc_ja-221,rarity parse failed
MC,222,https://scrydex.com/pokemon/cards/walking-wake-ex/mc_ja-222,rarity parse failed
MC,223,https://scrydex.com/pokemon/cards/wellspring-mask-ogerpon/mc_ja-223,rarity parse failed
MC,224,https://scrydex.com/pokemon/cards/wellspring-mask-ogerpon-ex/mc_ja-224,rarity parse failed
MC,225,https://scrydex.com/pokemon/cards/pikachu/mc_ja-225,rarity parse failed
MC,226,https://scrydex.com/pokemon/cards/raichu/mc_ja-226,rarity parse failed
MC,227,https://scrydex.com/pokemon/cards/pikachu-ex/mc_ja-227,rarity parse failed
MC,228,https://scrydex.com/pokemon/cards/alolan-geodude/mc_ja-228,rarity parse failed
MC,229,https://scrydex.com/pokemon/cards/alolan-graveler/mc_ja-229,rarity parse failed
MC,230,https://scrydex.com/pokemon/cards/alolan-golem/mc_ja-230,rarity parse failed
MC,231,https://scrydex.com/pokemon/cards/magnemite/mc_ja-231,rarity parse failed
MC,232,https://scrydex.com/pokemon/cards/magneton/mc_ja-232,rarity parse failed
MC,233,https://scrydex.com/pokemon/cards/voltorb-ex/mc_ja-233,rarity parse failed
MC,234,https://scrydex.com/pokemon/cards/ionos-voltorb/mc_ja-234,rarity parse failed
MC,235,https://scrydex.com/pokemon/cards/ionos-electrode/mc_ja-235,rarity parse failed
MC,236,https://scrydex.com/pokemon/cards/electabuzz/mc_ja-236,rarity parse failed
MC,237,https://scrydex.com/pokemon/cards/electivire-ex/mc_ja-237,rarity parse failed
MC,238,https://scrydex.com/pokemon/cards/jolteon-ex/mc_ja-238,rarity parse failed
MC,239,https://scrydex.com/pokemon/cards/zapdos/mc_ja-239,rarity parse failed
MC,240,https://scrydex.com/pokemon/cards/zapdos/mc_ja-240,rarity parse failed
MC,241,https://scrydex.com/pokemon/cards/ethans-pichu/mc_ja-241,rarity parse failed
MC,242,https://scrydex.com/pokemon/cards/electrike/mc_ja-242,rarity parse failed
MC,243,https://scrydex.com/pokemon/cards/manectric/mc_ja-243,rarity parse failed
MC,244,https://scrydex.com/pokemon/cards/shinx/mc_ja-244,rarity parse failed
MC,245,https://scrydex.com/pokemon/cards/luxio/mc_ja-245,rarity parse failed
MC,246,https://scrydex.com/pokemon/cards/luxray-ex/mc_ja-246,rarity parse failed
MC,247,https://scrydex.com/pokemon/cards/pachirisu/mc_ja-247,rarity parse failed
MC,248,https://scrydex.com/pokemon/cards/rotom/mc_ja-248,rarity parse failed
MC,249,https://scrydex.com/pokemon/cards/blitzle/mc_ja-249,rarity parse failed
MC,250,https://scrydex.com/pokemon/cards/blitzle/mc_ja-250,rarity parse failed
MP1,1,https://scrydex.com/pokemon/cards/durant/mp1_ja-1,rarity parse failed
MP1,2,https://scrydex.com/pokemon/cards/virizion/mp1_ja-2,rarity parse failed
MP1,3,https://scrydex.com/pokemon/cards/sprigatito/mp1_ja-3,rarity parse failed
MP1,4,https://scrydex.com/pokemon/cards/floragato/mp1_ja-4,rarity parse failed
MP1,5,https://scrydex.com/pokemon/cards/meowscarada/mp1_ja-5,rarity parse failed
MP1,6,https://scrydex.com/pokemon/cards/pikachu-ex/mp1_ja-6,rarity parse failed
MP1,7,https://scrydex.com/pokemon/cards/emolga/mp1_ja-7,rarity parse failed
MP1,8,https://scrydex.com/pokemon/cards/yamper/mp1_ja-8,rarity parse failed
MP1,9,https://scrydex.com/pokemon/cards/boltund/mp1_ja-9,rarity parse failed
MP1,10,https://scrydex.com/pokemon/cards/tadbulb/mp1_ja-10,rarity parse failed
MP1,11,https://scrydex.com/pokemon/cards/bellibolt/mp1_ja-11,rarity parse failed
MP1,12,https://scrydex.com/pokemon/cards/snorlax/mp1_ja-12,rarity parse failed
MP1,13,https://scrydex.com/pokemon/cards/potion/mp1_ja-13,rarity parse failed
MP1,14,https://scrydex.com/pokemon/cards/ultra-ball/mp1_ja-14,rarity parse failed
MP1,15,https://scrydex.com/pokemon/cards/pok-pad/mp1_ja-15,rarity parse failed
MP1,16,https://scrydex.com/pokemon/cards/switch/mp1_ja-16,rarity parse failed
MP1,17,https://scrydex.com/pokemon/cards/pokmon-catcher/mp1_ja-17,rarity parse failed
MP1,18,https://scrydex.com/pokemon/cards/iriss-fighting-spirit/mp1_ja-18,rarity parse failed
MP1,19,https://scrydex.com/pokemon/cards/influencers-introduction/mp1_ja-19,rarity parse failed
MP1,20,https://scrydex.com/pokemon/cards/waitress/mp1_ja-20,rarity parse failed
MP1,21,https://scrydex.com/pokemon/cards/urbain/mp1_ja-21,rarity parse failed
MP1,22,https://scrydex.com/pokemon/cards/judge/mp1_ja-22,rarity parse failed
MP1,23,https://scrydex.com/pokemon/cards/lillies-determination/mp1_ja-23,rarity parse failed
M3,68,https://scrydex.com/pokemon/cards/antique-jaw-fossil/m3_ja-68,HTTP 404: https://scrydex.com/pokemon/cards/antique-jaw-fossil/m3_ja-68
M3,69,https://scrydex.com/pokemon/cards/antique-sail-fossil/m3_ja-69,HTTP 404: https://scrydex.com/pokemon/cards/antique-sail-fossil/m3_ja-69
M5,71,https://scrydex.com/pokemon/cards/antique-skull-fossil/m5_ja-71,HTTP 404: https://scrydex.com/pokemon/cards/antique-skull-fossil/m5_ja-71
M5,72,https://scrydex.com/pokemon/cards/antique-shield-fossil/m5_ja-72,HTTP 404: https://scrydex.com/pokemon/cards/antique-shield-fossil/m5_ja-72
