set_code,set_name,card_number_numeric,db_card_number,db_name,db_rarity,db_variant,db_image_url,found_in_scrydex,scrydex_card_url
XY,ハイクラスパック「THE BEST OF XY」,12,012,バクーダEX,,normal,https://images.scrydex.com/pokemon/xy_ja-12/medium,YES,https://scrydex.com/pokemon/cards/camerupt-ex/xy_ja-12?variant=holofoil
XY,ハイクラスパック「THE BEST OF XY」,55,055,オーロットBREAK,,normal,https://images.scrydex.com/pokemon/xy_ja-55/medium,YES,https://scrydex.com/pokemon/cards/trevenant-break/xy_ja-55?variant=holofoil
XY,ハイクラスパック「THE BEST OF XY」,58,058,フーパEX,,normal,https://images.scrydex.com/pokemon/xy_ja-58/medium,YES,https://scrydex.com/pokemon/cards/hoopa-ex/xy_ja-58?variant=holofoil
XY,ハイクラスパック「THE BEST OF XY」,61,061,レジロックEX,,normal,https://images.scrydex.com/pokemon/xy_ja-61/medium,YES,https://scrydex.com/pokemon/cards/regirock-ex/xy_ja-61?variant=holofoil
XY,ハイクラスパック「THE BEST OF XY」,62,062,ルカリオEX,,normal,https://images.scrydex.com/pokemon/xy_ja-62/medium,YES,https://scrydex.com/pokemon/cards/lucario-ex/xy_ja-62?variant=holofoil
XY,ハイクラスパック「THE BEST OF XY」,63,063,megaルカリオEX,,normal,https://images.scrydex.com/pokemon/xy_ja-63/medium,YES,https://scrydex.com/pokemon/cards/m-lucario-ex/xy_ja-63?variant=holofoil
XY,ハイクラスパック「THE BEST OF XY」,67,067,メレシーBREAK,,normal,https://images.scrydex.com/pokemon/xy_ja-67/medium,YES,https://scrydex.com/pokemon/cards/carbink-break/xy_ja-67?variant=holofoil
XY,ハイクラスパック「THE BEST OF XY」,69,069,ジガルデEX,,normal,https://images.scrydex.com/pokemon/xy_ja-69/medium,YES,https://scrydex.com/pokemon/cards/zygarde-ex/xy_ja-69?variant=holofoil
XY,ハイクラスパック「THE BEST OF XY」,70,070,サメハダーEX,,normal,https://images.scrydex.com/pokemon/xy_ja-70/medium,YES,https://scrydex.com/pokemon/cards/sharpedo-ex/xy_ja-70?variant=holofoil
XY,ハイクラスパック「THE BEST OF XY」,71,071,megaサメハダーEX,,normal,https://images.scrydex.com/pokemon/xy_ja-71/medium,YES,https://scrydex.com/pokemon/cards/m-sharpedo-ex/xy_ja-71?variant=holofoil
XY,ハイクラスパック「THE BEST OF XY」,72,072,ダークライEX,,normal,https://images.scrydex.com/pokemon/xy_ja-72/medium,YES,https://scrydex.com/pokemon/cards/darkrai-ex/xy_ja-72?variant=holofoil
XY,ハイクラスパック「THE BEST OF XY」,75,075,ゾロアークBREAK,,normal,https://images.scrydex.com/pokemon/xy_ja-75/medium,YES,https://scrydex.com/pokemon/cards/zoroark-break/xy_ja-75?variant=holofoil
XY,ハイクラスパック「THE BEST OF XY」,76,076,カラマネロEX,,normal,https://images.scrydex.com/pokemon/xy_ja-76/medium,YES,https://scrydex.com/pokemon/cards/malamar-ex/xy_ja-76?variant=holofoil
XY,ハイクラスパック「THE BEST OF XY」,79,079,イベルタルEX,,normal,https://images.scrydex.com/pokemon/xy_ja-79/medium,YES,https://scrydex.com/pokemon/cards/yveltal-ex/xy_ja-79?variant=holofoil
XY,ハイクラスパック「THE BEST OF XY」,83,083,ドータクンBREAK,,normal,https://images.scrydex.com/pokemon/xy_ja-83/medium,YES,https://scrydex.com/pokemon/cards/bronzong-break/xy_ja-83?variant=holofoil
XY,ハイクラスパック「THE BEST OF XY」,86,086,ゲノセクトEX,,normal,https://images.scrydex.com/pokemon/xy_ja-86/medium,YES,https://scrydex.com/pokemon/cards/genesect-ex/xy_ja-86?variant=holofoil
XY,ハイクラスパック「THE BEST OF XY」,87,087,ギルガルドEX,,normal,https://images.scrydex.com/pokemon/xy_ja-87/medium,YES,https://scrydex.com/pokemon/cards/aegislash-ex/xy_ja-87?variant=holofoil
XY,ハイクラスパック「THE BEST OF XY」,89,089,マギアナEX,,normal,https://images.scrydex.com/pokemon/xy_ja-89/medium,YES,https://scrydex.com/pokemon/cards/magearna-ex/xy_ja-89?variant=holofoil
XY,ハイクラスパック「THE BEST OF XY」,91,091,サーナイトEX,,normal,https://images.scrydex.com/pokemon/xy_ja-91/medium,YES,https://scrydex.com/pokemon/cards/gardevoir-ex/xy_ja-91?variant=holofoil
XY,ハイクラスパック「THE BEST OF XY」,92,092,megaサーナイトEX,,normal,https://images.scrydex.com/pokemon/xy_ja-92/medium,YES,https://scrydex.com/pokemon/cards/m-gardevoir-ex/xy_ja-92?variant=holofoil
XY,ハイクラスパック「THE BEST OF XY」,97,097,ゼルネアスBREAK,,normal,https://images.scrydex.com/pokemon/xy_ja-97/medium,YES,https://scrydex.com/pokemon/cards/xerneas-break/xy_ja-97?variant=holofoil
XY,ハイクラスパック「THE BEST OF XY」,98,098,ギラティナEX,,normal,https://images.scrydex.com/pokemon/xy_ja-98/medium,YES,https://scrydex.com/pokemon/cards/giratina-ex/xy_ja-98?variant=holofoil
XY,ハイクラスパック「THE BEST OF XY」,99,099,サザンドラEX,,normal,https://images.scrydex.com/pokemon/xy_ja-99/medium,YES,https://scrydex.com/pokemon/cards/hydreigon-ex/xy_ja-99?variant=holofoil
XY,ハイクラスパック「THE BEST OF XY」,103,103,ルギアEX,,normal,https://images.scrydex.com/pokemon/xy_ja-103/medium,YES,https://scrydex.com/pokemon/cards/lugia-ex/xy_ja-103?variant=holofoil
XY,ハイクラスパック「THE BEST OF XY」,104,104,レックウザEX,,normal,https://images.scrydex.com/pokemon/xy_ja-104/medium,YES,https://scrydex.com/pokemon/cards/rayquaza-ex/xy_ja-104?variant=holofoil
XY,ハイクラスパック「THE BEST OF XY」,105,105,megaレックウザEX,,normal,https://images.scrydex.com/pokemon/xy_ja-105/medium,YES,https://scrydex.com/pokemon/cards/m-rayquaza-ex/xy_ja-105?variant=holofoil
XY,ハイクラスパック「THE BEST OF XY」,106,106,シェイミEX,,normal,https://images.scrydex.com/pokemon/xy_ja-106/medium,YES,https://scrydex.com/pokemon/cards/shaymin-ex/xy_ja-106?variant=holofoil
XY,ハイクラスパック「THE BEST OF XY」,172,172,megaバクーダEX,,normal,https://images.scrydex.com/pokemon/xy_ja-172/medium,YES,https://scrydex.com/pokemon/cards/m-camerupt-ex/xy_ja-172?variant=holofoil
XY,ハイクラスパック「THE BEST OF XY」,173,173,サンダースEX,,normal,https://images.scrydex.com/pokemon/xy_ja-173/medium,YES,https://scrydex.com/pokemon/cards/jolteon-ex/xy_ja-173?variant=holofoil
XY,ハイクラスパック「THE BEST OF XY」,174,174,megaライボルトEX,,normal,https://images.scrydex.com/pokemon/xy_ja-174/medium,YES,https://scrydex.com/pokemon/cards/m-manectric-ex/xy_ja-174?variant=holofoil
XY,ハイクラスパック「THE BEST OF XY」,175,175,レジロックEX,,normal,https://images.scrydex.com/pokemon/xy_ja-175/medium,YES,https://scrydex.com/pokemon/cards/regirock-ex/xy_ja-175?variant=holofoil
XY,ハイクラスパック「THE BEST OF XY」,176,176,megaルカリオEX,,normal,https://images.scrydex.com/pokemon/xy_ja-176/medium,YES,https://scrydex.com/pokemon/cards/m-lucario-ex/xy_ja-176?variant=holofoil
XY,ハイクラスパック「THE BEST OF XY」,177,177,ジガルデEX,,normal,https://images.scrydex.com/pokemon/xy_ja-177/medium,YES,https://scrydex.com/pokemon/cards/zygarde-ex/xy_ja-177?variant=holofoil
XY,ハイクラスパック「THE BEST OF XY」,178,178,megaサメハダーEX,,normal,https://images.scrydex.com/pokemon/xy_ja-178/medium,YES,https://scrydex.com/pokemon/cards/m-sharpedo-ex/xy_ja-178?variant=holofoil
XY,ハイクラスパック「THE BEST OF XY」,179,179,ギルガルドEX,,normal,https://images.scrydex.com/pokemon/xy_ja-179/medium,YES,https://scrydex.com/pokemon/cards/aegislash-ex/xy_ja-179?variant=holofoil
XY,ハイクラスパック「THE BEST OF XY」,180,180,N,,normal,https://images.scrydex.com/pokemon/xy_ja-180/medium,YES,https://scrydex.com/pokemon/cards/n/xy_ja-180?variant=normal
XY,ハイクラスパック「THE BEST OF XY」,181,181,オカルトマニア,,normal,https://images.scrydex.com/pokemon/xy_ja-181/medium,YES,https://scrydex.com/pokemon/cards/hex-maniac/xy_ja-181?variant=normal
XY,ハイクラスパック「THE BEST OF XY」,182,182,鍛冶屋,,normal,https://images.scrydex.com/pokemon/xy_ja-182/medium,YES,https://scrydex.com/pokemon/cards/blacksmith/xy_ja-182?variant=normal
XY,ハイクラスパック「THE BEST OF XY」,183,183,カリン,,normal,https://images.scrydex.com/pokemon/xy_ja-183/medium,YES,https://scrydex.com/pokemon/cards/karen/xy_ja-183?variant=normal
XY,ハイクラスパック「THE BEST OF XY」,184,184,こわいおねえさん,,normal,https://images.scrydex.com/pokemon/xy_ja-184/medium,YES,https://scrydex.com/pokemon/cards/delinquent/xy_ja-184?variant=normal
XY,ハイクラスパック「THE BEST OF XY」,185,185,サナ,,normal,https://images.scrydex.com/pokemon/xy_ja-185/medium,YES,https://scrydex.com/pokemon/cards/shauna/xy_ja-185?variant=normal
XY,ハイクラスパック「THE BEST OF XY」,186,186,フレア団のしたっぱ,,normal,https://images.scrydex.com/pokemon/xy_ja-186/medium,YES,https://scrydex.com/pokemon/cards/team-flare-grunt/xy_ja-186?variant=normal
XY,ハイクラスパック「THE BEST OF XY」,187,187,イベルタルEX,,holo,https://images.scrydex.com/pokemon/xy_ja-187/large,YES,https://scrydex.com/pokemon/cards/yveltal-ex/xy_ja-187?variant=holofoil
XY,ハイクラスパック「THE BEST OF XY」,188,188,シェイミEX,,holo,https://images.scrydex.com/pokemon/xy_ja-188/large,YES,https://scrydex.com/pokemon/cards/shaymin-ex/xy_ja-188?variant=holofoil
XY6,ポケモンカードゲームXY 拡張パック「エメラルドブレイク」,79,079,ボルトロスEX,SR,normal,https://images.scrydex.com/pokemon/xy6_ja-79/medium,YES,https://scrydex.com/pokemon/cards/thundurus-ex/xy6_ja-79?variant=firstEditionHolofoil
XY6,ポケモンカードゲームXY 拡張パック「エメラルドブレイク」,80,080,エルレイドEX,SR,normal,https://images.scrydex.com/pokemon/xy6_ja-80/medium,YES,https://scrydex.com/pokemon/cards/gallade-ex/xy6_ja-80?variant=firstEditionHolofoil
XY6,ポケモンカードゲームXY 拡張パック「エメラルドブレイク」,81,081,megaエルレイドEX,SR,normal,https://images.scrydex.com/pokemon/xy6_ja-81/medium,YES,https://scrydex.com/pokemon/cards/m-gallade-ex/xy6_ja-81?variant=firstEditionHolofoil
XY6,ポケモンカードゲームXY 拡張パック「エメラルドブレイク」,82,082,ラティオスEX,SR,normal,https://images.scrydex.com/pokemon/xy6_ja-82/medium,YES,https://scrydex.com/pokemon/cards/latios-ex/xy6_ja-82?variant=firstEditionHolofoil
XY6,ポケモンカードゲームXY 拡張パック「エメラルドブレイク」,83,083,megaラティオスEX,SR,normal,https://images.scrydex.com/pokemon/xy6_ja-83/medium,YES,https://scrydex.com/pokemon/cards/m-latios-ex/xy6_ja-83?variant=firstEditionHolofoil
XY6,ポケモンカードゲームXY 拡張パック「エメラルドブレイク」,84,084,サザンドラEX,SR,normal,https://images.scrydex.com/pokemon/xy6_ja-84/medium,YES,https://scrydex.com/pokemon/cards/hydreigon-ex/xy6_ja-84?variant=firstEditionHolofoil
XY6,ポケモンカードゲームXY 拡張パック「エメラルドブレイク」,85,085,レックウザEX,SR,normal,https://images.scrydex.com/pokemon/xy6_ja-85/medium,YES,https://scrydex.com/pokemon/cards/rayquaza-ex/xy6_ja-85?variant=firstEditionHolofoil
XY6,ポケモンカードゲームXY 拡張パック「エメラルドブレイク」,86,086,megaレックウザEX,SR,normal,https://images.scrydex.com/pokemon/xy6_ja-86/medium,YES,https://scrydex.com/pokemon/cards/m-rayquaza-ex/xy6_ja-86?variant=firstEditionHolofoil
XY6,ポケモンカードゲームXY 拡張パック「エメラルドブレイク」,87,087,シェイミEX,SR,normal,https://images.scrydex.com/pokemon/xy6_ja-87/medium,YES,https://scrydex.com/pokemon/cards/shaymin-ex/xy6_ja-87?variant=firstEditionHolofoil
XY6,ポケモンカードゲームXY 拡張パック「エメラルドブレイク」,88,088,ナギ,SR,normal,https://images.scrydex.com/pokemon/xy6_ja-88/medium,YES,https://scrydex.com/pokemon/cards/winona/xy6_ja-88?variant=firstEditionHolofoil
XY6,ポケモンカードゲームXY 拡張パック「エメラルドブレイク」,89,089,ミツル,SR,normal,https://images.scrydex.com/pokemon/xy6_ja-89/medium,YES,https://scrydex.com/pokemon/cards/wally/xy6_ja-89?variant=firstEditionHolofoil
XY6,ポケモンカードゲームXY 拡張パック「エメラルドブレイク」,90,090,エネルギーつけかえ,UR,holo,https://images.scrydex.com/pokemon/xy6_ja-90/large,YES,https://scrydex.com/pokemon/cards/energy-switch/xy6_ja-90?variant=firstEditionHolofoil
XY6,ポケモンカードゲームXY 拡張パック「エメラルドブレイク」,91,091,バトルサーチャー,UR,holo,https://images.scrydex.com/pokemon/xy6_ja-91/large,YES,https://scrydex.com/pokemon/cards/vs-seeker/xy6_ja-91?variant=firstEditionHolofoil
XY7,ポケモンカードゲームXY 拡張パック「バンデットリング」,82,082,ジュカインEX,SR,normal,https://images.scrydex.com/pokemon/xy7_ja-82/medium,YES,https://scrydex.com/pokemon/cards/sceptile-ex/xy7_ja-82?variant=firstEditionHolofoil
XY7,ポケモンカードゲームXY 拡張パック「バンデットリング」,83,083,megaジュカインEX,SR,normal,https://images.scrydex.com/pokemon/xy7_ja-83/medium,YES,https://scrydex.com/pokemon/cards/m-sceptile-ex/xy7_ja-83?variant=firstEditionHolofoil
XY7,ポケモンカードゲームXY 拡張パック「バンデットリング」,84,084,キュレムEX,SR,normal,https://images.scrydex.com/pokemon/xy7_ja-84/medium,YES,https://scrydex.com/pokemon/cards/kyurem-ex/xy7_ja-84?variant=firstEditionHolofoil
XY7,ポケモンカードゲームXY 拡張パック「バンデットリング」,85,085,デンリュウEX,SR,normal,https://images.scrydex.com/pokemon/xy7_ja-85/medium,YES,https://scrydex.com/pokemon/cards/ampharos-ex/xy7_ja-85?variant=firstEditionHolofoil
XY7,ポケモンカードゲームXY 拡張パック「バンデットリング」,86,086,megaデンリュウEX,SR,normal,https://images.scrydex.com/pokemon/xy7_ja-86/medium,YES,https://scrydex.com/pokemon/cards/m-ampharos-ex/xy7_ja-86?variant=firstEditionHolofoil
XY7,ポケモンカードゲームXY 拡張パック「バンデットリング」,87,087,フーパEX,SR,normal,https://images.scrydex.com/pokemon/xy7_ja-87/medium,YES,https://scrydex.com/pokemon/cards/hoopa-ex/xy7_ja-87?variant=firstEditionHolofoil
XY7,ポケモンカードゲームXY 拡張パック「バンデットリング」,88,088,カイリキーEX,SR,normal,https://images.scrydex.com/pokemon/xy7_ja-88/medium,YES,https://scrydex.com/pokemon/cards/machamp-ex/xy7_ja-88?variant=firstEditionHolofoil
XY7,ポケモンカードゲームXY 拡張パック「バンデットリング」,89,089,バンギラスEX,SR,normal,https://images.scrydex.com/pokemon/xy7_ja-89/medium,YES,https://scrydex.com/pokemon/cards/tyranitar-ex/xy7_ja-89?variant=firstEditionHolofoil
XY7,ポケモンカードゲームXY 拡張パック「バンデットリング」,90,090,megaバンギラスEX,SR,normal,https://images.scrydex.com/pokemon/xy7_ja-90/medium,YES,https://scrydex.com/pokemon/cards/m-tyranitar-ex/xy7_ja-90?variant=firstEditionHolofoil
XY7,ポケモンカードゲームXY 拡張パック「バンデットリング」,91,091,ギラティナEX,SR,normal,https://images.scrydex.com/pokemon/xy7_ja-91/medium,YES,https://scrydex.com/pokemon/cards/giratina-ex/xy7_ja-91?variant=firstEditionHolofoil
XY7,ポケモンカードゲームXY 拡張パック「バンデットリング」,92,092,ルギアEX,SR,normal,https://images.scrydex.com/pokemon/xy7_ja-92/medium,YES,https://scrydex.com/pokemon/cards/lugia-ex/xy7_ja-92?variant=firstEditionHolofoil
XY7,ポケモンカードゲームXY 拡張パック「バンデットリング」,93,093,ゲンシカイオーガEX,UR,holo,https://images.scrydex.com/pokemon/xy7_ja-93/large,YES,https://scrydex.com/pokemon/cards/primal-kyogre-ex/xy7_ja-93?variant=firstEditionHolofoil
XY7,ポケモンカードゲームXY 拡張パック「バンデットリング」,94,094,ゲンシグラードンEX,UR,holo,https://images.scrydex.com/pokemon/xy7_ja-94/large,YES,https://scrydex.com/pokemon/cards/primal-groudon-ex/xy7_ja-94?variant=firstEditionHolofoil
XY7,ポケモンカードゲームXY 拡張パック「バンデットリング」,95,095,megaレックウザEX,UR,holo,https://images.scrydex.com/pokemon/xy7_ja-95/large,YES,https://scrydex.com/pokemon/cards/m-rayquaza-ex/xy7_ja-95?variant=firstEditionHolofoil
XY7,ポケモンカードゲームXY 拡張パック「バンデットリング」,96,096,エネルギー回収,UR,holo,https://images.scrydex.com/pokemon/xy7_ja-96/large,YES,https://scrydex.com/pokemon/cards/energy-retrieval/xy7_ja-96?variant=firstEditionHolofoil
XY7,ポケモンカードゲームXY 拡張パック「バンデットリング」,97,097,トレーナーズポスト,UR,holo,https://images.scrydex.com/pokemon/xy7_ja-97/large,YES,https://scrydex.com/pokemon/cards/trainers-mail/xy7_ja-97?variant=firstEditionHolofoil
