series_name,set_id,set_code,set_name,scrydex_id,scrydex_url,scrydex_number_raw,number_key,scrydex_name,scrydex_rarity,scrydex_rarity_raw,scrydex_card_url,expected_image_url,db_numeric_max,beyond_db_max
SMシリーズ,575b3ae4-5c0c-4abc-93f8-f1f4cc71974a,SM1p,サン＆ムーン,sm1p_ja,https://scrydex.com/pokemon/expansions/strength-expansion-pack-sun-moon/sm1p_ja,70,70,Fire Energy,,—,,https://images.scrydex.com/pokemon/sm1p_ja-70/large,68,YES
SMシリーズ,575b3ae4-5c0c-4abc-93f8-f1f4cc71974a,SM1p,サン＆ムーン,sm1p_ja,https://scrydex.com/pokemon/expansions/strength-expansion-pack-sun-moon/sm1p_ja,71,71,Psychic Energy,,—,,https://images.scrydex.com/pokemon/sm1p_ja-71/large,68,YES
SMシリーズ,234779b1-7c9a-442f-8f8e-de41d5de658c,SM2K,キミを待つ島々,sm2k_ja,https://scrydex.com/pokemon/expansions/islands-await-you/sm2k_ja,62,62,Lightning Energy,UR,UR,,https://images.scrydex.com/pokemon/sm2k_ja-62/large,61,YES
SMシリーズ,25678826-2811-4bff-9b3a-26e10c5db48c,SM2p,新たなる試練の向こう,sm2p_ja,https://scrydex.com/pokemon/expansions/facing-a-new-trial/sm2p_ja,66,66,Darkness Energy,UR,UR,,https://images.scrydex.com/pokemon/sm2p_ja-66/large,65,YES
SMシリーズ,25678826-2811-4bff-9b3a-26e10c5db48c,SM2p,新たなる試練の向こう,sm2p_ja,https://scrydex.com/pokemon/expansions/facing-a-new-trial/sm2p_ja,67,67,Water Energy,,—,,https://images.scrydex.com/pokemon/sm2p_ja-67/large,65,YES
SMシリーズ,25678826-2811-4bff-9b3a-26e10c5db48c,SM2p,新たなる試練の向こう,sm2p_ja,https://scrydex.com/pokemon/expansions/facing-a-new-trial/sm2p_ja,68,68,Lightning Energy,,—,,https://images.scrydex.com/pokemon/sm2p_ja-68/large,65,YES
SMシリーズ,25678826-2811-4bff-9b3a-26e10c5db48c,SM2p,新たなる試練の向こう,sm2p_ja,https://scrydex.com/pokemon/expansions/facing-a-new-trial/sm2p_ja,69,69,Fighting Energy,,—,,https://images.scrydex.com/pokemon/sm2p_ja-69/large,65,YES
SMシリーズ,25678826-2811-4bff-9b3a-26e10c5db48c,SM2p,新たなる試練の向こう,sm2p_ja,https://scrydex.com/pokemon/expansions/facing-a-new-trial/sm2p_ja,70,70,Darkness Energy,,—,,https://images.scrydex.com/pokemon/sm2p_ja-70/large,65,YES
SMシリーズ,9f635209-aec1-4acf-84b7-8e77e6be7bc0,SM4A,超次元の暴獣,sm4a_ja,https://scrydex.com/pokemon/expansions/ultradimensional-beasts/sm4a_ja,62,62,Water Energy,UR,UR,,https://images.scrydex.com/pokemon/sm4a_ja-62/large,61,YES
BWシリーズ,7816388b-32e3-4c5e-9815-b552741bee9c,BW1-Bb,ポケモンカードゲームBW 拡張パック「ブラックコレクション」,bw1b_ja,https://scrydex.com/pokemon/expansions/black-collection/bw1b_ja,54,54,Tornadus,SR,SR,,https://images.scrydex.com/pokemon/bw1b_ja-54/large,53,YES
BWシリーズ,7816388b-32e3-4c5e-9815-b552741bee9c,BW1-Bb,ポケモンカードゲームBW 拡張パック「ブラックコレクション」,bw1b_ja,https://scrydex.com/pokemon/expansions/black-collection/bw1b_ja,55,55,Reshiram,SR,SR,,https://images.scrydex.com/pokemon/bw1b_ja-55/large,53,YES
BWシリーズ,7816388b-32e3-4c5e-9815-b552741bee9c,BW1-Bb,ポケモンカードゲームBW 拡張パック「ブラックコレクション」,bw1b_ja,https://scrydex.com/pokemon/expansions/black-collection/bw1b_ja,56,56,Pikachu,UR,UR,,https://images.scrydex.com/pokemon/bw1b_ja-56/large,53,YES
BWシリーズ,b40da42f-59cd-4cf5-b07d-0a4e0b111b12,BW1-Bw,ポケモンカードゲームBW 拡張パック「ホワイトコレクション」,bw1w_ja,https://scrydex.com/pokemon/expansions/white-collection/bw1w_ja,54,54,Thundurus,SR,SR,,https://images.scrydex.com/pokemon/bw1w_ja-54/large,53,YES
BWシリーズ,b40da42f-59cd-4cf5-b07d-0a4e0b111b12,BW1-Bw,ポケモンカードゲームBW 拡張パック「ホワイトコレクション」,bw1w_ja,https://scrydex.com/pokemon/expansions/white-collection/bw1w_ja,55,55,Zekrom,SR,SR,,https://images.scrydex.com/pokemon/bw1w_ja-55/large,53,YES
BWシリーズ,b40da42f-59cd-4cf5-b07d-0a4e0b111b12,BW1-Bw,ポケモンカードゲームBW 拡張パック「ホワイトコレクション」,bw1w_ja,https://scrydex.com/pokemon/expansions/white-collection/bw1w_ja,56,56,Pikachu,UR,UR,,https://images.scrydex.com/pokemon/bw1w_ja-56/large,53,YES
BWシリーズ,eb0a6865-84ff-4f85-b031-54c9d4e4c14d,BW10-B,ポケモンカードゲームBW コンセプトパック「EXバトルブースト」,ebb1_ja,https://scrydex.com/pokemon/expansions/ex-battle-boost/ebb1_ja,94,94,Reshiram,,—,,https://images.scrydex.com/pokemon/ebb1_ja-94/large,93,YES
BWシリーズ,eb0a6865-84ff-4f85-b031-54c9d4e4c14d,BW10-B,ポケモンカードゲームBW コンセプトパック「EXバトルブースト」,ebb1_ja,https://scrydex.com/pokemon/expansions/ex-battle-boost/ebb1_ja,95,95,Zekrom,,—,,https://images.scrydex.com/pokemon/ebb1_ja-95/large,93,YES
BWシリーズ,eb0a6865-84ff-4f85-b031-54c9d4e4c14d,BW10-B,ポケモンカードゲームBW コンセプトパック「EXバトルブースト」,ebb1_ja,https://scrydex.com/pokemon/expansions/ex-battle-boost/ebb1_ja,96,96,Imakuni?,,—,,https://images.scrydex.com/pokemon/ebb1_ja-96/large,93,YES
BWシリーズ,eb0a6865-84ff-4f85-b031-54c9d4e4c14d,BW10-B,ポケモンカードゲームBW コンセプトパック「EXバトルブースト」,ebb1_ja,https://scrydex.com/pokemon/expansions/ex-battle-boost/ebb1_ja,97,97,Pokémon Enterprise,,—,,https://images.scrydex.com/pokemon/ebb1_ja-97/large,93,YES
BWシリーズ,eb0a6865-84ff-4f85-b031-54c9d4e4c14d,BW10-B,ポケモンカードゲームBW コンセプトパック「EXバトルブースト」,ebb1_ja,https://scrydex.com/pokemon/expansions/ex-battle-boost/ebb1_ja,98,98,Pokémon Enterprise,,—,,https://images.scrydex.com/pokemon/ebb1_ja-98/large,93,YES
BWシリーズ,eb0a6865-84ff-4f85-b031-54c9d4e4c14d,BW10-B,ポケモンカードゲームBW コンセプトパック「EXバトルブースト」,ebb1_ja,https://scrydex.com/pokemon/expansions/ex-battle-boost/ebb1_ja,99,99,Pokémon Enterprise,,—,,https://images.scrydex.com/pokemon/ebb1_ja-99/large,93,YES
BWシリーズ,57924c09-76eb-4558-9b20-3158526e6c65,BW2-B,ポケモンカードゲームBW 拡張パック「レッドコレクション」,bw2_ja,https://scrydex.com/pokemon/expansions/red-collection/bw2_ja,67,67,Virizion,SR,SR,,https://images.scrydex.com/pokemon/bw2_ja-67/large,66,YES
BWシリーズ,57924c09-76eb-4558-9b20-3158526e6c65,BW2-B,ポケモンカードゲームBW 拡張パック「レッドコレクション」,bw2_ja,https://scrydex.com/pokemon/expansions/red-collection/bw2_ja,68,68,Terrakion,SR,SR,,https://images.scrydex.com/pokemon/bw2_ja-68/large,66,YES
BWシリーズ,57924c09-76eb-4558-9b20-3158526e6c65,BW2-B,ポケモンカードゲームBW 拡張パック「レッドコレクション」,bw2_ja,https://scrydex.com/pokemon/expansions/red-collection/bw2_ja,69,69,Cobalion,SR,SR,,https://images.scrydex.com/pokemon/bw2_ja-69/large,66,YES
BWシリーズ,57924c09-76eb-4558-9b20-3158526e6c65,BW2-B,ポケモンカードゲームBW 拡張パック「レッドコレクション」,bw2_ja,https://scrydex.com/pokemon/expansions/red-collection/bw2_ja,70,70,Victini,SR,SR,,https://images.scrydex.com/pokemon/bw2_ja-70/large,66,YES
BWシリーズ,57924c09-76eb-4558-9b20-3158526e6c65,BW2-B,ポケモンカードゲームBW 拡張パック「レッドコレクション」,bw2_ja,https://scrydex.com/pokemon/expansions/red-collection/bw2_ja,71,71,N,SR,SR,,https://images.scrydex.com/pokemon/bw2_ja-71/large,66,YES
BWシリーズ,57924c09-76eb-4558-9b20-3158526e6c65,BW2-B,ポケモンカードゲームBW 拡張パック「レッドコレクション」,bw2_ja,https://scrydex.com/pokemon/expansions/red-collection/bw2_ja,72,72,Meowth,UR,UR,,https://images.scrydex.com/pokemon/bw2_ja-72/large,66,YES
BWシリーズ,eeb4f01f-3792-421f-9dc9-6a8799cd6a06,BW3-Bh,ポケモンカードゲームBW 拡張パック「ヘイルブリザード」,bw3h_ja,https://scrydex.com/pokemon/expansions/hail-blizzard/bw3h_ja,53,53,Kyurem-EX,SR,SR,,https://images.scrydex.com/pokemon/bw3h_ja-53/large,52,YES
BWシリーズ,eeb4f01f-3792-421f-9dc9-6a8799cd6a06,BW3-Bh,ポケモンカードゲームBW 拡張パック「ヘイルブリザード」,bw3h_ja,https://scrydex.com/pokemon/expansions/hail-blizzard/bw3h_ja,54,54,Groudon-EX,SR,SR,,https://images.scrydex.com/pokemon/bw3h_ja-54/large,52,YES
BWシリーズ,eeb4f01f-3792-421f-9dc9-6a8799cd6a06,BW3-Bh,ポケモンカードゲームBW 拡張パック「ヘイルブリザード」,bw3h_ja,https://scrydex.com/pokemon/expansions/hail-blizzard/bw3h_ja,55,55,Regigigas-EX,SR,SR,,https://images.scrydex.com/pokemon/bw3h_ja-55/large,52,YES
BWシリーズ,eeb4f01f-3792-421f-9dc9-6a8799cd6a06,BW3-Bh,ポケモンカードゲームBW 拡張パック「ヘイルブリザード」,bw3h_ja,https://scrydex.com/pokemon/expansions/hail-blizzard/bw3h_ja,56,56,Emboar,UR,UR,,https://images.scrydex.com/pokemon/bw3h_ja-56/large,52,YES
BWシリーズ,eeb4f01f-3792-421f-9dc9-6a8799cd6a06,BW3-Bh,ポケモンカードゲームBW 拡張パック「ヘイルブリザード」,bw3h_ja,https://scrydex.com/pokemon/expansions/hail-blizzard/bw3h_ja,57,57,Chandelure,UR,UR,,https://images.scrydex.com/pokemon/bw3h_ja-57/large,52,YES
BWシリーズ,b7b434e5-3fee-4321-a856-7cb6afbe5941,BW3-Bp,ポケモンカードゲームBW 拡張パック「サイコドライブ」,bw3p_ja,https://scrydex.com/pokemon/expansions/psycho-drive/bw3p_ja,53,53,Shaymin-EX,SR,SR,,https://images.scrydex.com/pokemon/bw3p_ja-53/large,52,YES
BWシリーズ,b7b434e5-3fee-4321-a856-7cb6afbe5941,BW3-Bp,ポケモンカードゲームBW 拡張パック「サイコドライブ」,bw3p_ja,https://scrydex.com/pokemon/expansions/psycho-drive/bw3p_ja,54,54,Kyogre-EX,SR,SR,,https://images.scrydex.com/pokemon/bw3p_ja-54/large,52,YES
BWシリーズ,b7b434e5-3fee-4321-a856-7cb6afbe5941,BW3-Bp,ポケモンカードゲームBW 拡張パック「サイコドライブ」,bw3p_ja,https://scrydex.com/pokemon/expansions/psycho-drive/bw3p_ja,55,55,Mewtwo-EX,SR,SR,,https://images.scrydex.com/pokemon/bw3p_ja-55/large,52,YES
BWシリーズ,b7b434e5-3fee-4321-a856-7cb6afbe5941,BW3-Bp,ポケモンカードゲームBW 拡張パック「サイコドライブ」,bw3p_ja,https://scrydex.com/pokemon/expansions/psycho-drive/bw3p_ja,56,56,Zoroark,UR,UR,,https://images.scrydex.com/pokemon/bw3p_ja-56/large,52,YES
BWシリーズ,b7b434e5-3fee-4321-a856-7cb6afbe5941,BW3-Bp,ポケモンカードゲームBW 拡張パック「サイコドライブ」,bw3p_ja,https://scrydex.com/pokemon/expansions/psycho-drive/bw3p_ja,57,57,Hydreigon,UR,UR,,https://images.scrydex.com/pokemon/bw3p_ja-57/large,52,YES
BWシリーズ,6b8faf93-bc0b-4539-aca0-5b0cdcba2d41,BW5-Brn,ポケモンカードゲームBW 拡張パック「リューノブレード」,bw5d_ja,https://scrydex.com/pokemon/expansions/dragon-blade/bw5d_ja,51,51,Ho-Oh-EX,SR,SR,,https://images.scrydex.com/pokemon/bw5d_ja-51/large,50,YES
BWシリーズ,6b8faf93-bc0b-4539-aca0-5b0cdcba2d41,BW5-Brn,ポケモンカードゲームBW 拡張パック「リューノブレード」,bw5d_ja,https://scrydex.com/pokemon/expansions/dragon-blade/bw5d_ja,52,52,Registeel-EX,SR,SR,,https://images.scrydex.com/pokemon/bw5d_ja-52/large,50,YES
BWシリーズ,6b8faf93-bc0b-4539-aca0-5b0cdcba2d41,BW5-Brn,ポケモンカードゲームBW 拡張パック「リューノブレード」,bw5d_ja,https://scrydex.com/pokemon/expansions/dragon-blade/bw5d_ja,53,53,Rayquaza-EX,SR,SR,,https://images.scrydex.com/pokemon/bw5d_ja-53/large,50,YES
BWシリーズ,6b8faf93-bc0b-4539-aca0-5b0cdcba2d41,BW5-Brn,ポケモンカードゲームBW 拡張パック「リューノブレード」,bw5d_ja,https://scrydex.com/pokemon/expansions/dragon-blade/bw5d_ja,54,54,Serperior,UR,UR,,https://images.scrydex.com/pokemon/bw5d_ja-54/large,50,YES
BWシリーズ,6b8faf93-bc0b-4539-aca0-5b0cdcba2d41,BW5-Brn,ポケモンカードゲームBW 拡張パック「リューノブレード」,bw5d_ja,https://scrydex.com/pokemon/expansions/dragon-blade/bw5d_ja,55,55,Krookodile,UR,UR,,https://images.scrydex.com/pokemon/bw5d_ja-55/large,50,YES
BWシリーズ,55fb9c24-1735-4a8c-b090-eebabf950f94,BW6-Bc,ポケモンカードゲームBW 拡張パック「コールドフレア」,bw6c_ja,https://scrydex.com/pokemon/expansions/cold-flare/bw6c_ja,60,60,Celebi-EX,SR,SR,,https://images.scrydex.com/pokemon/bw6c_ja-60/large,59,YES
BWシリーズ,55fb9c24-1735-4a8c-b090-eebabf950f94,BW6-Bc,ポケモンカードゲームBW 拡張パック「コールドフレア」,bw6c_ja,https://scrydex.com/pokemon/expansions/cold-flare/bw6c_ja,61,61,Keldeo-EX,SR,SR,,https://images.scrydex.com/pokemon/bw6c_ja-61/large,59,YES
BWシリーズ,55fb9c24-1735-4a8c-b090-eebabf950f94,BW6-Bc,ポケモンカードゲームBW 拡張パック「コールドフレア」,bw6c_ja,https://scrydex.com/pokemon/expansions/cold-flare/bw6c_ja,62,62,White Kyurem-EX,SR,SR,,https://images.scrydex.com/pokemon/bw6c_ja-62/large,59,YES
BWシリーズ,55fb9c24-1735-4a8c-b090-eebabf950f94,BW6-Bc,ポケモンカードゲームBW 拡張パック「コールドフレア」,bw6c_ja,https://scrydex.com/pokemon/expansions/cold-flare/bw6c_ja,63,63,Bianca,SR,SR,,https://images.scrydex.com/pokemon/bw6c_ja-63/large,59,YES
BWシリーズ,55fb9c24-1735-4a8c-b090-eebabf950f94,BW6-Bc,ポケモンカードゲームBW 拡張パック「コールドフレア」,bw6c_ja,https://scrydex.com/pokemon/expansions/cold-flare/bw6c_ja,64,64,Terrakion,UR,UR,,https://images.scrydex.com/pokemon/bw6c_ja-64/large,59,YES
BWシリーズ,55fb9c24-1735-4a8c-b090-eebabf950f94,BW6-Bc,ポケモンカードゲームBW 拡張パック「コールドフレア」,bw6c_ja,https://scrydex.com/pokemon/expansions/cold-flare/bw6c_ja,65,65,Altaria,UR,UR,,https://images.scrydex.com/pokemon/bw6c_ja-65/large,59,YES
BWシリーズ,d80a5f18-cad8-457f-90e6-3fbfd527f8c2,BW7-B,ポケモンカードゲームBW 拡張パック「プラズマゲイル」,bw7_ja,https://scrydex.com/pokemon/expansions/plasma-gale/bw7_ja,71,71,Victini-EX,SR,SR,,https://images.scrydex.com/pokemon/bw7_ja-71/large,70,YES
BWシリーズ,d80a5f18-cad8-457f-90e6-3fbfd527f8c2,BW7-B,ポケモンカードゲームBW 拡張パック「プラズマゲイル」,bw7_ja,https://scrydex.com/pokemon/expansions/plasma-gale/bw7_ja,72,72,Articuno-EX,SR,SR,,https://images.scrydex.com/pokemon/bw7_ja-72/large,70,YES
BWシリーズ,d80a5f18-cad8-457f-90e6-3fbfd527f8c2,BW7-B,ポケモンカードゲームBW 拡張パック「プラズマゲイル」,bw7_ja,https://scrydex.com/pokemon/expansions/plasma-gale/bw7_ja,73,73,Cobalion-EX,SR,SR,,https://images.scrydex.com/pokemon/bw7_ja-73/large,70,YES
BWシリーズ,d80a5f18-cad8-457f-90e6-3fbfd527f8c2,BW7-B,ポケモンカードゲームBW 拡張パック「プラズマゲイル」,bw7_ja,https://scrydex.com/pokemon/expansions/plasma-gale/bw7_ja,74,74,Lugia-EX,SR,SR,,https://images.scrydex.com/pokemon/bw7_ja-74/large,70,YES
BWシリーズ,d80a5f18-cad8-457f-90e6-3fbfd527f8c2,BW7-B,ポケモンカードゲームBW 拡張パック「プラズマゲイル」,bw7_ja,https://scrydex.com/pokemon/expansions/plasma-gale/bw7_ja,75,75,Colress,SR,SR,,https://images.scrydex.com/pokemon/bw7_ja-75/large,70,YES
BWシリーズ,d80a5f18-cad8-457f-90e6-3fbfd527f8c2,BW7-B,ポケモンカードゲームBW 拡張パック「プラズマゲイル」,bw7_ja,https://scrydex.com/pokemon/expansions/plasma-gale/bw7_ja,76,76,Skyla,SR,SR,,https://images.scrydex.com/pokemon/bw7_ja-76/large,70,YES
BWシリーズ,d80a5f18-cad8-457f-90e6-3fbfd527f8c2,BW7-B,ポケモンカードゲームBW 拡張パック「プラズマゲイル」,bw7_ja,https://scrydex.com/pokemon/expansions/plasma-gale/bw7_ja,77,77,Charizard,UR,UR,,https://images.scrydex.com/pokemon/bw7_ja-77/large,70,YES
BWシリーズ,d80a5f18-cad8-457f-90e6-3fbfd527f8c2,BW7-B,ポケモンカードゲームBW 拡張パック「プラズマゲイル」,bw7_ja,https://scrydex.com/pokemon/expansions/plasma-gale/bw7_ja,78,78,Blastoise,UR,UR,,https://images.scrydex.com/pokemon/bw7_ja-78/large,70,YES
BWシリーズ,d80a5f18-cad8-457f-90e6-3fbfd527f8c2,BW7-B,ポケモンカードゲームBW 拡張パック「プラズマゲイル」,bw7_ja,https://scrydex.com/pokemon/expansions/plasma-gale/bw7_ja,79,79,Random Receiver,UR,UR,,https://images.scrydex.com/pokemon/bw7_ja-79/large,70,YES
BWシリーズ,71a210ff-9d68-4eed-900a-43b5f14a70c6,BW8-Brn,ポケモンカードゲームBW 拡張パック「ライデンナックル」,bw8t_ja,https://scrydex.com/pokemon/expansions/thunder-knuckle/bw8t_ja,52,52,Thundurus-EX,SR,SR,,https://images.scrydex.com/pokemon/bw8t_ja-52/large,51,YES
BWシリーズ,71a210ff-9d68-4eed-900a-43b5f14a70c6,BW8-Brn,ポケモンカードゲームBW 拡張パック「ライデンナックル」,bw8t_ja,https://scrydex.com/pokemon/expansions/thunder-knuckle/bw8t_ja,53,53,Latias-EX,SR,SR,,https://images.scrydex.com/pokemon/bw8t_ja-53/large,51,YES
BWシリーズ,71a210ff-9d68-4eed-900a-43b5f14a70c6,BW8-Brn,ポケモンカードゲームBW 拡張パック「ライデンナックル」,bw8t_ja,https://scrydex.com/pokemon/expansions/thunder-knuckle/bw8t_ja,54,54,Tornadus-EX,SR,SR,,https://images.scrydex.com/pokemon/bw8t_ja-54/large,51,YES
BWシリーズ,71a210ff-9d68-4eed-900a-43b5f14a70c6,BW8-Brn,ポケモンカードゲームBW 拡張パック「ライデンナックル」,bw8t_ja,https://scrydex.com/pokemon/expansions/thunder-knuckle/bw8t_ja,55,55,Professor Juniper,SR,SR,,https://images.scrydex.com/pokemon/bw8t_ja-55/large,51,YES
BWシリーズ,71a210ff-9d68-4eed-900a-43b5f14a70c6,BW8-Brn,ポケモンカードゲームBW 拡張パック「ライデンナックル」,bw8t_ja,https://scrydex.com/pokemon/expansions/thunder-knuckle/bw8t_ja,56,56,Garbodor,UR,UR,,https://images.scrydex.com/pokemon/bw8t_ja-56/large,51,YES
BWシリーズ,71a210ff-9d68-4eed-900a-43b5f14a70c6,BW8-Brn,ポケモンカードゲームBW 拡張パック「ライデンナックル」,bw8t_ja,https://scrydex.com/pokemon/expansions/thunder-knuckle/bw8t_ja,57,57,Garchomp,UR,UR,,https://images.scrydex.com/pokemon/bw8t_ja-57/large,51,YES
BWシリーズ,71a210ff-9d68-4eed-900a-43b5f14a70c6,BW8-Brn,ポケモンカードゲームBW 拡張パック「ライデンナックル」,bw8t_ja,https://scrydex.com/pokemon/expansions/thunder-knuckle/bw8t_ja,58,58,Max Potion,UR,UR,,https://images.scrydex.com/pokemon/bw8t_ja-58/large,51,YES
ソード・シールド,519974df-352f-47fe-a03f-04e3e551a5da,S10b,強化拡張パック「Pokémon GO」,swsh10b_ja,https://scrydex.com/pokemon/expansions/pokmon-go/swsh10b_ja,94,94,Grass Energy,,—,,https://images.scrydex.com/pokemon/swsh10b_ja-94/large,93,YES
ソード・シールド,519974df-352f-47fe-a03f-04e3e551a5da,S10b,強化拡張パック「Pokémon GO」,swsh10b_ja,https://scrydex.com/pokemon/expansions/pokmon-go/swsh10b_ja,95,95,Fire Energy,,—,,https://images.scrydex.com/pokemon/swsh10b_ja-95/large,93,YES
ソード・シールド,519974df-352f-47fe-a03f-04e3e551a5da,S10b,強化拡張パック「Pokémon GO」,swsh10b_ja,https://scrydex.com/pokemon/expansions/pokmon-go/swsh10b_ja,96,96,Water Energy,,—,,https://images.scrydex.com/pokemon/swsh10b_ja-96/large,93,YES
ソード・シールド,519974df-352f-47fe-a03f-04e3e551a5da,S10b,強化拡張パック「Pokémon GO」,swsh10b_ja,https://scrydex.com/pokemon/expansions/pokmon-go/swsh10b_ja,97,97,Lightning Energy,,—,,https://images.scrydex.com/pokemon/swsh10b_ja-97/large,93,YES
ソード・シールド,519974df-352f-47fe-a03f-04e3e551a5da,S10b,強化拡張パック「Pokémon GO」,swsh10b_ja,https://scrydex.com/pokemon/expansions/pokmon-go/swsh10b_ja,98,98,Psychic Energy,,—,,https://images.scrydex.com/pokemon/swsh10b_ja-98/large,93,YES
ソード・シールド,519974df-352f-47fe-a03f-04e3e551a5da,S10b,強化拡張パック「Pokémon GO」,swsh10b_ja,https://scrydex.com/pokemon/expansions/pokmon-go/swsh10b_ja,99,99,Fighting Energy,,—,,https://images.scrydex.com/pokemon/swsh10b_ja-99/large,93,YES
ソード・シールド,519974df-352f-47fe-a03f-04e3e551a5da,S10b,強化拡張パック「Pokémon GO」,swsh10b_ja,https://scrydex.com/pokemon/expansions/pokmon-go/swsh10b_ja,100,100,Darkness Energy,,—,,https://images.scrydex.com/pokemon/swsh10b_ja-100/large,93,YES
ソード・シールド,519974df-352f-47fe-a03f-04e3e551a5da,S10b,強化拡張パック「Pokémon GO」,swsh10b_ja,https://scrydex.com/pokemon/expansions/pokmon-go/swsh10b_ja,101,101,Metal Energy,,—,,https://images.scrydex.com/pokemon/swsh10b_ja-101/large,93,YES
ソード・シールド,e7364633-fbf1-400c-8da2-63b129f42c38,S1W,拡張パック「ソード」,swsh1w_ja,https://scrydex.com/pokemon/expansions/sword/swsh1w_ja,69,69,Lapras VMAX,HR,HR,,https://images.scrydex.com/pokemon/swsh1w_ja-69/large,68,YES
ソード・シールド,e7364633-fbf1-400c-8da2-63b129f42c38,S1W,拡張パック「ソード」,swsh1w_ja,https://scrydex.com/pokemon/expansions/sword/swsh1w_ja,70,70,Stonjourner VMAX,HR,HR,,https://images.scrydex.com/pokemon/swsh1w_ja-70/large,68,YES
ソード・シールド,e7364633-fbf1-400c-8da2-63b129f42c38,S1W,拡張パック「ソード」,swsh1w_ja,https://scrydex.com/pokemon/expansions/sword/swsh1w_ja,71,71,Professor's Research,HR,HR,,https://images.scrydex.com/pokemon/swsh1w_ja-71/large,68,YES
ソード・シールド,e7364633-fbf1-400c-8da2-63b129f42c38,S1W,拡張パック「ソード」,swsh1w_ja,https://scrydex.com/pokemon/expansions/sword/swsh1w_ja,72,72,Bede,HR,HR,,https://images.scrydex.com/pokemon/swsh1w_ja-72/large,68,YES
ソード・シールド,e7364633-fbf1-400c-8da2-63b129f42c38,S1W,拡張パック「ソード」,swsh1w_ja,https://scrydex.com/pokemon/expansions/sword/swsh1w_ja,73,73,Zacian V,UR,UR,,https://images.scrydex.com/pokemon/swsh1w_ja-73/large,68,YES
ソード・シールド,e7364633-fbf1-400c-8da2-63b129f42c38,S1W,拡張パック「ソード」,swsh1w_ja,https://scrydex.com/pokemon/expansions/sword/swsh1w_ja,74,74,Ordinary Rod,UR,UR,,https://images.scrydex.com/pokemon/swsh1w_ja-74/large,68,YES
ソード・シールド,e7364633-fbf1-400c-8da2-63b129f42c38,S1W,拡張パック「ソード」,swsh1w_ja,https://scrydex.com/pokemon/expansions/sword/swsh1w_ja,75,75,Air Balloon,UR,UR,,https://images.scrydex.com/pokemon/swsh1w_ja-75/large,68,YES
ソード・シールド,7d28ee74-f539-44c6-9aa1-1af5bf6c65aa,S2,拡張パック「反逆クラッシュ」,swsh2_ja,https://scrydex.com/pokemon/expansions/rebellion-crash/swsh2_ja,107,107,Toxtricity VMAX,HR,HR,,https://images.scrydex.com/pokemon/swsh2_ja-107/large,106,YES
ソード・シールド,7d28ee74-f539-44c6-9aa1-1af5bf6c65aa,S2,拡張パック「反逆クラッシュ」,swsh2_ja,https://scrydex.com/pokemon/expansions/rebellion-crash/swsh2_ja,108,108,Dragapult VMAX,HR,HR,,https://images.scrydex.com/pokemon/swsh2_ja-108/large,106,YES
ソード・シールド,7d28ee74-f539-44c6-9aa1-1af5bf6c65aa,S2,拡張パック「反逆クラッシュ」,swsh2_ja,https://scrydex.com/pokemon/expansions/rebellion-crash/swsh2_ja,109,109,Malamar VMAX,HR,HR,,https://images.scrydex.com/pokemon/swsh2_ja-109/large,106,YES
ソード・シールド,7d28ee74-f539-44c6-9aa1-1af5bf6c65aa,S2,拡張パック「反逆クラッシュ」,swsh2_ja,https://scrydex.com/pokemon/expansions/rebellion-crash/swsh2_ja,110,110,Copperajah VMAX,HR,HR,,https://images.scrydex.com/pokemon/swsh2_ja-110/large,106,YES
ソード・シールド,7d28ee74-f539-44c6-9aa1-1af5bf6c65aa,S2,拡張パック「反逆クラッシュ」,swsh2_ja,https://scrydex.com/pokemon/expansions/rebellion-crash/swsh2_ja,111,111,Oleana,HR,HR,,https://images.scrydex.com/pokemon/swsh2_ja-111/large,106,YES
ソード・シールド,7d28ee74-f539-44c6-9aa1-1af5bf6c65aa,S2,拡張パック「反逆クラッシュ」,swsh2_ja,https://scrydex.com/pokemon/expansions/rebellion-crash/swsh2_ja,112,112,Boss's Orders,HR,HR,,https://images.scrydex.com/pokemon/swsh2_ja-112/large,106,YES
ソード・シールド,7d28ee74-f539-44c6-9aa1-1af5bf6c65aa,S2,拡張パック「反逆クラッシュ」,swsh2_ja,https://scrydex.com/pokemon/expansions/rebellion-crash/swsh2_ja,113,113,Galarian Perrserker,UR,UR,,https://images.scrydex.com/pokemon/swsh2_ja-113/large,106,YES
ソード・シールド,7d28ee74-f539-44c6-9aa1-1af5bf6c65aa,S2,拡張パック「反逆クラッシュ」,swsh2_ja,https://scrydex.com/pokemon/expansions/rebellion-crash/swsh2_ja,114,114,Scoop Up Net,UR,UR,,https://images.scrydex.com/pokemon/swsh2_ja-114/large,106,YES
ソード・シールド,7d28ee74-f539-44c6-9aa1-1af5bf6c65aa,S2,拡張パック「反逆クラッシュ」,swsh2_ja,https://scrydex.com/pokemon/expansions/rebellion-crash/swsh2_ja,115,115,Tool Scrapper,UR,UR,,https://images.scrydex.com/pokemon/swsh2_ja-115/large,106,YES
ソード・シールド,c82f1d3a-3f74-454a-9a22-8ee9ac53e4e8,S3,拡張パック「ムゲンゾーン」,swsh3_ja,https://scrydex.com/pokemon/expansions/infinity-zone/swsh3_ja,111,111,Drednaw VMAX,HR,HR,,https://images.scrydex.com/pokemon/swsh3_ja-111/large,110,YES
ソード・シールド,c82f1d3a-3f74-454a-9a22-8ee9ac53e4e8,S3,拡張パック「ムゲンゾーン」,swsh3_ja,https://scrydex.com/pokemon/expansions/infinity-zone/swsh3_ja,112,112,Eternatus VMAX,HR,HR,,https://images.scrydex.com/pokemon/swsh3_ja-112/large,110,YES
ソード・シールド,c82f1d3a-3f74-454a-9a22-8ee9ac53e4e8,S3,拡張パック「ムゲンゾーン」,swsh3_ja,https://scrydex.com/pokemon/expansions/infinity-zone/swsh3_ja,113,113,Scizor VMAX,HR,HR,,https://images.scrydex.com/pokemon/swsh3_ja-113/large,110,YES
ソード・シールド,c82f1d3a-3f74-454a-9a22-8ee9ac53e4e8,S3,拡張パック「ムゲンゾーン」,swsh3_ja,https://scrydex.com/pokemon/expansions/infinity-zone/swsh3_ja,114,114,Salamence VMAX,HR,HR,,https://images.scrydex.com/pokemon/swsh3_ja-114/large,110,YES
ソード・シールド,c82f1d3a-3f74-454a-9a22-8ee9ac53e4e8,S3,拡張パック「ムゲンゾーン」,swsh3_ja,https://scrydex.com/pokemon/expansions/infinity-zone/swsh3_ja,115,115,Piers,HR,HR,,https://images.scrydex.com/pokemon/swsh3_ja-115/large,110,YES
ソード・シールド,c82f1d3a-3f74-454a-9a22-8ee9ac53e4e8,S3,拡張パック「ムゲンゾーン」,swsh3_ja,https://scrydex.com/pokemon/expansions/infinity-zone/swsh3_ja,116,116,Rose,HR,HR,,https://images.scrydex.com/pokemon/swsh3_ja-116/large,110,YES
ソード・シールド,c82f1d3a-3f74-454a-9a22-8ee9ac53e4e8,S3,拡張パック「ムゲンゾーン」,swsh3_ja,https://scrydex.com/pokemon/expansions/infinity-zone/swsh3_ja,117,117,Coalossal,UR,UR,,https://images.scrydex.com/pokemon/swsh3_ja-117/large,110,YES
ソード・シールド,c82f1d3a-3f74-454a-9a22-8ee9ac53e4e8,S3,拡張パック「ムゲンゾーン」,swsh3_ja,https://scrydex.com/pokemon/expansions/infinity-zone/swsh3_ja,118,118,Turbo Patch,UR,UR,,https://images.scrydex.com/pokemon/swsh3_ja-118/large,110,YES
ソード・シールド,c82f1d3a-3f74-454a-9a22-8ee9ac53e4e8,S3,拡張パック「ムゲンゾーン」,swsh3_ja,https://scrydex.com/pokemon/expansions/infinity-zone/swsh3_ja,119,119,Capture Energy,UR,UR,,https://images.scrydex.com/pokemon/swsh3_ja-119/large,110,YES
ソード・シールド,55532dfc-3744-4734-b6b3-db9157b43812,S4,拡張パック「仰天のボルテッカー」,swsh4_ja,https://scrydex.com/pokemon/expansions/amazing-volt-tackle/swsh4_ja,112,112,Orbeetle VMAX,HR,HR,,https://images.scrydex.com/pokemon/swsh4_ja-112/large,111,YES
ソード・シールド,55532dfc-3744-4734-b6b3-db9157b43812,S4,拡張パック「仰天のボルテッカー」,swsh4_ja,https://scrydex.com/pokemon/expansions/amazing-volt-tackle/swsh4_ja,113,113,Galarian Darmanitan VMAX,HR,HR,,https://images.scrydex.com/pokemon/swsh4_ja-113/large,111,YES
ソード・シールド,55532dfc-3744-4734-b6b3-db9157b43812,S4,拡張パック「仰天のボルテッカー」,swsh4_ja,https://scrydex.com/pokemon/expansions/amazing-volt-tackle/swsh4_ja,114,114,Pikachu VMAX,HR,HR,,https://images.scrydex.com/pokemon/swsh4_ja-114/large,111,YES
ソード・シールド,55532dfc-3744-4734-b6b3-db9157b43812,S4,拡張パック「仰天のボルテッカー」,swsh4_ja,https://scrydex.com/pokemon/expansions/amazing-volt-tackle/swsh4_ja,115,115,Aegislash VMAX,HR,HR,,https://images.scrydex.com/pokemon/swsh4_ja-115/large,111,YES
ソード・シールド,55532dfc-3744-4734-b6b3-db9157b43812,S4,拡張パック「仰天のボルテッカー」,swsh4_ja,https://scrydex.com/pokemon/expansions/amazing-volt-tackle/swsh4_ja,116,116,Bea,HR,HR,,https://images.scrydex.com/pokemon/swsh4_ja-116/large,111,YES
ソード・シールド,55532dfc-3744-4734-b6b3-db9157b43812,S4,拡張パック「仰天のボルテッカー」,swsh4_ja,https://scrydex.com/pokemon/expansions/amazing-volt-tackle/swsh4_ja,117,117,Leon,HR,HR,,https://images.scrydex.com/pokemon/swsh4_ja-117/large,111,YES
ソード・シールド,55532dfc-3744-4734-b6b3-db9157b43812,S4,拡張パック「仰天のボルテッカー」,swsh4_ja,https://scrydex.com/pokemon/expansions/amazing-volt-tackle/swsh4_ja,118,118,Nessa,HR,HR,,https://images.scrydex.com/pokemon/swsh4_ja-118/large,111,YES
ソード・シールド,55532dfc-3744-4734-b6b3-db9157b43812,S4,拡張パック「仰天のボルテッカー」,swsh4_ja,https://scrydex.com/pokemon/expansions/amazing-volt-tackle/swsh4_ja,119,119,Galarian Obstagoon,UR,UR,,https://images.scrydex.com/pokemon/swsh4_ja-119/large,111,YES
ソード・シールド,55532dfc-3744-4734-b6b3-db9157b43812,S4,拡張パック「仰天のボルテッカー」,swsh4_ja,https://scrydex.com/pokemon/expansions/amazing-volt-tackle/swsh4_ja,120,120,Telescopic Sight,UR,UR,,https://images.scrydex.com/pokemon/swsh4_ja-120/large,111,YES
ソード・シールド,55532dfc-3744-4734-b6b3-db9157b43812,S4,拡張パック「仰天のボルテッカー」,swsh4_ja,https://scrydex.com/pokemon/expansions/amazing-volt-tackle/swsh4_ja,121,121,Memory Capsule,UR,UR,,https://images.scrydex.com/pokemon/swsh4_ja-121/large,111,YES
ソード・シールド,b8da2cc6-5a50-4b94-898d-bbb675e70c0a,S5a,強化拡張パック「双璧のファイター」,swsh5a_ja,https://scrydex.com/pokemon/expansions/peerless-fighters/swsh5a_ja,85,85,Blaziken VMAX,HR,HR,,https://images.scrydex.com/pokemon/swsh5a_ja-85/large,84,YES
ソード・シールド,b8da2cc6-5a50-4b94-898d-bbb675e70c0a,S5a,強化拡張パック「双璧のファイター」,swsh5a_ja,https://scrydex.com/pokemon/expansions/peerless-fighters/swsh5a_ja,86,86,Blaziken VMAX,HR,HR,,https://images.scrydex.com/pokemon/swsh5a_ja-86/large,84,YES
ソード・シールド,b8da2cc6-5a50-4b94-898d-bbb675e70c0a,S5a,強化拡張パック「双璧のファイター」,swsh5a_ja,https://scrydex.com/pokemon/expansions/peerless-fighters/swsh5a_ja,87,87,Dracozolt VMAX,HR,HR,,https://images.scrydex.com/pokemon/swsh5a_ja-87/large,84,YES
ソード・シールド,b8da2cc6-5a50-4b94-898d-bbb675e70c0a,S5a,強化拡張パック「双璧のファイター」,swsh5a_ja,https://scrydex.com/pokemon/expansions/peerless-fighters/swsh5a_ja,88,88,Galarian Slowking VMAX,HR,HR,,https://images.scrydex.com/pokemon/swsh5a_ja-88/large,84,YES
ソード・シールド,b8da2cc6-5a50-4b94-898d-bbb675e70c0a,S5a,強化拡張パック「双璧のファイター」,swsh5a_ja,https://scrydex.com/pokemon/expansions/peerless-fighters/swsh5a_ja,89,89,Karen's Conviction,HR,HR,,https://images.scrydex.com/pokemon/swsh5a_ja-89/large,84,YES
ソード・シールド,b8da2cc6-5a50-4b94-898d-bbb675e70c0a,S5a,強化拡張パック「双璧のファイター」,swsh5a_ja,https://scrydex.com/pokemon/expansions/peerless-fighters/swsh5a_ja,90,90,Klara,HR,HR,,https://images.scrydex.com/pokemon/swsh5a_ja-90/large,84,YES
ソード・シールド,b8da2cc6-5a50-4b94-898d-bbb675e70c0a,S5a,強化拡張パック「双璧のファイター」,swsh5a_ja,https://scrydex.com/pokemon/expansions/peerless-fighters/swsh5a_ja,91,91,Avery,HR,HR,,https://images.scrydex.com/pokemon/swsh5a_ja-91/large,84,YES
ソード・シールド,b8da2cc6-5a50-4b94-898d-bbb675e70c0a,S5a,強化拡張パック「双璧のファイター」,swsh5a_ja,https://scrydex.com/pokemon/expansions/peerless-fighters/swsh5a_ja,92,92,Brawly,HR,HR,,https://images.scrydex.com/pokemon/swsh5a_ja-92/large,84,YES
ソード・シールド,b8da2cc6-5a50-4b94-898d-bbb675e70c0a,S5a,強化拡張パック「双璧のファイター」,swsh5a_ja,https://scrydex.com/pokemon/expansions/peerless-fighters/swsh5a_ja,93,93,Snorlax,UR,UR,,https://images.scrydex.com/pokemon/swsh5a_ja-93/large,84,YES
ソード・シールド,b8da2cc6-5a50-4b94-898d-bbb675e70c0a,S5a,強化拡張パック「双璧のファイター」,swsh5a_ja,https://scrydex.com/pokemon/expansions/peerless-fighters/swsh5a_ja,94,94,Fan of Waves,UR,UR,,https://images.scrydex.com/pokemon/swsh5a_ja-94/large,84,YES
ソード・シールド,b8da2cc6-5a50-4b94-898d-bbb675e70c0a,S5a,強化拡張パック「双璧のファイター」,swsh5a_ja,https://scrydex.com/pokemon/expansions/peerless-fighters/swsh5a_ja,95,95,Urn of Vitality,UR,UR,,https://images.scrydex.com/pokemon/swsh5a_ja-95/large,84,YES
ソード・シールド,b8da2cc6-5a50-4b94-898d-bbb675e70c0a,S5a,強化拡張パック「双璧のファイター」,swsh5a_ja,https://scrydex.com/pokemon/expansions/peerless-fighters/swsh5a_ja,96,96,Fighting Energy,UR,UR,,https://images.scrydex.com/pokemon/swsh5a_ja-96/large,84,YES
ソード・シールド,d67a90e5-6bf3-4a5b-8181-26f09eca8a1b,S7R,拡張パック「蒼空ストリーム」,swsh7r_ja,https://scrydex.com/pokemon/expansions/blue-sky-stream/swsh7r_ja,80,80,Trevenant VMAX,HR,HR,,https://images.scrydex.com/pokemon/swsh7r_ja-80/large,79,YES
ソード・シールド,d67a90e5-6bf3-4a5b-8181-26f09eca8a1b,S7R,拡張パック「蒼空ストリーム」,swsh7r_ja,https://scrydex.com/pokemon/expansions/blue-sky-stream/swsh7r_ja,81,81,Gyarados VMAX,HR,HR,,https://images.scrydex.com/pokemon/swsh7r_ja-81/large,79,YES
ソード・シールド,d67a90e5-6bf3-4a5b-8181-26f09eca8a1b,S7R,拡張パック「蒼空ストリーム」,swsh7r_ja,https://scrydex.com/pokemon/expansions/blue-sky-stream/swsh7r_ja,82,82,Rayquaza VMAX,HR,HR,,https://images.scrydex.com/pokemon/swsh7r_ja-82/large,79,YES
ソード・シールド,d67a90e5-6bf3-4a5b-8181-26f09eca8a1b,S7R,拡張パック「蒼空ストリーム」,swsh7r_ja,https://scrydex.com/pokemon/expansions/blue-sky-stream/swsh7r_ja,83,83,Rayquaza VMAX,HR,HR,,https://images.scrydex.com/pokemon/swsh7r_ja-83/large,79,YES
ソード・シールド,d67a90e5-6bf3-4a5b-8181-26f09eca8a1b,S7R,拡張パック「蒼空ストリーム」,swsh7r_ja,https://scrydex.com/pokemon/expansions/blue-sky-stream/swsh7r_ja,84,84,Shauna,HR,HR,,https://images.scrydex.com/pokemon/swsh7r_ja-84/large,79,YES
ソード・シールド,d67a90e5-6bf3-4a5b-8181-26f09eca8a1b,S7R,拡張パック「蒼空ストリーム」,swsh7r_ja,https://scrydex.com/pokemon/expansions/blue-sky-stream/swsh7r_ja,85,85,Schoolboy,HR,HR,,https://images.scrydex.com/pokemon/swsh7r_ja-85/large,79,YES
ソード・シールド,d67a90e5-6bf3-4a5b-8181-26f09eca8a1b,S7R,拡張パック「蒼空ストリーム」,swsh7r_ja,https://scrydex.com/pokemon/expansions/blue-sky-stream/swsh7r_ja,86,86,Zinnia's Resolve,HR,HR,,https://images.scrydex.com/pokemon/swsh7r_ja-86/large,79,YES
ソード・シールド,d67a90e5-6bf3-4a5b-8181-26f09eca8a1b,S7R,拡張パック「蒼空ストリーム」,swsh7r_ja,https://scrydex.com/pokemon/expansions/blue-sky-stream/swsh7r_ja,87,87,Froslass,UR,UR,,https://images.scrydex.com/pokemon/swsh7r_ja-87/large,79,YES
ソード・シールド,d67a90e5-6bf3-4a5b-8181-26f09eca8a1b,S7R,拡張パック「蒼空ストリーム」,swsh7r_ja,https://scrydex.com/pokemon/expansions/blue-sky-stream/swsh7r_ja,88,88,Toy Catcher,UR,UR,,https://images.scrydex.com/pokemon/swsh7r_ja-88/large,79,YES
ソード・シールド,d67a90e5-6bf3-4a5b-8181-26f09eca8a1b,S7R,拡張パック「蒼空ストリーム」,swsh7r_ja,https://scrydex.com/pokemon/expansions/blue-sky-stream/swsh7r_ja,89,89,Stormy Mountains,UR,UR,,https://images.scrydex.com/pokemon/swsh7r_ja-89/large,79,YES
ソード・シールド,d67a90e5-6bf3-4a5b-8181-26f09eca8a1b,S7R,拡張パック「蒼空ストリーム」,swsh7r_ja,https://scrydex.com/pokemon/expansions/blue-sky-stream/swsh7r_ja,90,90,Lightning Energy,UR,UR,,https://images.scrydex.com/pokemon/swsh7r_ja-90/large,79,YES
BWシリーズ,20672802-91f9-40b4-909f-312ffba0dd5b,BW4-B,ポケモンカードゲームBW 拡張パック「ダークラッシュ」,bw4_ja,https://scrydex.com/pokemon/expansions/dark-rush/bw4_ja,70,70,Entei-EX,SR,SR,,https://images.scrydex.com/pokemon/bw4_ja-70/large,69,YES
BWシリーズ,20672802-91f9-40b4-909f-312ffba0dd5b,BW4-B,ポケモンカードゲームBW 拡張パック「ダークラッシュ」,bw4_ja,https://scrydex.com/pokemon/expansions/dark-rush/bw4_ja,71,71,Raikou-EX,SR,SR,,https://images.scrydex.com/pokemon/bw4_ja-71/large,69,YES
BWシリーズ,20672802-91f9-40b4-909f-312ffba0dd5b,BW4-B,ポケモンカードゲームBW 拡張パック「ダークラッシュ」,bw4_ja,https://scrydex.com/pokemon/expansions/dark-rush/bw4_ja,72,72,Darkrai-EX,SR,SR,,https://images.scrydex.com/pokemon/bw4_ja-72/large,69,YES
BWシリーズ,20672802-91f9-40b4-909f-312ffba0dd5b,BW4-B,ポケモンカードゲームBW 拡張パック「ダークラッシュ」,bw4_ja,https://scrydex.com/pokemon/expansions/dark-rush/bw4_ja,73,73,Tornadus-EX,SR,SR,,https://images.scrydex.com/pokemon/bw4_ja-73/large,69,YES
BWシリーズ,20672802-91f9-40b4-909f-312ffba0dd5b,BW4-B,ポケモンカードゲームBW 拡張パック「ダークラッシュ」,bw4_ja,https://scrydex.com/pokemon/expansions/dark-rush/bw4_ja,74,74,Gardevoir,UR,UR,,https://images.scrydex.com/pokemon/bw4_ja-74/large,69,YES
BWシリーズ,20672802-91f9-40b4-909f-312ffba0dd5b,BW4-B,ポケモンカードゲームBW 拡張パック「ダークラッシュ」,bw4_ja,https://scrydex.com/pokemon/expansions/dark-rush/bw4_ja,75,75,Archeops,UR,UR,,https://images.scrydex.com/pokemon/bw4_ja-75/large,69,YES
BWシリーズ,20672802-91f9-40b4-909f-312ffba0dd5b,BW4-B,ポケモンカードゲームBW 拡張パック「ダークラッシュ」,bw4_ja,https://scrydex.com/pokemon/expansions/dark-rush/bw4_ja,76,76,Pokémon Catcher,UR,UR,,https://images.scrydex.com/pokemon/bw4_ja-76/large,69,YES
BWシリーズ,790d2460-b945-4a62-ac80-f5a10254b191,BW5-Brz,ポケモンカードゲームBW　拡張パック「リューズブラスト」,bw5s_ja,https://scrydex.com/pokemon/expansions/dragon-blast/bw5s_ja,51,51,Mew-EX,SR,SR,,https://images.scrydex.com/pokemon/bw5s_ja-51/large,50,YES
BWシリーズ,790d2460-b945-4a62-ac80-f5a10254b191,BW5-Brz,ポケモンカードゲームBW　拡張パック「リューズブラスト」,bw5s_ja,https://scrydex.com/pokemon/expansions/dragon-blast/bw5s_ja,52,52,Terrakion-EX,SR,SR,,https://images.scrydex.com/pokemon/bw5s_ja-52/large,50,YES
BWシリーズ,790d2460-b945-4a62-ac80-f5a10254b191,BW5-Brz,ポケモンカードゲームBW　拡張パック「リューズブラスト」,bw5s_ja,https://scrydex.com/pokemon/expansions/dragon-blast/bw5s_ja,53,53,Giratina-EX,SR,SR,,https://images.scrydex.com/pokemon/bw5s_ja-53/large,50,YES
BWシリーズ,790d2460-b945-4a62-ac80-f5a10254b191,BW5-Brz,ポケモンカードゲームBW　拡張パック「リューズブラスト」,bw5s_ja,https://scrydex.com/pokemon/expansions/dragon-blast/bw5s_ja,54,54,Reuniclus,UR,UR,,https://images.scrydex.com/pokemon/bw5s_ja-54/large,50,YES
BWシリーズ,790d2460-b945-4a62-ac80-f5a10254b191,BW5-Brz,ポケモンカードゲームBW　拡張パック「リューズブラスト」,bw5s_ja,https://scrydex.com/pokemon/expansions/dragon-blast/bw5s_ja,55,55,Rayquaza,UR,UR,,https://images.scrydex.com/pokemon/bw5s_ja-55/large,50,YES
BWシリーズ,b0253502-abfb-4157-a4fc-41821a8bd9f6,BW6-Bf,ポケモンカードゲームBW 拡張パック「フリーズボルト」,bw6f_ja,https://scrydex.com/pokemon/expansions/freeze-bolt/bw6f_ja,60,60,Cresselia-EX,SR,SR,,https://images.scrydex.com/pokemon/bw6f_ja-60/large,59,YES
BWシリーズ,b0253502-abfb-4157-a4fc-41821a8bd9f6,BW6-Bf,ポケモンカードゲームBW 拡張パック「フリーズボルト」,bw6f_ja,https://scrydex.com/pokemon/expansions/freeze-bolt/bw6f_ja,61,61,Landorus-EX,SR,SR,,https://images.scrydex.com/pokemon/bw6f_ja-61/large,59,YES
BWシリーズ,b0253502-abfb-4157-a4fc-41821a8bd9f6,BW6-Bf,ポケモンカードゲームBW 拡張パック「フリーズボルト」,bw6f_ja,https://scrydex.com/pokemon/expansions/freeze-bolt/bw6f_ja,62,62,Black Kyurem-EX,SR,SR,,https://images.scrydex.com/pokemon/bw6f_ja-62/large,59,YES
BWシリーズ,b0253502-abfb-4157-a4fc-41821a8bd9f6,BW6-Bf,ポケモンカードゲームBW 拡張パック「フリーズボルト」,bw6f_ja,https://scrydex.com/pokemon/expansions/freeze-bolt/bw6f_ja,63,63,Cheren,SR,SR,,https://images.scrydex.com/pokemon/bw6f_ja-63/large,59,YES
BWシリーズ,b0253502-abfb-4157-a4fc-41821a8bd9f6,BW6-Bf,ポケモンカードゲームBW 拡張パック「フリーズボルト」,bw6f_ja,https://scrydex.com/pokemon/expansions/freeze-bolt/bw6f_ja,64,64,Golurk,UR,UR,,https://images.scrydex.com/pokemon/bw6f_ja-64/large,59,YES
BWシリーズ,b0253502-abfb-4157-a4fc-41821a8bd9f6,BW6-Bf,ポケモンカードゲームBW 拡張パック「フリーズボルト」,bw6f_ja,https://scrydex.com/pokemon/expansions/freeze-bolt/bw6f_ja,65,65,Rocky Helmet,UR,UR,,https://images.scrydex.com/pokemon/bw6f_ja-65/large,59,YES
BWシリーズ,3b23961b-060c-4eec-b215-11dcd659f7a9,BW8-Brf,ポケモンカードゲームBW 拡張パック「ラセンフォース」,bw8s_ja,https://scrydex.com/pokemon/expansions/spiral-force/bw8s_ja,52,52,Heatran-EX,SR,SR,,https://images.scrydex.com/pokemon/bw8s_ja-52/large,51,YES
BWシリーズ,3b23961b-060c-4eec-b215-11dcd659f7a9,BW8-Brf,ポケモンカードゲームBW 拡張パック「ラセンフォース」,bw8s_ja,https://scrydex.com/pokemon/expansions/spiral-force/bw8s_ja,53,53,Deoxys-EX,SR,SR,,https://images.scrydex.com/pokemon/bw8s_ja-53/large,51,YES
BWシリーズ,3b23961b-060c-4eec-b215-11dcd659f7a9,BW8-Brf,ポケモンカードゲームBW 拡張パック「ラセンフォース」,bw8s_ja,https://scrydex.com/pokemon/expansions/spiral-force/bw8s_ja,54,54,Latios-EX,SR,SR,,https://images.scrydex.com/pokemon/bw8s_ja-54/large,51,YES
BWシリーズ,3b23961b-060c-4eec-b215-11dcd659f7a9,BW8-Brf,ポケモンカードゲームBW 拡張パック「ラセンフォース」,bw8s_ja,https://scrydex.com/pokemon/expansions/spiral-force/bw8s_ja,55,55,Ghetsis,SR,SR,,https://images.scrydex.com/pokemon/bw8s_ja-55/large,51,YES
BWシリーズ,3b23961b-060c-4eec-b215-11dcd659f7a9,BW8-Brf,ポケモンカードゲームBW 拡張パック「ラセンフォース」,bw8s_ja,https://scrydex.com/pokemon/expansions/spiral-force/bw8s_ja,56,56,Empoleon,UR,UR,,https://images.scrydex.com/pokemon/bw8s_ja-56/large,51,YES
BWシリーズ,3b23961b-060c-4eec-b215-11dcd659f7a9,BW8-Brf,ポケモンカードゲームBW 拡張パック「ラセンフォース」,bw8s_ja,https://scrydex.com/pokemon/expansions/spiral-force/bw8s_ja,57,57,Sigilyph,UR,UR,,https://images.scrydex.com/pokemon/bw8s_ja-57/large,51,YES
BWシリーズ,3b23961b-060c-4eec-b215-11dcd659f7a9,BW8-Brf,ポケモンカードゲームBW 拡張パック「ラセンフォース」,bw8s_ja,https://scrydex.com/pokemon/expansions/spiral-force/bw8s_ja,58,58,Ultra Ball,UR,UR,,https://images.scrydex.com/pokemon/bw8s_ja-58/large,51,YES
BWシリーズ,2f7aa653-531c-4744-b532-e3fead1dfa1f,BW9-B,ポケモンカードゲームBW 拡張パック「メガロキャノン」,bw9_ja,https://scrydex.com/pokemon/expansions/megalo-cannon/bw9_ja,77,77,Virizion-EX,SR,SR,,https://images.scrydex.com/pokemon/bw9_ja-77/large,76,YES
BWシリーズ,2f7aa653-531c-4744-b532-e3fead1dfa1f,BW9-B,ポケモンカードゲームBW 拡張パック「メガロキャノン」,bw9_ja,https://scrydex.com/pokemon/expansions/megalo-cannon/bw9_ja,78,78,Genesect-EX,SR,SR,,https://images.scrydex.com/pokemon/bw9_ja-78/large,76,YES
BWシリーズ,2f7aa653-531c-4744-b532-e3fead1dfa1f,BW9-B,ポケモンカードゲームBW 拡張パック「メガロキャノン」,bw9_ja,https://scrydex.com/pokemon/expansions/megalo-cannon/bw9_ja,79,79,Jirachi-EX,SR,SR,,https://images.scrydex.com/pokemon/bw9_ja-79/large,76,YES
BWシリーズ,2f7aa653-531c-4744-b532-e3fead1dfa1f,BW9-B,ポケモンカードゲームBW 拡張パック「メガロキャノン」,bw9_ja,https://scrydex.com/pokemon/expansions/megalo-cannon/bw9_ja,80,80,Dialga-EX,SR,SR,,https://images.scrydex.com/pokemon/bw9_ja-80/large,76,YES
BWシリーズ,2f7aa653-531c-4744-b532-e3fead1dfa1f,BW9-B,ポケモンカードゲームBW 拡張パック「メガロキャノン」,bw9_ja,https://scrydex.com/pokemon/expansions/megalo-cannon/bw9_ja,81,81,Palkia-EX,SR,SR,,https://images.scrydex.com/pokemon/bw9_ja-81/large,76,YES
BWシリーズ,2f7aa653-531c-4744-b532-e3fead1dfa1f,BW9-B,ポケモンカードゲームBW 拡張パック「メガロキャノン」,bw9_ja,https://scrydex.com/pokemon/expansions/megalo-cannon/bw9_ja,82,82,Iris,SR,SR,,https://images.scrydex.com/pokemon/bw9_ja-82/large,76,YES
BWシリーズ,2f7aa653-531c-4744-b532-e3fead1dfa1f,BW9-B,ポケモンカードゲームBW 拡張パック「メガロキャノン」,bw9_ja,https://scrydex.com/pokemon/expansions/megalo-cannon/bw9_ja,83,83,Exeggcute,UR,UR,,https://images.scrydex.com/pokemon/bw9_ja-83/large,76,YES
BWシリーズ,2f7aa653-531c-4744-b532-e3fead1dfa1f,BW9-B,ポケモンカードゲームBW 拡張パック「メガロキャノン」,bw9_ja,https://scrydex.com/pokemon/expansions/megalo-cannon/bw9_ja,84,84,Virizion,UR,UR,,https://images.scrydex.com/pokemon/bw9_ja-84/large,76,YES
BWシリーズ,2f7aa653-531c-4744-b532-e3fead1dfa1f,BW9-B,ポケモンカードゲームBW 拡張パック「メガロキャノン」,bw9_ja,https://scrydex.com/pokemon/expansions/megalo-cannon/bw9_ja,85,85,Dusknoir,UR,UR,,https://images.scrydex.com/pokemon/bw9_ja-85/large,76,YES
BWシリーズ,2f7aa653-531c-4744-b532-e3fead1dfa1f,BW9-B,ポケモンカードゲームBW 拡張パック「メガロキャノン」,bw9_ja,https://scrydex.com/pokemon/expansions/megalo-cannon/bw9_ja,86,86,Rare Candy,UR,UR,,https://images.scrydex.com/pokemon/bw9_ja-86/large,76,YES
XYシリーズ,a0688785-c0ff-43fa-84fa-48d14432b701,XY,ハイクラスパック「THE BEST OF XY」,xy_ja,https://scrydex.com/pokemon/expansions/the-best-of-xy/xy_ja,187,187,Yveltal-EX,,—,,https://images.scrydex.com/pokemon/xy_ja-187/large,186,YES
XYシリーズ,a0688785-c0ff-43fa-84fa-48d14432b701,XY,ハイクラスパック「THE BEST OF XY」,xy_ja,https://scrydex.com/pokemon/expansions/the-best-of-xy/xy_ja,188,188,Shaymin-EX,,—,,https://images.scrydex.com/pokemon/xy_ja-188/large,186,YES
ソード・シールド,92b1b2b5-1413-4667-96da-f6302db14a80,S1H,拡張パック「シールド」,swsh1h_ja,https://scrydex.com/pokemon/expansions/shield/swsh1h_ja,69,69,Morpeko VMAX,HR,HR,,https://images.scrydex.com/pokemon/swsh1h_ja-69/large,68,YES
ソード・シールド,92b1b2b5-1413-4667-96da-f6302db14a80,S1H,拡張パック「シールド」,swsh1h_ja,https://scrydex.com/pokemon/expansions/shield/swsh1h_ja,70,70,Snorlax VMAX,HR,HR,,https://images.scrydex.com/pokemon/swsh1h_ja-70/large,68,YES
ソード・シールド,92b1b2b5-1413-4667-96da-f6302db14a80,S1H,拡張パック「シールド」,swsh1h_ja,https://scrydex.com/pokemon/expansions/shield/swsh1h_ja,71,71,Team Yell Grunt,HR,HR,,https://images.scrydex.com/pokemon/swsh1h_ja-71/large,68,YES
ソード・シールド,92b1b2b5-1413-4667-96da-f6302db14a80,S1H,拡張パック「シールド」,swsh1h_ja,https://scrydex.com/pokemon/expansions/shield/swsh1h_ja,72,72,Marnie,HR,HR,,https://images.scrydex.com/pokemon/swsh1h_ja-72/large,68,YES
ソード・シールド,92b1b2b5-1413-4667-96da-f6302db14a80,S1H,拡張パック「シールド」,swsh1h_ja,https://scrydex.com/pokemon/expansions/shield/swsh1h_ja,73,73,Zamazenta V,UR,UR,,https://images.scrydex.com/pokemon/swsh1h_ja-73/large,68,YES
ソード・シールド,92b1b2b5-1413-4667-96da-f6302db14a80,S1H,拡張パック「シールド」,swsh1h_ja,https://scrydex.com/pokemon/expansions/shield/swsh1h_ja,74,74,Quick Ball,UR,UR,,https://images.scrydex.com/pokemon/swsh1h_ja-74/large,68,YES
ソード・シールド,92b1b2b5-1413-4667-96da-f6302db14a80,S1H,拡張パック「シールド」,swsh1h_ja,https://scrydex.com/pokemon/expansions/shield/swsh1h_ja,75,75,Metal Saucer,UR,UR,,https://images.scrydex.com/pokemon/swsh1h_ja-75/large,68,YES
ソード・シールド,692e5d4f-0da6-4011-a12c-ffdb1309cba4,S1a,強化拡張パック「VMAXライジング」,swsh1a_ja,https://scrydex.com/pokemon/expansions/vmax-rising/swsh1a_ja,79,79,Rillaboom VMAX,HR,HR,,https://images.scrydex.com/pokemon/swsh1a_ja-79/large,78,YES
ソード・シールド,692e5d4f-0da6-4011-a12c-ffdb1309cba4,S1a,強化拡張パック「VMAXライジング」,swsh1a_ja,https://scrydex.com/pokemon/expansions/vmax-rising/swsh1a_ja,80,80,Cinderace VMAX,HR,HR,,https://images.scrydex.com/pokemon/swsh1a_ja-80/large,78,YES
ソード・シールド,692e5d4f-0da6-4011-a12c-ffdb1309cba4,S1a,強化拡張パック「VMAXライジング」,swsh1a_ja,https://scrydex.com/pokemon/expansions/vmax-rising/swsh1a_ja,81,81,Inteleon VMAX,HR,HR,,https://images.scrydex.com/pokemon/swsh1a_ja-81/large,78,YES
ソード・シールド,692e5d4f-0da6-4011-a12c-ffdb1309cba4,S1a,強化拡張パック「VMAXライジング」,swsh1a_ja,https://scrydex.com/pokemon/expansions/vmax-rising/swsh1a_ja,82,82,Sonia,HR,HR,,https://images.scrydex.com/pokemon/swsh1a_ja-82/large,78,YES
ソード・シールド,692e5d4f-0da6-4011-a12c-ffdb1309cba4,S1a,強化拡張パック「VMAXライジング」,swsh1a_ja,https://scrydex.com/pokemon/expansions/vmax-rising/swsh1a_ja,83,83,Milo,HR,HR,,https://images.scrydex.com/pokemon/swsh1a_ja-83/large,78,YES
ソード・シールド,692e5d4f-0da6-4011-a12c-ffdb1309cba4,S1a,強化拡張パック「VMAXライジング」,swsh1a_ja,https://scrydex.com/pokemon/expansions/vmax-rising/swsh1a_ja,84,84,Frosmoth,UR,UR,,https://images.scrydex.com/pokemon/swsh1a_ja-84/large,78,YES
ソード・シールド,692e5d4f-0da6-4011-a12c-ffdb1309cba4,S1a,強化拡張パック「VMAXライジング」,swsh1a_ja,https://scrydex.com/pokemon/expansions/vmax-rising/swsh1a_ja,85,85,Big Charm,UR,UR,,https://images.scrydex.com/pokemon/swsh1a_ja-85/large,78,YES
ソード・シールド,692e5d4f-0da6-4011-a12c-ffdb1309cba4,S1a,強化拡張パック「VMAXライジング」,swsh1a_ja,https://scrydex.com/pokemon/expansions/vmax-rising/swsh1a_ja,86,86,Twin Energy,UR,UR,,https://images.scrydex.com/pokemon/swsh1a_ja-86/large,78,YES
ソード・シールド,34f34ce8-d9b4-4c63-9460-a26290607bc5,S2a,強化拡張パック「爆炎ウォーカー」,swsh2a_ja,https://scrydex.com/pokemon/expansions/explosive-walker/swsh2a_ja,79,79,Butterfree VMAX,HR,HR,,https://images.scrydex.com/pokemon/swsh2a_ja-79/large,78,YES
ソード・シールド,34f34ce8-d9b4-4c63-9460-a26290607bc5,S2a,強化拡張パック「爆炎ウォーカー」,swsh2a_ja,https://scrydex.com/pokemon/expansions/explosive-walker/swsh2a_ja,80,80,Centiskorch VMAX,HR,HR,,https://images.scrydex.com/pokemon/swsh2a_ja-80/large,78,YES
ソード・シールド,34f34ce8-d9b4-4c63-9460-a26290607bc5,S2a,強化拡張パック「爆炎ウォーカー」,swsh2a_ja,https://scrydex.com/pokemon/expansions/explosive-walker/swsh2a_ja,81,81,Gardevoir VMAX,HR,HR,,https://images.scrydex.com/pokemon/swsh2a_ja-81/large,78,YES
ソード・シールド,34f34ce8-d9b4-4c63-9460-a26290607bc5,S2a,強化拡張パック「爆炎ウォーカー」,swsh2a_ja,https://scrydex.com/pokemon/expansions/explosive-walker/swsh2a_ja,82,82,Kabu,HR,HR,,https://images.scrydex.com/pokemon/swsh2a_ja-82/large,78,YES
ソード・シールド,34f34ce8-d9b4-4c63-9460-a26290607bc5,S2a,強化拡張パック「爆炎ウォーカー」,swsh2a_ja,https://scrydex.com/pokemon/expansions/explosive-walker/swsh2a_ja,83,83,Pokémon Breeder's Nurturing,HR,HR,,https://images.scrydex.com/pokemon/swsh2a_ja-83/large,78,YES
ソード・シールド,34f34ce8-d9b4-4c63-9460-a26290607bc5,S2a,強化拡張パック「爆炎ウォーカー」,swsh2a_ja,https://scrydex.com/pokemon/expansions/explosive-walker/swsh2a_ja,84,84,Rillaboom,UR,UR,,https://images.scrydex.com/pokemon/swsh2a_ja-84/large,78,YES
ソード・シールド,34f34ce8-d9b4-4c63-9460-a26290607bc5,S2a,強化拡張パック「爆炎ウォーカー」,swsh2a_ja,https://scrydex.com/pokemon/expansions/explosive-walker/swsh2a_ja,85,85,Suspicious Food Tin,UR,UR,,https://images.scrydex.com/pokemon/swsh2a_ja-85/large,78,YES
ソード・シールド,34f34ce8-d9b4-4c63-9460-a26290607bc5,S2a,強化拡張パック「爆炎ウォーカー」,swsh2a_ja,https://scrydex.com/pokemon/expansions/explosive-walker/swsh2a_ja,86,86,Big Parasol,UR,UR,,https://images.scrydex.com/pokemon/swsh2a_ja-86/large,78,YES
ソード・シールド,5ef17897-aa4b-47b6-ba3f-437267d27a85,S3a,強化拡張パック「伝説の鼓動」,swsh3a_ja,https://scrydex.com/pokemon/expansions/legendary-heartbeat/swsh3a_ja,86,86,Alcremie VMAX,HR,HR,,https://images.scrydex.com/pokemon/swsh3a_ja-86/large,85,YES
ソード・シールド,5ef17897-aa4b-47b6-ba3f-437267d27a85,S3a,強化拡張パック「伝説の鼓動」,swsh3a_ja,https://scrydex.com/pokemon/expansions/legendary-heartbeat/swsh3a_ja,87,87,Coalossal VMAX,HR,HR,,https://images.scrydex.com/pokemon/swsh3a_ja-87/large,85,YES
ソード・シールド,5ef17897-aa4b-47b6-ba3f-437267d27a85,S3a,強化拡張パック「伝説の鼓動」,swsh3a_ja,https://scrydex.com/pokemon/expansions/legendary-heartbeat/swsh3a_ja,88,88,Togekiss VMAX,HR,HR,,https://images.scrydex.com/pokemon/swsh3a_ja-88/large,85,YES
ソード・シールド,5ef17897-aa4b-47b6-ba3f-437267d27a85,S3a,強化拡張パック「伝説の鼓動」,swsh3a_ja,https://scrydex.com/pokemon/expansions/legendary-heartbeat/swsh3a_ja,89,89,Beauty,HR,HR,,https://images.scrydex.com/pokemon/swsh3a_ja-89/large,85,YES
ソード・シールド,5ef17897-aa4b-47b6-ba3f-437267d27a85,S3a,強化拡張パック「伝説の鼓動」,swsh3a_ja,https://scrydex.com/pokemon/expansions/legendary-heartbeat/swsh3a_ja,90,90,Allister,HR,HR,,https://images.scrydex.com/pokemon/swsh3a_ja-90/large,85,YES
ソード・シールド,5ef17897-aa4b-47b6-ba3f-437267d27a85,S3a,強化拡張パック「伝説の鼓動」,swsh3a_ja,https://scrydex.com/pokemon/expansions/legendary-heartbeat/swsh3a_ja,91,91,Opal,HR,HR,,https://images.scrydex.com/pokemon/swsh3a_ja-91/large,85,YES
ソード・シールド,5ef17897-aa4b-47b6-ba3f-437267d27a85,S3a,強化拡張パック「伝説の鼓動」,swsh3a_ja,https://scrydex.com/pokemon/expansions/legendary-heartbeat/swsh3a_ja,92,92,Oranguru,UR,UR,,https://images.scrydex.com/pokemon/swsh3a_ja-92/large,85,YES
ソード・シールド,5ef17897-aa4b-47b6-ba3f-437267d27a85,S3a,強化拡張パック「伝説の鼓動」,swsh3a_ja,https://scrydex.com/pokemon/expansions/legendary-heartbeat/swsh3a_ja,93,93,Hero's Medal,UR,UR,,https://images.scrydex.com/pokemon/swsh3a_ja-93/large,85,YES
ソード・シールド,5ef17897-aa4b-47b6-ba3f-437267d27a85,S3a,強化拡張パック「伝説の鼓動」,swsh3a_ja,https://scrydex.com/pokemon/expansions/legendary-heartbeat/swsh3a_ja,94,94,Cape of Toughness,UR,UR,,https://images.scrydex.com/pokemon/swsh3a_ja-94/large,85,YES
ソード・シールド,db89ab0e-03c2-433a-bbc0-771d17066a54,S5R,拡張パック「連撃マスター」,swsh5r_ja,https://scrydex.com/pokemon/expansions/rapid-strike-master/swsh5r_ja,82,82,Victini VMAX,HR,HR,,https://images.scrydex.com/pokemon/swsh5r_ja-82/large,81,YES
ソード・シールド,db89ab0e-03c2-433a-bbc0-771d17066a54,S5R,拡張パック「連撃マスター」,swsh5r_ja,https://scrydex.com/pokemon/expansions/rapid-strike-master/swsh5r_ja,83,83,Rapid Strike Urshifu VMAX,HR,HR,,https://images.scrydex.com/pokemon/swsh5r_ja-83/large,81,YES
ソード・シールド,db89ab0e-03c2-433a-bbc0-771d17066a54,S5R,拡張パック「連撃マスター」,swsh5r_ja,https://scrydex.com/pokemon/expansions/rapid-strike-master/swsh5r_ja,84,84,Rapid Strike Urshifu VMAX,HR,HR,,https://images.scrydex.com/pokemon/swsh5r_ja-84/large,81,YES
ソード・シールド,db89ab0e-03c2-433a-bbc0-771d17066a54,S5R,拡張パック「連撃マスター」,swsh5r_ja,https://scrydex.com/pokemon/expansions/rapid-strike-master/swsh5r_ja,85,85,Corviknight VMAX,HR,HR,,https://images.scrydex.com/pokemon/swsh5r_ja-85/large,81,YES
ソード・シールド,db89ab0e-03c2-433a-bbc0-771d17066a54,S5R,拡張パック「連撃マスター」,swsh5r_ja,https://scrydex.com/pokemon/expansions/rapid-strike-master/swsh5r_ja,86,86,Korrina's Focus,HR,HR,,https://images.scrydex.com/pokemon/swsh5r_ja-86/large,81,YES
ソード・シールド,db89ab0e-03c2-433a-bbc0-771d17066a54,S5R,拡張パック「連撃マスター」,swsh5r_ja,https://scrydex.com/pokemon/expansions/rapid-strike-master/swsh5r_ja,87,87,Rapid Strike Style Mustard,HR,HR,,https://images.scrydex.com/pokemon/swsh5r_ja-87/large,81,YES
ソード・シールド,db89ab0e-03c2-433a-bbc0-771d17066a54,S5R,拡張パック「連撃マスター」,swsh5r_ja,https://scrydex.com/pokemon/expansions/rapid-strike-master/swsh5r_ja,88,88,Cheryl,HR,HR,,https://images.scrydex.com/pokemon/swsh5r_ja-88/large,81,YES
ソード・シールド,db89ab0e-03c2-433a-bbc0-771d17066a54,S5R,拡張パック「連撃マスター」,swsh5r_ja,https://scrydex.com/pokemon/expansions/rapid-strike-master/swsh5r_ja,89,89,Octillery,UR,UR,,https://images.scrydex.com/pokemon/swsh5r_ja-89/large,81,YES
ソード・シールド,db89ab0e-03c2-433a-bbc0-771d17066a54,S5R,拡張パック「連撃マスター」,swsh5r_ja,https://scrydex.com/pokemon/expansions/rapid-strike-master/swsh5r_ja,90,90,Level Ball,UR,UR,,https://images.scrydex.com/pokemon/swsh5r_ja-90/large,81,YES
ソード・シールド,db89ab0e-03c2-433a-bbc0-771d17066a54,S5R,拡張パック「連撃マスター」,swsh5r_ja,https://scrydex.com/pokemon/expansions/rapid-strike-master/swsh5r_ja,91,91,Rapid Strike Energy,UR,UR,,https://images.scrydex.com/pokemon/swsh5r_ja-91/large,81,YES
ソード・シールド,a29ec842-6bdb-4f63-9b66-6d63ca4e67cf,S6a,強化拡張パック「イーブイヒーローズ」,swsh6a_ja,https://scrydex.com/pokemon/expansions/eevee-heroes/swsh6a_ja,88,88,Leafeon VMAX,HR,HR,,https://images.scrydex.com/pokemon/swsh6a_ja-88/large,87,YES
ソード・シールド,a29ec842-6bdb-4f63-9b66-6d63ca4e67cf,S6a,強化拡張パック「イーブイヒーローズ」,swsh6a_ja,https://scrydex.com/pokemon/expansions/eevee-heroes/swsh6a_ja,89,89,Leafeon VMAX,HR,HR,,https://images.scrydex.com/pokemon/swsh6a_ja-89/large,87,YES
ソード・シールド,a29ec842-6bdb-4f63-9b66-6d63ca4e67cf,S6a,強化拡張パック「イーブイヒーローズ」,swsh6a_ja,https://scrydex.com/pokemon/expansions/eevee-heroes/swsh6a_ja,90,90,Glaceon VMAX,HR,HR,,https://images.scrydex.com/pokemon/swsh6a_ja-90/large,87,YES
ソード・シールド,a29ec842-6bdb-4f63-9b66-6d63ca4e67cf,S6a,強化拡張パック「イーブイヒーローズ」,swsh6a_ja,https://scrydex.com/pokemon/expansions/eevee-heroes/swsh6a_ja,91,91,Glaceon VMAX,HR,HR,,https://images.scrydex.com/pokemon/swsh6a_ja-91/large,87,YES
ソード・シールド,a29ec842-6bdb-4f63-9b66-6d63ca4e67cf,S6a,強化拡張パック「イーブイヒーローズ」,swsh6a_ja,https://scrydex.com/pokemon/expansions/eevee-heroes/swsh6a_ja,92,92,Sylveon VMAX,HR,HR,,https://images.scrydex.com/pokemon/swsh6a_ja-92/large,87,YES
ソード・シールド,a29ec842-6bdb-4f63-9b66-6d63ca4e67cf,S6a,強化拡張パック「イーブイヒーローズ」,swsh6a_ja,https://scrydex.com/pokemon/expansions/eevee-heroes/swsh6a_ja,93,93,Sylveon VMAX,HR,HR,,https://images.scrydex.com/pokemon/swsh6a_ja-93/large,87,YES
ソード・シールド,a29ec842-6bdb-4f63-9b66-6d63ca4e67cf,S6a,強化拡張パック「イーブイヒーローズ」,swsh6a_ja,https://scrydex.com/pokemon/expansions/eevee-heroes/swsh6a_ja,94,94,Umbreon VMAX,HR,HR,,https://images.scrydex.com/pokemon/swsh6a_ja-94/large,87,YES
ソード・シールド,a29ec842-6bdb-4f63-9b66-6d63ca4e67cf,S6a,強化拡張パック「イーブイヒーローズ」,swsh6a_ja,https://scrydex.com/pokemon/expansions/eevee-heroes/swsh6a_ja,95,95,Umbreon VMAX,HR,HR,,https://images.scrydex.com/pokemon/swsh6a_ja-95/large,87,YES
ソード・シールド,a29ec842-6bdb-4f63-9b66-6d63ca4e67cf,S6a,強化拡張パック「イーブイヒーローズ」,swsh6a_ja,https://scrydex.com/pokemon/expansions/eevee-heroes/swsh6a_ja,96,96,Aroma Lady,HR,HR,,https://images.scrydex.com/pokemon/swsh6a_ja-96/large,87,YES
ソード・シールド,a29ec842-6bdb-4f63-9b66-6d63ca4e67cf,S6a,強化拡張パック「イーブイヒーローズ」,swsh6a_ja,https://scrydex.com/pokemon/expansions/eevee-heroes/swsh6a_ja,97,97,Gordie,HR,HR,,https://images.scrydex.com/pokemon/swsh6a_ja-97/large,87,YES
ソード・シールド,a29ec842-6bdb-4f63-9b66-6d63ca4e67cf,S6a,強化拡張パック「イーブイヒーローズ」,swsh6a_ja,https://scrydex.com/pokemon/expansions/eevee-heroes/swsh6a_ja,98,98,Inteleon,UR,UR,,https://images.scrydex.com/pokemon/swsh6a_ja-98/large,87,YES
ソード・シールド,a29ec842-6bdb-4f63-9b66-6d63ca4e67cf,S6a,強化拡張パック「イーブイヒーローズ」,swsh6a_ja,https://scrydex.com/pokemon/expansions/eevee-heroes/swsh6a_ja,99,99,Boost Shake,UR,UR,,https://images.scrydex.com/pokemon/swsh6a_ja-99/large,87,YES
ソード・シールド,a29ec842-6bdb-4f63-9b66-6d63ca4e67cf,S6a,強化拡張パック「イーブイヒーローズ」,swsh6a_ja,https://scrydex.com/pokemon/expansions/eevee-heroes/swsh6a_ja,100,100,Turffield Stadium,UR,UR,,https://images.scrydex.com/pokemon/swsh6a_ja-100/large,87,YES
ソード・シールド,a29ec842-6bdb-4f63-9b66-6d63ca4e67cf,S6a,強化拡張パック「イーブイヒーローズ」,swsh6a_ja,https://scrydex.com/pokemon/expansions/eevee-heroes/swsh6a_ja,101,101,Darkness Energy,UR,UR,,https://images.scrydex.com/pokemon/swsh6a_ja-101/large,87,YES
ソード・シールド,798983eb-5b45-49ab-b90a-339a8fd22b4a,S8a,拡張パック「25th ANNIVERSARY COLLECTION」,swsh8a_ja,https://scrydex.com/pokemon/expansions/25th-anniversary-collection/swsh8a_ja,30,30,Mew,UR,UR,,https://images.scrydex.com/pokemon/swsh8a_ja-30/large,29,YES
ソード・シールド,798983eb-5b45-49ab-b90a-339a8fd22b4a,S8a,拡張パック「25th ANNIVERSARY COLLECTION」,swsh8a_ja,https://scrydex.com/pokemon/expansions/25th-anniversary-collection/swsh8a_ja,31,31,Grass Energy,,—,,https://images.scrydex.com/pokemon/swsh8a_ja-31/large,29,YES
ソード・シールド,798983eb-5b45-49ab-b90a-339a8fd22b4a,S8a,拡張パック「25th ANNIVERSARY COLLECTION」,swsh8a_ja,https://scrydex.com/pokemon/expansions/25th-anniversary-collection/swsh8a_ja,32,32,Fire Energy,,—,,https://images.scrydex.com/pokemon/swsh8a_ja-32/large,29,YES
ソード・シールド,798983eb-5b45-49ab-b90a-339a8fd22b4a,S8a,拡張パック「25th ANNIVERSARY COLLECTION」,swsh8a_ja,https://scrydex.com/pokemon/expansions/25th-anniversary-collection/swsh8a_ja,33,33,Water Energy,,—,,https://images.scrydex.com/pokemon/swsh8a_ja-33/large,29,YES
ソード・シールド,798983eb-5b45-49ab-b90a-339a8fd22b4a,S8a,拡張パック「25th ANNIVERSARY COLLECTION」,swsh8a_ja,https://scrydex.com/pokemon/expansions/25th-anniversary-collection/swsh8a_ja,34,34,Lightning Energy,,—,,https://images.scrydex.com/pokemon/swsh8a_ja-34/large,29,YES
ソード・シールド,798983eb-5b45-49ab-b90a-339a8fd22b4a,S8a,拡張パック「25th ANNIVERSARY COLLECTION」,swsh8a_ja,https://scrydex.com/pokemon/expansions/25th-anniversary-collection/swsh8a_ja,35,35,Psychic Energy,,—,,https://images.scrydex.com/pokemon/swsh8a_ja-35/large,29,YES
ソード・シールド,798983eb-5b45-49ab-b90a-339a8fd22b4a,S8a,拡張パック「25th ANNIVERSARY COLLECTION」,swsh8a_ja,https://scrydex.com/pokemon/expansions/25th-anniversary-collection/swsh8a_ja,36,36,Fighting Energy,,—,,https://images.scrydex.com/pokemon/swsh8a_ja-36/large,29,YES
ソード・シールド,798983eb-5b45-49ab-b90a-339a8fd22b4a,S8a,拡張パック「25th ANNIVERSARY COLLECTION」,swsh8a_ja,https://scrydex.com/pokemon/expansions/25th-anniversary-collection/swsh8a_ja,37,37,Darkness Energy,,—,,https://images.scrydex.com/pokemon/swsh8a_ja-37/large,29,YES
ソード・シールド,798983eb-5b45-49ab-b90a-339a8fd22b4a,S8a,拡張パック「25th ANNIVERSARY COLLECTION」,swsh8a_ja,https://scrydex.com/pokemon/expansions/25th-anniversary-collection/swsh8a_ja,38,38,Metal Energy,,—,,https://images.scrydex.com/pokemon/swsh8a_ja-38/large,29,YES
ソード・シールド,259f0e66-c9f7-4fa0-909c-b6c3006b37b8,SGG,ハイクラスデッキ「ゲンガーVMAX」,sgg_ja,https://scrydex.com/pokemon/expansions/gengar-vmax-high-class-deck/sgg_ja,21,21,Darkness Energy,,—,,https://images.scrydex.com/pokemon/sgg_ja-21/large,20,YES
XYシリーズ,6ba347c2-db70-4a00-bd67-01f48ceff2f5,XY2,ポケモンカードゲームXY 拡張パック「ワイルドブレイズ」,xy2_ja,https://scrydex.com/pokemon/expansions/wild-blaze/xy2_ja,88,88,M Charizard-EX,UR,UR,,https://images.scrydex.com/pokemon/xy2_ja-88/large,87,YES
XYシリーズ,6ba347c2-db70-4a00-bd67-01f48ceff2f5,XY2,ポケモンカードゲームXY 拡張パック「ワイルドブレイズ」,xy2_ja,https://scrydex.com/pokemon/expansions/wild-blaze/xy2_ja,89,89,M Charizard-EX,UR,UR,,https://images.scrydex.com/pokemon/xy2_ja-89/large,87,YES
XYシリーズ,6ba347c2-db70-4a00-bd67-01f48ceff2f5,XY2,ポケモンカードゲームXY 拡張パック「ワイルドブレイズ」,xy2_ja,https://scrydex.com/pokemon/expansions/wild-blaze/xy2_ja,90,90,M Kangaskhan-EX,UR,UR,,https://images.scrydex.com/pokemon/xy2_ja-90/large,87,YES
XYシリーズ,c5895636-5372-42da-a880-777a0a52416a,XY4,ポケモンカードゲームXY 拡張パック「ファントムゲート」,xy4_ja,https://scrydex.com/pokemon/expansions/phantom-gate/xy4_ja,96,96,M Manectric-EX,UR,UR,,https://images.scrydex.com/pokemon/xy4_ja-96/large,95,YES
XYシリーズ,c5895636-5372-42da-a880-777a0a52416a,XY4,ポケモンカードゲームXY 拡張パック「ファントムゲート」,xy4_ja,https://scrydex.com/pokemon/expansions/phantom-gate/xy4_ja,97,97,M Gengar-EX,UR,UR,,https://images.scrydex.com/pokemon/xy4_ja-97/large,95,YES
XYシリーズ,a03039bf-3a15-4b15-9d4f-634488fa9e48,XY5-Bt,ポケモンカードゲームXY 拡張パック「タイダルストーム」,xy5t_ja,https://scrydex.com/pokemon/expansions/tidal-storm/xy5t_ja,79,79,Enhanced Hammer,UR,UR,,https://images.scrydex.com/pokemon/xy5t_ja-79/large,78,YES
XYシリーズ,a03039bf-3a15-4b15-9d4f-634488fa9e48,XY5-Bt,ポケモンカードゲームXY 拡張パック「タイダルストーム」,xy5t_ja,https://scrydex.com/pokemon/expansions/tidal-storm/xy5t_ja,80,80,Dive Ball,UR,UR,,https://images.scrydex.com/pokemon/xy5t_ja-80/large,78,YES
XYシリーズ,ef6bc45c-08a8-4349-8017-1717b108d3c8,XY8-Br,ポケモンカードゲームXY BREAK　拡張パック「赤い閃光」,xy8r_ja,https://scrydex.com/pokemon/expansions/red-flash/xy8r_ja,65,65,Mewtwo-EX,UR,UR,,https://images.scrydex.com/pokemon/xy8r_ja-65/large,64,YES
XYシリーズ,738567d0-701f-448b-bba6-70a6b90dbcc4,XY10-B,ポケモンカードゲームXY BREAK 拡張パック「めざめる超王」,xy10_ja,https://scrydex.com/pokemon/expansions/awakening-psychic-king/xy10_ja,88,88,Alakazam-EX,UR,UR,,https://images.scrydex.com/pokemon/xy10_ja-88/large,87,YES
XYシリーズ,18513f31-8b41-4783-9b7b-43ea49365192,XY3,ポケモンカードゲームXY 拡張パック「ライジングフィスト」,xy3_ja,https://scrydex.com/pokemon/expansions/rising-fist/xy3_ja,104,104,M Heracross-EX,UR,UR,,https://images.scrydex.com/pokemon/xy3_ja-104/large,103,YES
XYシリーズ,18513f31-8b41-4783-9b7b-43ea49365192,XY3,ポケモンカードゲームXY 拡張パック「ライジングフィスト」,xy3_ja,https://scrydex.com/pokemon/expansions/rising-fist/xy3_ja,105,105,M Lucario-EX,UR,UR,,https://images.scrydex.com/pokemon/xy3_ja-105/large,103,YES
XYシリーズ,e249c6c7-6f19-4de0-b421-1d7bce8e588d,XY5-Bg,ポケモンカードゲームXY 拡張パック「ガイアボルケーノ」,xy5g_ja,https://scrydex.com/pokemon/expansions/gaia-volcano/xy5g_ja,79,79,Switch,UR,UR,,https://images.scrydex.com/pokemon/xy5g_ja-79/large,78,YES
XYシリーズ,e249c6c7-6f19-4de0-b421-1d7bce8e588d,XY5-Bg,ポケモンカードゲームXY 拡張パック「ガイアボルケーノ」,xy5g_ja,https://scrydex.com/pokemon/expansions/gaia-volcano/xy5g_ja,80,80,Weakness Policy,UR,UR,,https://images.scrydex.com/pokemon/xy5g_ja-80/large,78,YES
XYシリーズ,75574306-ef8d-4e8e-b8a5-5d485286a968,XY6,ポケモンカードゲームXY 拡張パック「エメラルドブレイク」,xy6_ja,https://scrydex.com/pokemon/expansions/emerald-break/xy6_ja,90,90,Energy Switch,UR,UR,,https://images.scrydex.com/pokemon/xy6_ja-90/large,89,YES
XYシリーズ,75574306-ef8d-4e8e-b8a5-5d485286a968,XY6,ポケモンカードゲームXY 拡張パック「エメラルドブレイク」,xy6_ja,https://scrydex.com/pokemon/expansions/emerald-break/xy6_ja,91,91,VS Seeker,UR,UR,,https://images.scrydex.com/pokemon/xy6_ja-91/large,89,YES
XYシリーズ,e19dcfd0-93f5-498e-bc42-b724ceb38c83,XY7,ポケモンカードゲームXY 拡張パック「バンデットリング」,xy7_ja,https://scrydex.com/pokemon/expansions/bandit-ring/xy7_ja,93,93,Primal Kyogre-EX,UR,UR,,https://images.scrydex.com/pokemon/xy7_ja-93/large,92,YES
XYシリーズ,e19dcfd0-93f5-498e-bc42-b724ceb38c83,XY7,ポケモンカードゲームXY 拡張パック「バンデットリング」,xy7_ja,https://scrydex.com/pokemon/expansions/bandit-ring/xy7_ja,94,94,Primal Groudon-EX,UR,UR,,https://images.scrydex.com/pokemon/xy7_ja-94/large,92,YES
XYシリーズ,e19dcfd0-93f5-498e-bc42-b724ceb38c83,XY7,ポケモンカードゲームXY 拡張パック「バンデットリング」,xy7_ja,https://scrydex.com/pokemon/expansions/bandit-ring/xy7_ja,95,95,M Rayquaza-EX,UR,UR,,https://images.scrydex.com/pokemon/xy7_ja-95/large,92,YES
XYシリーズ,e19dcfd0-93f5-498e-bc42-b724ceb38c83,XY7,ポケモンカードゲームXY 拡張パック「バンデットリング」,xy7_ja,https://scrydex.com/pokemon/expansions/bandit-ring/xy7_ja,96,96,Energy Retrieval,UR,UR,,https://images.scrydex.com/pokemon/xy7_ja-96/large,92,YES
XYシリーズ,e19dcfd0-93f5-498e-bc42-b724ceb38c83,XY7,ポケモンカードゲームXY 拡張パック「バンデットリング」,xy7_ja,https://scrydex.com/pokemon/expansions/bandit-ring/xy7_ja,97,97,Trainers' Mail,UR,UR,,https://images.scrydex.com/pokemon/xy7_ja-97/large,92,YES
XYシリーズ,e2a21580-e660-4e87-921d-56dea35352aa,XY8-Bb,ポケモンカードゲームXY BREAK　拡張パック「青い衝撃」,xy8b_ja,https://scrydex.com/pokemon/expansions/blue-shock/xy8b_ja,65,65,Mewtwo-EX,UR,UR,,https://images.scrydex.com/pokemon/xy8b_ja-65/large,64,YES
XYシリーズ,76c58458-b473-4806-9bb6-903a2d2a9b45,XY9-B,ポケモンカードゲームXY BREAK　拡張パック「破天の怒り」,xy9_ja,https://scrydex.com/pokemon/expansions/rage-of-the-broken-heavens/xy9_ja,89,89,Gyarados-EX,UR,UR,,https://images.scrydex.com/pokemon/xy9_ja-89/large,88,YES
XYシリーズ,a4b22717-7318-403a-8743-77bfda0624d7,CP4,ポケモンカードゲームXY BREAK プレミアムチャンピオンパック「EX×M×BREAK」,cp4_ja,https://scrydex.com/pokemon/expansions/premium-champion-pack/cp4_ja,132,132,Grass Energy,,—,,https://images.scrydex.com/pokemon/cp4_ja-132/large,131,YES
XYシリーズ,a4b22717-7318-403a-8743-77bfda0624d7,CP4,ポケモンカードゲームXY BREAK プレミアムチャンピオンパック「EX×M×BREAK」,cp4_ja,https://scrydex.com/pokemon/expansions/premium-champion-pack/cp4_ja,133,133,Fire Energy,,—,,https://images.scrydex.com/pokemon/cp4_ja-133/large,131,YES
XYシリーズ,a4b22717-7318-403a-8743-77bfda0624d7,CP4,ポケモンカードゲームXY BREAK プレミアムチャンピオンパック「EX×M×BREAK」,cp4_ja,https://scrydex.com/pokemon/expansions/premium-champion-pack/cp4_ja,134,134,Water Energy,,—,,https://images.scrydex.com/pokemon/cp4_ja-134/large,131,YES
XYシリーズ,a4b22717-7318-403a-8743-77bfda0624d7,CP4,ポケモンカードゲームXY BREAK プレミアムチャンピオンパック「EX×M×BREAK」,cp4_ja,https://scrydex.com/pokemon/expansions/premium-champion-pack/cp4_ja,135,135,Lightning Energy,,—,,https://images.scrydex.com/pokemon/cp4_ja-135/large,131,YES
XYシリーズ,a4b22717-7318-403a-8743-77bfda0624d7,CP4,ポケモンカードゲームXY BREAK プレミアムチャンピオンパック「EX×M×BREAK」,cp4_ja,https://scrydex.com/pokemon/expansions/premium-champion-pack/cp4_ja,136,136,Psychic Energy,,—,,https://images.scrydex.com/pokemon/cp4_ja-136/large,131,YES
XYシリーズ,a4b22717-7318-403a-8743-77bfda0624d7,CP4,ポケモンカードゲームXY BREAK プレミアムチャンピオンパック「EX×M×BREAK」,cp4_ja,https://scrydex.com/pokemon/expansions/premium-champion-pack/cp4_ja,137,137,Fighting Energy,,—,,https://images.scrydex.com/pokemon/cp4_ja-137/large,131,YES
XYシリーズ,a4b22717-7318-403a-8743-77bfda0624d7,CP4,ポケモンカードゲームXY BREAK プレミアムチャンピオンパック「EX×M×BREAK」,cp4_ja,https://scrydex.com/pokemon/expansions/premium-champion-pack/cp4_ja,138,138,Darkness Energy,,—,,https://images.scrydex.com/pokemon/cp4_ja-138/large,131,YES
XYシリーズ,a4b22717-7318-403a-8743-77bfda0624d7,CP4,ポケモンカードゲームXY BREAK プレミアムチャンピオンパック「EX×M×BREAK」,cp4_ja,https://scrydex.com/pokemon/expansions/premium-champion-pack/cp4_ja,139,139,Colorless Energy,,—,,https://images.scrydex.com/pokemon/cp4_ja-139/large,131,YES
XYシリーズ,a4b22717-7318-403a-8743-77bfda0624d7,CP4,ポケモンカードゲームXY BREAK プレミアムチャンピオンパック「EX×M×BREAK」,cp4_ja,https://scrydex.com/pokemon/expansions/premium-champion-pack/cp4_ja,140,140,Fairy Energy,,—,,https://images.scrydex.com/pokemon/cp4_ja-140/large,131,YES
