set_code,set_name,scrydex_id,card_number,scrydex_name,scrydex_rarity,scrydex_image_url,scrydex_card_url,scrydex_set_url,resolved_japanese_name,resolution_method,resolution_status,page_candidates,final_scrydex_card_url
XY,ハイクラスパック「THE BEST OF XY」,xy_ja,1,Oddish,,https://images.scrydex.com/pokemon/xy_ja-1/medium,https://scrydex.com/pokemon/cards/oddish/xy_ja-1?variant=normal,https://scrydex.com/pokemon/expansions/the-best-of-xy/xy_ja,ナゾノクサ,SCRYDEX_DETAIL_HEADING_AFTER_H1,RESOLVED,HEADING_AFTER_H1:ナゾノクサ,https://scrydex.com/pokemon/cards/oddish/xy_ja-1?variant=normal
XY,ハイクラスパック「THE BEST OF XY」,xy_ja,2,Gloom,,https://images.scrydex.com/pokemon/xy_ja-2/medium,https://scrydex.com/pokemon/cards/gloom/xy_ja-2?variant=normal,https://scrydex.com/pokemon/expansions/the-best-of-xy/xy_ja,クサイハナ,SCRYDEX_DETAIL_HEADING_AFTER_H1,RESOLVED,HEADING_AFTER_H1:クサイハナ,https://scrydex.com/pokemon/cards/gloom/xy_ja-2?variant=normal
XY,ハイクラスパック「THE BEST OF XY」,xy_ja,3,Vileplume,,https://images.scrydex.com/pokemon/xy_ja-3/medium,https://scrydex.com/pokemon/cards/vileplume/xy_ja-3?variant=normal,https://scrydex.com/pokemon/expansions/the-best-of-xy/xy_ja,ラフレシア,SCRYDEX_DETAIL_HEADING_AFTER_H1,RESOLVED,HEADING_AFTER_H1:ラフレシア,https://scrydex.com/pokemon/cards/vileplume/xy_ja-3?variant=normal
XY,ハイクラスパック「THE BEST OF XY」,xy_ja,4,Spinarak,,https://images.scrydex.com/pokemon/xy_ja-4/medium,https://scrydex.com/pokemon/cards/spinarak/xy_ja-4?variant=normal,https://scrydex.com/pokemon/expansions/the-best-of-xy/xy_ja,イトマル,SCRYDEX_DETAIL_HEADING_AFTER_H1,RESOLVED,HEADING_AFTER_H1:イトマル,https://scrydex.com/pokemon/cards/spinarak/xy_ja-4?variant=normal
XY,ハイクラスパック「THE BEST OF XY」,xy_ja,5,Ariados,,https://images.scrydex.com/pokemon/xy_ja-5/medium,https://scrydex.com/pokemon/cards/ariados/xy_ja-5?variant=normal,https://scrydex.com/pokemon/expansions/the-best-of-xy/xy_ja,アリアドス,SCRYDEX_DETAIL_HEADING_AFTER_H1,RESOLVED,HEADING_AFTER_H1:アリアドス,https://scrydex.com/pokemon/cards/ariados/xy_ja-5?variant=normal
XY,ハイクラスパック「THE BEST OF XY」,xy_ja,6,Sceptile-EX,,https://images.scrydex.com/pokemon/xy_ja-6/medium,https://scrydex.com/pokemon/cards/sceptile-ex/xy_ja-6?variant=holofoil,https://scrydex.com/pokemon/expansions/the-best-of-xy/xy_ja,ジュカインEX,SCRYDEX_DETAIL_HEADING_AFTER_H1,RESOLVED,HEADING_AFTER_H1:ジュカインEX,https://scrydex.com/pokemon/cards/sceptile-ex/xy_ja-6?variant=holofoil
XY,ハイクラスパック「THE BEST OF XY」,xy_ja,7,M Sceptile-EX,,https://images.scrydex.com/pokemon/xy_ja-7/medium,https://scrydex.com/pokemon/cards/m-sceptile-ex/xy_ja-7?variant=holofoil,https://scrydex.com/pokemon/expansions/the-best-of-xy/xy_ja,ジュカインEX,SCRYDEX_DETAIL_HEADING_AFTER_H1,RESOLVED,HEADING_AFTER_H1:ジュカインEX,https://scrydex.com/pokemon/cards/m-sceptile-ex/xy_ja-7?variant=holofoil
XY,ハイクラスパック「THE BEST OF XY」,xy_ja,8,Combee,,https://images.scrydex.com/pokemon/xy_ja-8/medium,https://scrydex.com/pokemon/cards/combee/xy_ja-8?variant=normal,https://scrydex.com/pokemon/expansions/the-best-of-xy/xy_ja,ミツハニー,SCRYDEX_DETAIL_HEADING_AFTER_H1,RESOLVED,HEADING_AFTER_H1:ミツハニー,https://scrydex.com/pokemon/cards/combee/xy_ja-8?variant=normal
XY,ハイクラスパック「THE BEST OF XY」,xy_ja,9,Vespiquen,,https://images.scrydex.com/pokemon/xy_ja-9/medium,https://scrydex.com/pokemon/cards/vespiquen/xy_ja-9?variant=normal,https://scrydex.com/pokemon/expansions/the-best-of-xy/xy_ja,ビークイン,SCRYDEX_DETAIL_HEADING_AFTER_H1,RESOLVED,HEADING_AFTER_H1:ビークイン,https://scrydex.com/pokemon/cards/vespiquen/xy_ja-9?variant=normal
XY,ハイクラスパック「THE BEST OF XY」,xy_ja,10,Flareon,,https://images.scrydex.com/pokemon/xy_ja-10/medium,https://scrydex.com/pokemon/cards/flareon/xy_ja-10?variant=normal,https://scrydex.com/pokemon/expansions/the-best-of-xy/xy_ja,ブースター,SCRYDEX_DETAIL_HEADING_AFTER_H1,RESOLVED,HEADING_AFTER_H1:ブースター,https://scrydex.com/pokemon/cards/flareon/xy_ja-10?variant=normal
XY,ハイクラスパック「THE BEST OF XY」,xy_ja,11,Entei,,https://images.scrydex.com/pokemon/xy_ja-11/medium,https://scrydex.com/pokemon/cards/entei/xy_ja-11?variant=normal,https://scrydex.com/pokemon/expansions/the-best-of-xy/xy_ja,エンテイ,SCRYDEX_DETAIL_HEADING_AFTER_H1,RESOLVED,HEADING_AFTER_H1:エンテイ,https://scrydex.com/pokemon/cards/entei/xy_ja-11?variant=normal
XY,ハイクラスパック「THE BEST OF XY」,xy_ja,13,M Camerupt-EX,,https://images.scrydex.com/pokemon/xy_ja-13/medium,https://scrydex.com/pokemon/cards/m-camerupt-ex/xy_ja-13?variant=holofoil,https://scrydex.com/pokemon/expansions/the-best-of-xy/xy_ja,バクーダEX,SCRYDEX_DETAIL_HEADING_AFTER_H1,RESOLVED,HEADING_AFTER_H1:バクーダEX,https://scrydex.com/pokemon/cards/m-camerupt-ex/xy_ja-13?variant=holofoil
XY,ハイクラスパック「THE BEST OF XY」,xy_ja,14,Volcanion,,https://images.scrydex.com/pokemon/xy_ja-14/medium,https://scrydex.com/pokemon/cards/volcanion/xy_ja-14?variant=normal,https://scrydex.com/pokemon/expansions/the-best-of-xy/xy_ja,ボルケニオン,SCRYDEX_DETAIL_HEADING_AFTER_H1,RESOLVED,HEADING_AFTER_H1:ボルケニオン,https://scrydex.com/pokemon/cards/volcanion/xy_ja-14?variant=normal
XY,ハイクラスパック「THE BEST OF XY」,xy_ja,15,Volcanion-EX,,https://images.scrydex.com/pokemon/xy_ja-15/medium,https://scrydex.com/pokemon/cards/volcanion-ex/xy_ja-15?variant=holofoil,https://scrydex.com/pokemon/expansions/the-best-of-xy/xy_ja,ボルケニオンEX,SCRYDEX_DETAIL_HEADING_AFTER_H1,RESOLVED,HEADING_AFTER_H1:ボルケニオンEX,https://scrydex.com/pokemon/cards/volcanion-ex/xy_ja-15?variant=holofoil
XY,ハイクラスパック「THE BEST OF XY」,xy_ja,16,Vaporeon,,https://images.scrydex.com/pokemon/xy_ja-16/medium,https://scrydex.com/pokemon/cards/vaporeon/xy_ja-16?variant=normal,https://scrydex.com/pokemon/expansions/the-best-of-xy/xy_ja,シャワーズ,SCRYDEX_DETAIL_HEADING_AFTER_H1,RESOLVED,HEADING_AFTER_H1:シャワーズ,https://scrydex.com/pokemon/cards/vaporeon/xy_ja-16?variant=normal
XY,ハイクラスパック「THE BEST OF XY」,xy_ja,17,Articuno,,https://images.scrydex.com/pokemon/xy_ja-17/medium,https://scrydex.com/pokemon/cards/articuno/xy_ja-17?variant=normal,https://scrydex.com/pokemon/expansions/the-best-of-xy/xy_ja,フリーザー,SCRYDEX_DETAIL_HEADING_AFTER_H1,RESOLVED,HEADING_AFTER_H1:フリーザー,https://scrydex.com/pokemon/cards/articuno/xy_ja-17?variant=normal
XY,ハイクラスパック「THE BEST OF XY」,xy_ja,18,Remoraid,,https://images.scrydex.com/pokemon/xy_ja-18/medium,https://scrydex.com/pokemon/cards/remoraid/xy_ja-18?variant=normal,https://scrydex.com/pokemon/expansions/the-best-of-xy/xy_ja,テッポウオ,SCRYDEX_DETAIL_HEADING_AFTER_H1,RESOLVED,HEADING_AFTER_H1:テッポウオ,https://scrydex.com/pokemon/cards/remoraid/xy_ja-18?variant=normal
XY,ハイクラスパック「THE BEST OF XY」,xy_ja,19,Octillery,,https://images.scrydex.com/pokemon/xy_ja-19/medium,https://scrydex.com/pokemon/cards/octillery/xy_ja-19?variant=normal,https://scrydex.com/pokemon/expansions/the-best-of-xy/xy_ja,オクタン,SCRYDEX_DETAIL_HEADING_AFTER_H1,RESOLVED,HEADING_AFTER_H1:オクタン,https://scrydex.com/pokemon/cards/octillery/xy_ja-19?variant=normal
XY,ハイクラスパック「THE BEST OF XY」,xy_ja,20,Glaceon-EX,,https://images.scrydex.com/pokemon/xy_ja-20/medium,https://scrydex.com/pokemon/cards/glaceon-ex/xy_ja-20?variant=holofoil,https://scrydex.com/pokemon/expansions/the-best-of-xy/xy_ja,グレイシアEX,SCRYDEX_DETAIL_HEADING_AFTER_H1,RESOLVED,HEADING_AFTER_H1:グレイシアEX,https://scrydex.com/pokemon/cards/glaceon-ex/xy_ja-20?variant=holofoil
XY,ハイクラスパック「THE BEST OF XY」,xy_ja,21,Manaphy-EX,,https://images.scrydex.com/pokemon/xy_ja-21/medium,https://scrydex.com/pokemon/cards/manaphy-ex/xy_ja-21?variant=holofoil,https://scrydex.com/pokemon/expansions/the-best-of-xy/xy_ja,マナフィEX,SCRYDEX_DETAIL_HEADING_AFTER_H1,RESOLVED,HEADING_AFTER_H1:マナフィEX,https://scrydex.com/pokemon/cards/manaphy-ex/xy_ja-21?variant=holofoil
XY,ハイクラスパック「THE BEST OF XY」,xy_ja,22,Seismitoad-EX,,https://images.scrydex.com/pokemon/xy_ja-22/medium,https://scrydex.com/pokemon/cards/seismitoad-ex/xy_ja-22?variant=holofoil,https://scrydex.com/pokemon/expansions/the-best-of-xy/xy_ja,ガマゲロゲEX,SCRYDEX_DETAIL_HEADING_AFTER_H1,RESOLVED,HEADING_AFTER_H1:ガマゲロゲEX,https://scrydex.com/pokemon/cards/seismitoad-ex/xy_ja-22?variant=holofoil
XY,ハイクラスパック「THE BEST OF XY」,xy_ja,23,White Kyurem,,https://images.scrydex.com/pokemon/xy_ja-23/medium,https://scrydex.com/pokemon/cards/white-kyurem/xy_ja-23?variant=normal,https://scrydex.com/pokemon/expansions/the-best-of-xy/xy_ja,ホワイトキュレム,SCRYDEX_DETAIL_HEADING_AFTER_H1,RESOLVED,HEADING_AFTER_H1:ホワイトキュレム,https://scrydex.com/pokemon/cards/white-kyurem/xy_ja-23?variant=normal
XY,ハイクラスパック「THE BEST OF XY」,xy_ja,24,Froakie,,https://images.scrydex.com/pokemon/xy_ja-24/medium,https://scrydex.com/pokemon/cards/froakie/xy_ja-24?variant=normal,https://scrydex.com/pokemon/expansions/the-best-of-xy/xy_ja,ケロマツ,SCRYDEX_DETAIL_HEADING_AFTER_H1,RESOLVED,HEADING_AFTER_H1:ケロマツ,https://scrydex.com/pokemon/cards/froakie/xy_ja-24?variant=normal
XY,ハイクラスパック「THE BEST OF XY」,xy_ja,25,Frogadier,,https://images.scrydex.com/pokemon/xy_ja-25/medium,https://scrydex.com/pokemon/cards/frogadier/xy_ja-25?variant=normal,https://scrydex.com/pokemon/expansions/the-best-of-xy/xy_ja,ゲコガシラ,SCRYDEX_DETAIL_HEADING_AFTER_H1,RESOLVED,HEADING_AFTER_H1:ゲコガシラ,https://scrydex.com/pokemon/cards/frogadier/xy_ja-25?variant=normal
XY,ハイクラスパック「THE BEST OF XY」,xy_ja,26,Greninja,,https://images.scrydex.com/pokemon/xy_ja-26/medium,https://scrydex.com/pokemon/cards/greninja/xy_ja-26?variant=normal,https://scrydex.com/pokemon/expansions/the-best-of-xy/xy_ja,ゲッコウガ,SCRYDEX_DETAIL_HEADING_AFTER_H1,RESOLVED,HEADING_AFTER_H1:ゲッコウガ,https://scrydex.com/pokemon/cards/greninja/xy_ja-26?variant=normal
XY,ハイクラスパック「THE BEST OF XY」,xy_ja,27,Greninja,,https://images.scrydex.com/pokemon/xy_ja-27/medium,https://scrydex.com/pokemon/cards/greninja/xy_ja-27?variant=normal,https://scrydex.com/pokemon/expansions/the-best-of-xy/xy_ja,ゲッコウガ,SCRYDEX_DETAIL_HEADING_AFTER_H1,RESOLVED,HEADING_AFTER_H1:ゲッコウガ,https://scrydex.com/pokemon/cards/greninja/xy_ja-27?variant=normal
XY,ハイクラスパック「THE BEST OF XY」,xy_ja,28,Greninja BREAK,,https://images.scrydex.com/pokemon/xy_ja-28/medium,https://scrydex.com/pokemon/cards/greninja-break/xy_ja-28?variant=holofoil,https://scrydex.com/pokemon/expansions/the-best-of-xy/xy_ja,ゲッコウガBREAK,SCRYDEX_DETAIL_HEADING_AFTER_H1,RESOLVED,HEADING_AFTER_H1:ゲッコウガBREAK,https://scrydex.com/pokemon/cards/greninja-break/xy_ja-28?variant=holofoil
XY,ハイクラスパック「THE BEST OF XY」,xy_ja,29,Pikachu,,https://images.scrydex.com/pokemon/xy_ja-29/medium,https://scrydex.com/pokemon/cards/pikachu/xy_ja-29?variant=normal,https://scrydex.com/pokemon/expansions/the-best-of-xy/xy_ja,ピカチュウ,SCRYDEX_DETAIL_HEADING_AFTER_H1,RESOLVED,HEADING_AFTER_H1:ピカチュウ,https://scrydex.com/pokemon/cards/pikachu/xy_ja-29?variant=normal
XY,ハイクラスパック「THE BEST OF XY」,xy_ja,30,Raichu,,https://images.scrydex.com/pokemon/xy_ja-30/medium,https://scrydex.com/pokemon/cards/raichu/xy_ja-30?variant=normal,https://scrydex.com/pokemon/expansions/the-best-of-xy/xy_ja,ライチュウ,SCRYDEX_DETAIL_HEADING_AFTER_H1,RESOLVED,HEADING_AFTER_H1:ライチュウ,https://scrydex.com/pokemon/cards/raichu/xy_ja-30?variant=normal
XY,ハイクラスパック「THE BEST OF XY」,xy_ja,31,Jolteon,,https://images.scrydex.com/pokemon/xy_ja-31/medium,https://scrydex.com/pokemon/cards/jolteon/xy_ja-31?variant=normal,https://scrydex.com/pokemon/expansions/the-best-of-xy/xy_ja,サンダース,SCRYDEX_DETAIL_HEADING_AFTER_H1,RESOLVED,HEADING_AFTER_H1:サンダース,https://scrydex.com/pokemon/cards/jolteon/xy_ja-31?variant=normal
XY,ハイクラスパック「THE BEST OF XY」,xy_ja,32,Jolteon-EX,,https://images.scrydex.com/pokemon/xy_ja-32/medium,https://scrydex.com/pokemon/cards/jolteon-ex/xy_ja-32?variant=holofoil,https://scrydex.com/pokemon/expansions/the-best-of-xy/xy_ja,サンダースEX,SCRYDEX_DETAIL_HEADING_AFTER_H1,RESOLVED,HEADING_AFTER_H1:サンダースEX,https://scrydex.com/pokemon/cards/jolteon-ex/xy_ja-32?variant=holofoil
XY,ハイクラスパック「THE BEST OF XY」,xy_ja,33,Raikou,,https://images.scrydex.com/pokemon/xy_ja-33/medium,https://scrydex.com/pokemon/cards/raikou/xy_ja-33?variant=normal,https://scrydex.com/pokemon/expansions/the-best-of-xy/xy_ja,ライコウ,SCRYDEX_DETAIL_HEADING_AFTER_H1,RESOLVED,HEADING_AFTER_H1:ライコウ,https://scrydex.com/pokemon/cards/raikou/xy_ja-33?variant=normal
XY,ハイクラスパック「THE BEST OF XY」,xy_ja,34,Manectric-EX,,https://images.scrydex.com/pokemon/xy_ja-34/medium,https://scrydex.com/pokemon/cards/manectric-ex/xy_ja-34?variant=holofoil,https://scrydex.com/pokemon/expansions/the-best-of-xy/xy_ja,ライボルトEX,SCRYDEX_DETAIL_HEADING_AFTER_H1,RESOLVED,HEADING_AFTER_H1:ライボルトEX,https://scrydex.com/pokemon/cards/manectric-ex/xy_ja-34?variant=holofoil
XY,ハイクラスパック「THE BEST OF XY」,xy_ja,35,M Manectric-EX,,https://images.scrydex.com/pokemon/xy_ja-35/medium,https://scrydex.com/pokemon/cards/m-manectric-ex/xy_ja-35?variant=holofoil,https://scrydex.com/pokemon/expansions/the-best-of-xy/xy_ja,ライボルトEX,SCRYDEX_DETAIL_HEADING_AFTER_H1,RESOLVED,HEADING_AFTER_H1:ライボルトEX,https://scrydex.com/pokemon/cards/m-manectric-ex/xy_ja-35?variant=holofoil
XY,ハイクラスパック「THE BEST OF XY」,xy_ja,36,Joltik,,https://images.scrydex.com/pokemon/xy_ja-36/medium,https://scrydex.com/pokemon/cards/joltik/xy_ja-36?variant=normal,https://scrydex.com/pokemon/expansions/the-best-of-xy/xy_ja,バチュル,SCRYDEX_DETAIL_HEADING_AFTER_H1,RESOLVED,HEADING_AFTER_H1:バチュル,https://scrydex.com/pokemon/cards/joltik/xy_ja-36?variant=normal
XY,ハイクラスパック「THE BEST OF XY」,xy_ja,37,Zubat,,https://images.scrydex.com/pokemon/xy_ja-37/medium,https://scrydex.com/pokemon/cards/zubat/xy_ja-37?variant=normal,https://scrydex.com/pokemon/expansions/the-best-of-xy/xy_ja,ズバット,SCRYDEX_DETAIL_HEADING_AFTER_H1,RESOLVED,HEADING_AFTER_H1:ズバット,https://scrydex.com/pokemon/cards/zubat/xy_ja-37?variant=normal
XY,ハイクラスパック「THE BEST OF XY」,xy_ja,38,Golbat,,https://images.scrydex.com/pokemon/xy_ja-38/medium,https://scrydex.com/pokemon/cards/golbat/xy_ja-38?variant=normal,https://scrydex.com/pokemon/expansions/the-best-of-xy/xy_ja,ゴルバット,SCRYDEX_DETAIL_HEADING_AFTER_H1,RESOLVED,HEADING_AFTER_H1:ゴルバット,https://scrydex.com/pokemon/cards/golbat/xy_ja-38?variant=normal
XY,ハイクラスパック「THE BEST OF XY」,xy_ja,39,Crobat,,https://images.scrydex.com/pokemon/xy_ja-39/medium,https://scrydex.com/pokemon/cards/crobat/xy_ja-39?variant=normal,https://scrydex.com/pokemon/expansions/the-best-of-xy/xy_ja,クロバット,SCRYDEX_DETAIL_HEADING_AFTER_H1,RESOLVED,HEADING_AFTER_H1:クロバット,https://scrydex.com/pokemon/cards/crobat/xy_ja-39?variant=normal
XY,ハイクラスパック「THE BEST OF XY」,xy_ja,40,Alakazam-EX,,https://images.scrydex.com/pokemon/xy_ja-40/medium,https://scrydex.com/pokemon/cards/alakazam-ex/xy_ja-40?variant=holofoil,https://scrydex.com/pokemon/expansions/the-best-of-xy/xy_ja,フーディンEX,SCRYDEX_DETAIL_HEADING_AFTER_H1,RESOLVED,HEADING_AFTER_H1:フーディンEX,https://scrydex.com/pokemon/cards/alakazam-ex/xy_ja-40?variant=holofoil
XY,ハイクラスパック「THE BEST OF XY」,xy_ja,41,M Alakazam-EX,,https://images.scrydex.com/pokemon/xy_ja-41/medium,https://scrydex.com/pokemon/cards/m-alakazam-ex/xy_ja-41?variant=holofoil,https://scrydex.com/pokemon/expansions/the-best-of-xy/xy_ja,フーディンEX,SCRYDEX_DETAIL_HEADING_AFTER_H1,RESOLVED,HEADING_AFTER_H1:フーディンEX,https://scrydex.com/pokemon/cards/m-alakazam-ex/xy_ja-41?variant=holofoil
XY,ハイクラスパック「THE BEST OF XY」,xy_ja,42,Mewtwo-EX,,https://images.scrydex.com/pokemon/xy_ja-42/medium,https://scrydex.com/pokemon/cards/mewtwo-ex/xy_ja-42?variant=holofoil,https://scrydex.com/pokemon/expansions/the-best-of-xy/xy_ja,ミュウツーEX,SCRYDEX_DETAIL_HEADING_AFTER_H1,RESOLVED,HEADING_AFTER_H1:ミュウツーEX,https://scrydex.com/pokemon/cards/mewtwo-ex/xy_ja-42?variant=holofoil
XY,ハイクラスパック「THE BEST OF XY」,xy_ja,43,M Mewtwo-EX,,https://images.scrydex.com/pokemon/xy_ja-43/medium,https://scrydex.com/pokemon/cards/m-mewtwo-ex/xy_ja-43?variant=holofoil,https://scrydex.com/pokemon/expansions/the-best-of-xy/xy_ja,ミュウツーEX,SCRYDEX_DETAIL_HEADING_AFTER_H1,RESOLVED,HEADING_AFTER_H1:ミュウツーEX,https://scrydex.com/pokemon/cards/m-mewtwo-ex/xy_ja-43?variant=holofoil
XY,ハイクラスパック「THE BEST OF XY」,xy_ja,44,Mew,,https://images.scrydex.com/pokemon/xy_ja-44/medium,https://scrydex.com/pokemon/cards/mew/xy_ja-44?variant=normal,https://scrydex.com/pokemon/expansions/the-best-of-xy/xy_ja,ミュウ,SCRYDEX_DETAIL_HEADING_AFTER_H1,RESOLVED,HEADING_AFTER_H1:ミュウ,https://scrydex.com/pokemon/cards/mew/xy_ja-44?variant=normal
XY,ハイクラスパック「THE BEST OF XY」,xy_ja,45,Espeon-EX,,https://images.scrydex.com/pokemon/xy_ja-45/medium,https://scrydex.com/pokemon/cards/espeon-ex/xy_ja-45?variant=holofoil,https://scrydex.com/pokemon/expansions/the-best-of-xy/xy_ja,エーフィEX,SCRYDEX_DETAIL_HEADING_AFTER_H1,RESOLVED,HEADING_AFTER_H1:エーフィEX,https://scrydex.com/pokemon/cards/espeon-ex/xy_ja-45?variant=holofoil
XY,ハイクラスパック「THE BEST OF XY」,xy_ja,46,Unown,,https://images.scrydex.com/pokemon/xy_ja-46/medium,https://scrydex.com/pokemon/cards/unown/xy_ja-46?variant=normal,https://scrydex.com/pokemon/expansions/the-best-of-xy/xy_ja,アンノーン,SCRYDEX_DETAIL_HEADING_AFTER_H1,RESOLVED,HEADING_AFTER_H1:アンノーン,https://scrydex.com/pokemon/cards/unown/xy_ja-46?variant=normal
XY,ハイクラスパック「THE BEST OF XY」,xy_ja,47,Wobbuffet,,https://images.scrydex.com/pokemon/xy_ja-47/medium,https://scrydex.com/pokemon/cards/wobbuffet/xy_ja-47?variant=normal,https://scrydex.com/pokemon/expansions/the-best-of-xy/xy_ja,ソーナンス,SCRYDEX_DETAIL_HEADING_AFTER_H1,RESOLVED,HEADING_AFTER_H1:ソーナンス,https://scrydex.com/pokemon/cards/wobbuffet/xy_ja-47?variant=normal
XY,ハイクラスパック「THE BEST OF XY」,xy_ja,48,Giratina,,https://images.scrydex.com/pokemon/xy_ja-48/medium,https://scrydex.com/pokemon/cards/giratina/xy_ja-48?variant=normal,https://scrydex.com/pokemon/expansions/the-best-of-xy/xy_ja,ギラティナ,SCRYDEX_DETAIL_HEADING_AFTER_H1,RESOLVED,HEADING_AFTER_H1:ギラティナ,https://scrydex.com/pokemon/cards/giratina/xy_ja-48?variant=normal
XY,ハイクラスパック「THE BEST OF XY」,xy_ja,49,Trubbish,,https://images.scrydex.com/pokemon/xy_ja-49/medium,https://scrydex.com/pokemon/cards/trubbish/xy_ja-49?variant=normal,https://scrydex.com/pokemon/expansions/the-best-of-xy/xy_ja,ヤブクロン,SCRYDEX_DETAIL_HEADING_AFTER_H1,RESOLVED,HEADING_AFTER_H1:ヤブクロン,https://scrydex.com/pokemon/cards/trubbish/xy_ja-49?variant=normal
XY,ハイクラスパック「THE BEST OF XY」,xy_ja,50,Garbodor,,https://images.scrydex.com/pokemon/xy_ja-50/medium,https://scrydex.com/pokemon/cards/garbodor/xy_ja-50?variant=normal,https://scrydex.com/pokemon/expansions/the-best-of-xy/xy_ja,ダストダス,SCRYDEX_DETAIL_HEADING_AFTER_H1,RESOLVED,HEADING_AFTER_H1:ダストダス,https://scrydex.com/pokemon/cards/garbodor/xy_ja-50?variant=normal
XY,ハイクラスパック「THE BEST OF XY」,xy_ja,51,Litwick,,https://images.scrydex.com/pokemon/xy_ja-51/medium,https://scrydex.com/pokemon/cards/litwick/xy_ja-51?variant=normal,https://scrydex.com/pokemon/expansions/the-best-of-xy/xy_ja,ヒトモシ,SCRYDEX_DETAIL_HEADING_AFTER_H1,RESOLVED,HEADING_AFTER_H1:ヒトモシ,https://scrydex.com/pokemon/cards/litwick/xy_ja-51?variant=normal
XY,ハイクラスパック「THE BEST OF XY」,xy_ja,52,Lampent,,https://images.scrydex.com/pokemon/xy_ja-52/medium,https://scrydex.com/pokemon/cards/lampent/xy_ja-52?variant=normal,https://scrydex.com/pokemon/expansions/the-best-of-xy/xy_ja,ランプラー,SCRYDEX_DETAIL_HEADING_AFTER_H1,RESOLVED,HEADING_AFTER_H1:ランプラー,https://scrydex.com/pokemon/cards/lampent/xy_ja-52?variant=normal
XY,ハイクラスパック「THE BEST OF XY」,xy_ja,53,Phantump,,https://images.scrydex.com/pokemon/xy_ja-53/medium,https://scrydex.com/pokemon/cards/phantump/xy_ja-53?variant=normal,https://scrydex.com/pokemon/expansions/the-best-of-xy/xy_ja,ボクレー,SCRYDEX_DETAIL_HEADING_AFTER_H1,RESOLVED,HEADING_AFTER_H1:ボクレー,https://scrydex.com/pokemon/cards/phantump/xy_ja-53?variant=normal
XY,ハイクラスパック「THE BEST OF XY」,xy_ja,54,Trevenant,,https://images.scrydex.com/pokemon/xy_ja-54/medium,https://scrydex.com/pokemon/cards/trevenant/xy_ja-54?variant=normal,https://scrydex.com/pokemon/expansions/the-best-of-xy/xy_ja,オーロット,SCRYDEX_DETAIL_HEADING_AFTER_H1,RESOLVED,HEADING_AFTER_H1:オーロット,https://scrydex.com/pokemon/cards/trevenant/xy_ja-54?variant=normal
XY,ハイクラスパック「THE BEST OF XY」,xy_ja,56,Pumpkaboo,,https://images.scrydex.com/pokemon/xy_ja-56/medium,https://scrydex.com/pokemon/cards/pumpkaboo/xy_ja-56?variant=normal,https://scrydex.com/pokemon/expansions/the-best-of-xy/xy_ja,バケッチャ,SCRYDEX_DETAIL_HEADING_AFTER_H1,RESOLVED,HEADING_AFTER_H1:バケッチャ,https://scrydex.com/pokemon/cards/pumpkaboo/xy_ja-56?variant=normal
XY,ハイクラスパック「THE BEST OF XY」,xy_ja,57,Hoopa,,https://images.scrydex.com/pokemon/xy_ja-57/medium,https://scrydex.com/pokemon/cards/hoopa/xy_ja-57?variant=normal,https://scrydex.com/pokemon/expansions/the-best-of-xy/xy_ja,フーパ,SCRYDEX_DETAIL_HEADING_AFTER_H1,RESOLVED,HEADING_AFTER_H1:フーパ,https://scrydex.com/pokemon/cards/hoopa/xy_ja-57?variant=normal
XY,ハイクラスパック「THE BEST OF XY」,xy_ja,59,Meditite,,https://images.scrydex.com/pokemon/xy_ja-59/medium,https://scrydex.com/pokemon/cards/meditite/xy_ja-59?variant=normal,https://scrydex.com/pokemon/expansions/the-best-of-xy/xy_ja,アサナン,SCRYDEX_DETAIL_HEADING_AFTER_H1,RESOLVED,HEADING_AFTER_H1:アサナン,https://scrydex.com/pokemon/cards/meditite/xy_ja-59?variant=normal
XY,ハイクラスパック「THE BEST OF XY」,xy_ja,60,Medicham,,https://images.scrydex.com/pokemon/xy_ja-60/medium,https://scrydex.com/pokemon/cards/medicham/xy_ja-60?variant=normal,https://scrydex.com/pokemon/expansions/the-best-of-xy/xy_ja,チャーレム,SCRYDEX_DETAIL_HEADING_AFTER_H1,RESOLVED,HEADING_AFTER_H1:チャーレム,https://scrydex.com/pokemon/cards/medicham/xy_ja-60?variant=normal
XY,ハイクラスパック「THE BEST OF XY」,xy_ja,64,Landorus,,https://images.scrydex.com/pokemon/xy_ja-64/medium,https://scrydex.com/pokemon/cards/landorus/xy_ja-64?variant=normal,https://scrydex.com/pokemon/expansions/the-best-of-xy/xy_ja,ランドロス,SCRYDEX_DETAIL_HEADING_AFTER_H1,RESOLVED,HEADING_AFTER_H1:ランドロス,https://scrydex.com/pokemon/cards/landorus/xy_ja-64?variant=normal
XY,ハイクラスパック「THE BEST OF XY」,xy_ja,65,Carbink,,https://images.scrydex.com/pokemon/xy_ja-65/medium,https://scrydex.com/pokemon/cards/carbink/xy_ja-65?variant=normal,https://scrydex.com/pokemon/expansions/the-best-of-xy/xy_ja,メレシー,SCRYDEX_DETAIL_HEADING_AFTER_H1,RESOLVED,HEADING_AFTER_H1:メレシー,https://scrydex.com/pokemon/cards/carbink/xy_ja-65?variant=normal
XY,ハイクラスパック「THE BEST OF XY」,xy_ja,66,Carbink,,https://images.scrydex.com/pokemon/xy_ja-66/medium,https://scrydex.com/pokemon/cards/carbink/xy_ja-66?variant=normal,https://scrydex.com/pokemon/expansions/the-best-of-xy/xy_ja,メレシー,SCRYDEX_DETAIL_HEADING_AFTER_H1,RESOLVED,HEADING_AFTER_H1:メレシー,https://scrydex.com/pokemon/cards/carbink/xy_ja-66?variant=normal
XY,ハイクラスパック「THE BEST OF XY」,xy_ja,68,Zygarde,,https://images.scrydex.com/pokemon/xy_ja-68/medium,https://scrydex.com/pokemon/cards/zygarde/xy_ja-68?variant=normal,https://scrydex.com/pokemon/expansions/the-best-of-xy/xy_ja,ジガルデ,SCRYDEX_DETAIL_HEADING_AFTER_H1,RESOLVED,HEADING_AFTER_H1:ジガルデ,https://scrydex.com/pokemon/cards/zygarde/xy_ja-68?variant=normal
XY,ハイクラスパック「THE BEST OF XY」,xy_ja,73,Zorua,,https://images.scrydex.com/pokemon/xy_ja-73/medium,https://scrydex.com/pokemon/cards/zorua/xy_ja-73?variant=normal,https://scrydex.com/pokemon/expansions/the-best-of-xy/xy_ja,ゾロア,SCRYDEX_DETAIL_HEADING_AFTER_H1,RESOLVED,HEADING_AFTER_H1:ゾロア,https://scrydex.com/pokemon/cards/zorua/xy_ja-73?variant=normal
XY,ハイクラスパック「THE BEST OF XY」,xy_ja,74,Zoroark,,https://images.scrydex.com/pokemon/xy_ja-74/medium,https://scrydex.com/pokemon/cards/zoroark/xy_ja-74?variant=normal,https://scrydex.com/pokemon/expansions/the-best-of-xy/xy_ja,ゾロアーク,SCRYDEX_DETAIL_HEADING_AFTER_H1,RESOLVED,HEADING_AFTER_H1:ゾロアーク,https://scrydex.com/pokemon/cards/zoroark/xy_ja-74?variant=normal
XY,ハイクラスパック「THE BEST OF XY」,xy_ja,77,Yveltal,,https://images.scrydex.com/pokemon/xy_ja-77/medium,https://scrydex.com/pokemon/cards/yveltal/xy_ja-77?variant=normal,https://scrydex.com/pokemon/expansions/the-best-of-xy/xy_ja,イベルタル,SCRYDEX_DETAIL_HEADING_AFTER_H1,RESOLVED,HEADING_AFTER_H1:イベルタル,https://scrydex.com/pokemon/cards/yveltal/xy_ja-77?variant=normal
XY,ハイクラスパック「THE BEST OF XY」,xy_ja,78,Yveltal,,https://images.scrydex.com/pokemon/xy_ja-78/medium,https://scrydex.com/pokemon/cards/yveltal/xy_ja-78?variant=normal,https://scrydex.com/pokemon/expansions/the-best-of-xy/xy_ja,イベルタル,SCRYDEX_DETAIL_HEADING_AFTER_H1,RESOLVED,HEADING_AFTER_H1:イベルタル,https://scrydex.com/pokemon/cards/yveltal/xy_ja-78?variant=normal
XY,ハイクラスパック「THE BEST OF XY」,xy_ja,80,Jirachi,,https://images.scrydex.com/pokemon/xy_ja-80/medium,https://scrydex.com/pokemon/cards/jirachi/xy_ja-80?variant=normal,https://scrydex.com/pokemon/expansions/the-best-of-xy/xy_ja,ジラーチ,SCRYDEX_DETAIL_HEADING_AFTER_H1,RESOLVED,HEADING_AFTER_H1:ジラーチ,https://scrydex.com/pokemon/cards/jirachi/xy_ja-80?variant=normal
XY,ハイクラスパック「THE BEST OF XY」,xy_ja,81,Bronzor,,https://images.scrydex.com/pokemon/xy_ja-81/medium,https://scrydex.com/pokemon/cards/bronzor/xy_ja-81?variant=normal,https://scrydex.com/pokemon/expansions/the-best-of-xy/xy_ja,ドーミラー,SCRYDEX_DETAIL_HEADING_AFTER_H1,RESOLVED,HEADING_AFTER_H1:ドーミラー,https://scrydex.com/pokemon/cards/bronzor/xy_ja-81?variant=normal
XY,ハイクラスパック「THE BEST OF XY」,xy_ja,82,Bronzong,,https://images.scrydex.com/pokemon/xy_ja-82/medium,https://scrydex.com/pokemon/cards/bronzong/xy_ja-82?variant=normal,https://scrydex.com/pokemon/expansions/the-best-of-xy/xy_ja,ドータクン,SCRYDEX_DETAIL_HEADING_AFTER_H1,RESOLVED,HEADING_AFTER_H1:ドータクン,https://scrydex.com/pokemon/cards/bronzong/xy_ja-82?variant=normal
XY,ハイクラスパック「THE BEST OF XY」,xy_ja,84,Heatran,,https://images.scrydex.com/pokemon/xy_ja-84/medium,https://scrydex.com/pokemon/cards/heatran/xy_ja-84?variant=normal,https://scrydex.com/pokemon/expansions/the-best-of-xy/xy_ja,ヒードラン,SCRYDEX_DETAIL_HEADING_AFTER_H1,RESOLVED,HEADING_AFTER_H1:ヒードラン,https://scrydex.com/pokemon/cards/heatran/xy_ja-84?variant=normal
XY,ハイクラスパック「THE BEST OF XY」,xy_ja,85,Cobalion,,https://images.scrydex.com/pokemon/xy_ja-85/medium,https://scrydex.com/pokemon/cards/cobalion/xy_ja-85?variant=normal,https://scrydex.com/pokemon/expansions/the-best-of-xy/xy_ja,コバルオン,SCRYDEX_DETAIL_HEADING_AFTER_H1,RESOLVED,HEADING_AFTER_H1:コバルオン,https://scrydex.com/pokemon/cards/cobalion/xy_ja-85?variant=normal
XY,ハイクラスパック「THE BEST OF XY」,xy_ja,88,Magearna,,https://images.scrydex.com/pokemon/xy_ja-88/medium,https://scrydex.com/pokemon/cards/magearna/xy_ja-88?variant=normal,https://scrydex.com/pokemon/expansions/the-best-of-xy/xy_ja,マギアナ,SCRYDEX_DETAIL_HEADING_AFTER_H1,RESOLVED,HEADING_AFTER_H1:マギアナ,https://scrydex.com/pokemon/cards/magearna/xy_ja-88?variant=normal
XY,ハイクラスパック「THE BEST OF XY」,xy_ja,90,Mr. Mime,,https://images.scrydex.com/pokemon/xy_ja-90/medium,https://scrydex.com/pokemon/cards/mr-mime/xy_ja-90?variant=normal,https://scrydex.com/pokemon/expansions/the-best-of-xy/xy_ja,バリヤード,SCRYDEX_DETAIL_HEADING_AFTER_H1,RESOLVED,HEADING_AFTER_H1:バリヤード,https://scrydex.com/pokemon/cards/mr-mime/xy_ja-90?variant=normal
XY,ハイクラスパック「THE BEST OF XY」,xy_ja,93,Spritzee,,https://images.scrydex.com/pokemon/xy_ja-93/medium,https://scrydex.com/pokemon/cards/spritzee/xy_ja-93?variant=normal,https://scrydex.com/pokemon/expansions/the-best-of-xy/xy_ja,シュシュプ,SCRYDEX_DETAIL_HEADING_AFTER_H1,RESOLVED,HEADING_AFTER_H1:シュシュプ,https://scrydex.com/pokemon/cards/spritzee/xy_ja-93?variant=normal
XY,ハイクラスパック「THE BEST OF XY」,xy_ja,94,Aromatisse,,https://images.scrydex.com/pokemon/xy_ja-94/medium,https://scrydex.com/pokemon/cards/aromatisse/xy_ja-94?variant=normal,https://scrydex.com/pokemon/expansions/the-best-of-xy/xy_ja,フレフワン,SCRYDEX_DETAIL_HEADING_AFTER_H1,RESOLVED,HEADING_AFTER_H1:フレフワン,https://scrydex.com/pokemon/cards/aromatisse/xy_ja-94?variant=normal
XY,ハイクラスパック「THE BEST OF XY」,xy_ja,95,Xerneas,,https://images.scrydex.com/pokemon/xy_ja-95/medium,https://scrydex.com/pokemon/cards/xerneas/xy_ja-95?variant=normal,https://scrydex.com/pokemon/expansions/the-best-of-xy/xy_ja,ゼルネアス,SCRYDEX_DETAIL_HEADING_AFTER_H1,RESOLVED,HEADING_AFTER_H1:ゼルネアス,https://scrydex.com/pokemon/cards/xerneas/xy_ja-95?variant=normal
XY,ハイクラスパック「THE BEST OF XY」,xy_ja,96,Xerneas,,https://images.scrydex.com/pokemon/xy_ja-96/medium,https://scrydex.com/pokemon/cards/xerneas/xy_ja-96?variant=normal,https://scrydex.com/pokemon/expansions/the-best-of-xy/xy_ja,ゼルネアス,SCRYDEX_DETAIL_HEADING_AFTER_H1,RESOLVED,HEADING_AFTER_H1:ゼルネアス,https://scrydex.com/pokemon/cards/xerneas/xy_ja-96?variant=normal
XY,ハイクラスパック「THE BEST OF XY」,xy_ja,100,Eevee,,https://images.scrydex.com/pokemon/xy_ja-100/medium,https://scrydex.com/pokemon/cards/eevee/xy_ja-100?variant=normal,https://scrydex.com/pokemon/expansions/the-best-of-xy/xy_ja,イーブイ,SCRYDEX_DETAIL_HEADING_AFTER_H1,RESOLVED,HEADING_AFTER_H1:イーブイ,https://scrydex.com/pokemon/cards/eevee/xy_ja-100?variant=normal
XY,ハイクラスパック「THE BEST OF XY」,xy_ja,101,Miltank,,https://images.scrydex.com/pokemon/xy_ja-101/medium,https://scrydex.com/pokemon/cards/miltank/xy_ja-101?variant=normal,https://scrydex.com/pokemon/expansions/the-best-of-xy/xy_ja,ミルタンク,SCRYDEX_DETAIL_HEADING_AFTER_H1,RESOLVED,HEADING_AFTER_H1:ミルタンク,https://scrydex.com/pokemon/cards/miltank/xy_ja-101?variant=normal
XY,ハイクラスパック「THE BEST OF XY」,xy_ja,102,Lugia,,https://images.scrydex.com/pokemon/xy_ja-102/medium,https://scrydex.com/pokemon/cards/lugia/xy_ja-102?variant=normal,https://scrydex.com/pokemon/expansions/the-best-of-xy/xy_ja,ルギア,SCRYDEX_DETAIL_HEADING_AFTER_H1,RESOLVED,HEADING_AFTER_H1:ルギア,https://scrydex.com/pokemon/cards/lugia/xy_ja-102?variant=normal
XY,ハイクラスパック「THE BEST OF XY」,xy_ja,107,Bunnelby,,https://images.scrydex.com/pokemon/xy_ja-107/medium,https://scrydex.com/pokemon/cards/bunnelby/xy_ja-107?variant=normal,https://scrydex.com/pokemon/expansions/the-best-of-xy/xy_ja,ホルビー,SCRYDEX_DETAIL_HEADING_AFTER_H1,RESOLVED,HEADING_AFTER_H1:ホルビー,https://scrydex.com/pokemon/cards/bunnelby/xy_ja-107?variant=normal
XY,ハイクラスパック「THE BEST OF XY」,xy_ja,108,Special Charge,,https://images.scrydex.com/pokemon/xy_ja-108/medium,https://scrydex.com/pokemon/cards/special-charge/xy_ja-108?variant=normal,https://scrydex.com/pokemon/expansions/the-best-of-xy/xy_ja,スペシャルチャージ,SCRYDEX_DETAIL_HEADING_AFTER_H1,RESOLVED,HEADING_AFTER_H1:スペシャルチャージ,https://scrydex.com/pokemon/cards/special-charge/xy_ja-108?variant=normal
XY,ハイクラスパック「THE BEST OF XY」,xy_ja,109,Target Whistle,,https://images.scrydex.com/pokemon/xy_ja-109/medium,https://scrydex.com/pokemon/cards/target-whistle/xy_ja-109?variant=normal,https://scrydex.com/pokemon/expansions/the-best-of-xy/xy_ja,ターゲットホイッスル(フレア団ギア),SCRYDEX_DETAIL_HEADING_AFTER_H1,RESOLVED,HEADING_AFTER_H1:ターゲットホイッスル(フレア団ギア),https://scrydex.com/pokemon/cards/target-whistle/xy_ja-109?variant=normal
XY,ハイクラスパック「THE BEST OF XY」,xy_ja,110,Acro Bike,,https://images.scrydex.com/pokemon/xy_ja-110/medium,https://scrydex.com/pokemon/cards/acro-bike/xy_ja-110?variant=normal,https://scrydex.com/pokemon/expansions/the-best-of-xy/xy_ja,ダートじてんしゃ,SCRYDEX_DETAIL_HEADING_AFTER_H1,RESOLVED,HEADING_AFTER_H1:ダートじてんしゃ,https://scrydex.com/pokemon/cards/acro-bike/xy_ja-110?variant=normal
XY,ハイクラスパック「THE BEST OF XY」,xy_ja,111,Dive Ball,,https://images.scrydex.com/pokemon/xy_ja-111/medium,https://scrydex.com/pokemon/cards/dive-ball/xy_ja-111?variant=normal,https://scrydex.com/pokemon/expansions/the-best-of-xy/xy_ja,ダイブボール,SCRYDEX_DETAIL_HEADING_AFTER_H1,RESOLVED,HEADING_AFTER_H1:ダイブボール,https://scrydex.com/pokemon/cards/dive-ball/xy_ja-111?variant=normal
XY,ハイクラスパック「THE BEST OF XY」,xy_ja,112,Puzzle of Time,,https://images.scrydex.com/pokemon/xy_ja-112/medium,https://scrydex.com/pokemon/cards/puzzle-of-time/xy_ja-112?variant=normal,https://scrydex.com/pokemon/expansions/the-best-of-xy/xy_ja,時のパズル,SCRYDEX_DETAIL_HEADING_AFTER_H1,RESOLVED,HEADING_AFTER_H1:時のパズル,https://scrydex.com/pokemon/cards/puzzle-of-time/xy_ja-112?variant=normal
XY,ハイクラスパック「THE BEST OF XY」,xy_ja,113,Trainers' Mail,,https://images.scrydex.com/pokemon/xy_ja-113/medium,https://scrydex.com/pokemon/cards/trainers-mail/xy_ja-113?variant=normal,https://scrydex.com/pokemon/expansions/the-best-of-xy/xy_ja,トレーナーズポスト,SCRYDEX_DETAIL_HEADING_AFTER_H1,RESOLVED,HEADING_AFTER_H1:トレーナーズポスト,https://scrydex.com/pokemon/cards/trainers-mail/xy_ja-113?variant=normal
XY,ハイクラスパック「THE BEST OF XY」,xy_ja,114,Battle Compressor,,https://images.scrydex.com/pokemon/xy_ja-114/medium,https://scrydex.com/pokemon/cards/battle-compressor/xy_ja-114?variant=normal,https://scrydex.com/pokemon/expansions/the-best-of-xy/xy_ja,バトルコンプレッサー(フレア団ギア),SCRYDEX_DETAIL_HEADING_AFTER_H1,RESOLVED,HEADING_AFTER_H1:バトルコンプレッサー(フレア団ギア),https://scrydex.com/pokemon/cards/battle-compressor/xy_ja-114?variant=normal
XY,ハイクラスパック「THE BEST OF XY」,xy_ja,115,VS Seeker,,https://images.scrydex.com/pokemon/xy_ja-115/medium,https://scrydex.com/pokemon/cards/vs-seeker/xy_ja-115?variant=normal,https://scrydex.com/pokemon/expansions/the-best-of-xy/xy_ja,バトルサーチャー,SCRYDEX_DETAIL_HEADING_AFTER_H1,RESOLVED,HEADING_AFTER_H1:バトルサーチャー,https://scrydex.com/pokemon/cards/vs-seeker/xy_ja-115?variant=normal
XY,ハイクラスパック「THE BEST OF XY」,xy_ja,116,Max Elixir,,https://images.scrydex.com/pokemon/xy_ja-116/medium,https://scrydex.com/pokemon/cards/max-elixir/xy_ja-116?variant=normal,https://scrydex.com/pokemon/expansions/the-best-of-xy/xy_ja,ピーピーマックス,SCRYDEX_DETAIL_HEADING_AFTER_H1,RESOLVED,HEADING_AFTER_H1:ピーピーマックス,https://scrydex.com/pokemon/cards/max-elixir/xy_ja-116?variant=normal
XY,ハイクラスパック「THE BEST OF XY」,xy_ja,117,Fairy Drop,,https://images.scrydex.com/pokemon/xy_ja-117/medium,https://scrydex.com/pokemon/cards/fairy-drop/xy_ja-117?variant=normal,https://scrydex.com/pokemon/expansions/the-best-of-xy/xy_ja,フェアリードロップ,SCRYDEX_DETAIL_HEADING_AFTER_H1,RESOLVED,HEADING_AFTER_H1:フェアリードロップ,https://scrydex.com/pokemon/cards/fairy-drop/xy_ja-117?variant=normal
XY,ハイクラスパック「THE BEST OF XY」,xy_ja,118,Heavy Ball,,https://images.scrydex.com/pokemon/xy_ja-118/medium,https://scrydex.com/pokemon/cards/heavy-ball/xy_ja-118?variant=normal,https://scrydex.com/pokemon/expansions/the-best-of-xy/xy_ja,ヘビーボール,SCRYDEX_DETAIL_HEADING_AFTER_H1,RESOLVED,HEADING_AFTER_H1:ヘビーボール,https://scrydex.com/pokemon/cards/heavy-ball/xy_ja-118?variant=normal
XY,ハイクラスパック「THE BEST OF XY」,xy_ja,119,Robo Substitute,,https://images.scrydex.com/pokemon/xy_ja-119/medium,https://scrydex.com/pokemon/cards/robo-substitute/xy_ja-119?variant=normal,https://scrydex.com/pokemon/expansions/the-best-of-xy/xy_ja,みがわりロボ(フレア団ギア),SCRYDEX_DETAIL_HEADING_AFTER_H1,RESOLVED,HEADING_AFTER_H1:みがわりロボ(フレア団ギア),https://scrydex.com/pokemon/cards/robo-substitute/xy_ja-119?variant=normal
XY,ハイクラスパック「THE BEST OF XY」,xy_ja,120,Mega Turbo,,https://images.scrydex.com/pokemon/xy_ja-120/medium,https://scrydex.com/pokemon/cards/mega-turbo/xy_ja-120?variant=normal,https://scrydex.com/pokemon/expansions/the-best-of-xy/xy_ja,メガターボ,SCRYDEX_DETAIL_HEADING_AFTER_H1,RESOLVED,HEADING_AFTER_H1:メガターボ,https://scrydex.com/pokemon/cards/mega-turbo/xy_ja-120?variant=normal
XY,ハイクラスパック「THE BEST OF XY」,xy_ja,121,Level Ball,,https://images.scrydex.com/pokemon/xy_ja-121/medium,https://scrydex.com/pokemon/cards/level-ball/xy_ja-121?variant=normal,https://scrydex.com/pokemon/expansions/the-best-of-xy/xy_ja,レベルボール,SCRYDEX_DETAIL_HEADING_AFTER_H1,RESOLVED,HEADING_AFTER_H1:レベルボール,https://scrydex.com/pokemon/cards/level-ball/xy_ja-121?variant=normal
XY,ハイクラスパック「THE BEST OF XY」,xy_ja,122,Hard Charm,,https://images.scrydex.com/pokemon/xy_ja-122/medium,https://scrydex.com/pokemon/cards/hard-charm/xy_ja-122?variant=normal,https://scrydex.com/pokemon/expansions/the-best-of-xy/xy_ja,かたいおまもり,SCRYDEX_DETAIL_HEADING_AFTER_H1,RESOLVED,HEADING_AFTER_H1:かたいおまもり,https://scrydex.com/pokemon/cards/hard-charm/xy_ja-122?variant=normal
XY,ハイクラスパック「THE BEST OF XY」,xy_ja,123,Focus Sash,,https://images.scrydex.com/pokemon/xy_ja-123/medium,https://scrydex.com/pokemon/cards/focus-sash/xy_ja-123?variant=normal,https://scrydex.com/pokemon/expansions/the-best-of-xy/xy_ja,きあいのタスキ,SCRYDEX_DETAIL_HEADING_AFTER_H1,RESOLVED,HEADING_AFTER_H1:きあいのタスキ,https://scrydex.com/pokemon/cards/focus-sash/xy_ja-123?variant=normal
XY,ハイクラスパック「THE BEST OF XY」,xy_ja,124,Bursting Balloon,,https://images.scrydex.com/pokemon/xy_ja-124/medium,https://scrydex.com/pokemon/cards/bursting-balloon/xy_ja-124?variant=normal,https://scrydex.com/pokemon/expansions/the-best-of-xy/xy_ja,炸裂バルーン,SCRYDEX_DETAIL_HEADING_AFTER_H1,RESOLVED,HEADING_AFTER_H1:炸裂バルーン,https://scrydex.com/pokemon/cards/bursting-balloon/xy_ja-124?variant=normal
XY,ハイクラスパック「THE BEST OF XY」,xy_ja,125,Muscle Band,,https://images.scrydex.com/pokemon/xy_ja-125/medium,https://scrydex.com/pokemon/cards/muscle-band/xy_ja-125?variant=normal,https://scrydex.com/pokemon/expansions/the-best-of-xy/xy_ja,ちからのハチマキ,SCRYDEX_DETAIL_HEADING_AFTER_H1,RESOLVED,HEADING_AFTER_H1:ちからのハチマキ,https://scrydex.com/pokemon/cards/muscle-band/xy_ja-125?variant=normal
XY,ハイクラスパック「THE BEST OF XY」,xy_ja,126,Fighting Fury Belt,,https://images.scrydex.com/pokemon/xy_ja-126/medium,https://scrydex.com/pokemon/cards/fighting-fury-belt/xy_ja-126?variant=normal,https://scrydex.com/pokemon/expansions/the-best-of-xy/xy_ja,闘魂のまわし,SCRYDEX_DETAIL_HEADING_AFTER_H1,RESOLVED,HEADING_AFTER_H1:闘魂のまわし,https://scrydex.com/pokemon/cards/fighting-fury-belt/xy_ja-126?variant=normal
XY,ハイクラスパック「THE BEST OF XY」,xy_ja,127,Power Memory,,https://images.scrydex.com/pokemon/xy_ja-127/medium,https://scrydex.com/pokemon/cards/power-memory/xy_ja-127?variant=normal,https://scrydex.com/pokemon/expansions/the-best-of-xy/xy_ja,パワーメモリ,SCRYDEX_DETAIL_HEADING_AFTER_H1,RESOLVED,HEADING_AFTER_H1:パワーメモリ,https://scrydex.com/pokemon/cards/power-memory/xy_ja-127?variant=normal
XY,ハイクラスパック「THE BEST OF XY」,xy_ja,128,Gardevoir Spirit Link,,https://images.scrydex.com/pokemon/xy_ja-128/medium,https://scrydex.com/pokemon/cards/gardevoir-spirit-link/xy_ja-128?variant=normal,https://scrydex.com/pokemon/expansions/the-best-of-xy/xy_ja,サーナイトソウルリンク,SCRYDEX_DETAIL_HEADING_AFTER_H1,RESOLVED,HEADING_AFTER_H1:サーナイトソウルリンク,https://scrydex.com/pokemon/cards/gardevoir-spirit-link/xy_ja-128?variant=normal
XY,ハイクラスパック「THE BEST OF XY」,xy_ja,129,Sharpedo Spirit Link,,https://images.scrydex.com/pokemon/xy_ja-129/medium,https://scrydex.com/pokemon/cards/sharpedo-spirit-link/xy_ja-129?variant=normal,https://scrydex.com/pokemon/expansions/the-best-of-xy/xy_ja,サメハダーソウルリンク,SCRYDEX_DETAIL_HEADING_AFTER_H1,RESOLVED,HEADING_AFTER_H1:サメハダーソウルリンク,https://scrydex.com/pokemon/cards/sharpedo-spirit-link/xy_ja-129?variant=normal
XY,ハイクラスパック「THE BEST OF XY」,xy_ja,130,Sceptile Spirit Link,,https://images.scrydex.com/pokemon/xy_ja-130/medium,https://scrydex.com/pokemon/cards/sceptile-spirit-link/xy_ja-130?variant=normal,https://scrydex.com/pokemon/expansions/the-best-of-xy/xy_ja,ジュカインソウルリンク,SCRYDEX_DETAIL_HEADING_AFTER_H1,RESOLVED,HEADING_AFTER_H1:ジュカインソウルリンク,https://scrydex.com/pokemon/cards/sceptile-spirit-link/xy_ja-130?variant=normal
XY,ハイクラスパック「THE BEST OF XY」,xy_ja,131,Camerupt Spirit Link,,https://images.scrydex.com/pokemon/xy_ja-131/medium,https://scrydex.com/pokemon/cards/camerupt-spirit-link/xy_ja-131?variant=normal,https://scrydex.com/pokemon/expansions/the-best-of-xy/xy_ja,バクーダソウルリンク,SCRYDEX_DETAIL_HEADING_AFTER_H1,RESOLVED,HEADING_AFTER_H1:バクーダソウルリンク,https://scrydex.com/pokemon/cards/camerupt-spirit-link/xy_ja-131?variant=normal
XY,ハイクラスパック「THE BEST OF XY」,xy_ja,132,Alakazam Spirit Link,,https://images.scrydex.com/pokemon/xy_ja-132/medium,https://scrydex.com/pokemon/cards/alakazam-spirit-link/xy_ja-132?variant=normal,https://scrydex.com/pokemon/expansions/the-best-of-xy/xy_ja,フーディンソウルリンク,SCRYDEX_DETAIL_HEADING_AFTER_H1,RESOLVED,HEADING_AFTER_H1:フーディンソウルリンク,https://scrydex.com/pokemon/cards/alakazam-spirit-link/xy_ja-132?variant=normal
XY,ハイクラスパック「THE BEST OF XY」,xy_ja,133,Mewtwo Spirit Link,,https://images.scrydex.com/pokemon/xy_ja-133/medium,https://scrydex.com/pokemon/cards/mewtwo-spirit-link/xy_ja-133?variant=normal,https://scrydex.com/pokemon/expansions/the-best-of-xy/xy_ja,ミュウツーソウルリンク,SCRYDEX_DETAIL_HEADING_AFTER_H1,RESOLVED,HEADING_AFTER_H1:ミュウツーソウルリンク,https://scrydex.com/pokemon/cards/mewtwo-spirit-link/xy_ja-133?variant=normal
XY,ハイクラスパック「THE BEST OF XY」,xy_ja,134,Manectric Spirit Link,,https://images.scrydex.com/pokemon/xy_ja-134/medium,https://scrydex.com/pokemon/cards/manectric-spirit-link/xy_ja-134?variant=normal,https://scrydex.com/pokemon/expansions/the-best-of-xy/xy_ja,ライボルトソウルリンク,SCRYDEX_DETAIL_HEADING_AFTER_H1,RESOLVED,HEADING_AFTER_H1:ライボルトソウルリンク,https://scrydex.com/pokemon/cards/manectric-spirit-link/xy_ja-134?variant=normal
XY,ハイクラスパック「THE BEST OF XY」,xy_ja,135,Lucario Spirit Link,,https://images.scrydex.com/pokemon/xy_ja-135/medium,https://scrydex.com/pokemon/cards/lucario-spirit-link/xy_ja-135?variant=normal,https://scrydex.com/pokemon/expansions/the-best-of-xy/xy_ja,ルカリオソウルリンク,SCRYDEX_DETAIL_HEADING_AFTER_H1,RESOLVED,HEADING_AFTER_H1:ルカリオソウルリンク,https://scrydex.com/pokemon/cards/lucario-spirit-link/xy_ja-135?variant=normal
XY,ハイクラスパック「THE BEST OF XY」,xy_ja,136,Rayquaza Spirit Link,,https://images.scrydex.com/pokemon/xy_ja-136/medium,https://scrydex.com/pokemon/cards/rayquaza-spirit-link/xy_ja-136?variant=normal,https://scrydex.com/pokemon/expansions/the-best-of-xy/xy_ja,レックウザソウルリンク,SCRYDEX_DETAIL_HEADING_AFTER_H1,RESOLVED,HEADING_AFTER_H1:レックウザソウルリンク,https://scrydex.com/pokemon/cards/rayquaza-spirit-link/xy_ja-136?variant=normal
XY,ハイクラスパック「THE BEST OF XY」,xy_ja,137,Brigette,,https://images.scrydex.com/pokemon/xy_ja-137/medium,https://scrydex.com/pokemon/cards/brigette/xy_ja-137?variant=normal,https://scrydex.com/pokemon/expansions/the-best-of-xy/xy_ja,アズサ,SCRYDEX_DETAIL_HEADING_AFTER_H1,RESOLVED,HEADING_AFTER_H1:アズサ,https://scrydex.com/pokemon/cards/brigette/xy_ja-137?variant=normal
XY,ハイクラスパック「THE BEST OF XY」,xy_ja,140,Hex Maniac,,https://images.scrydex.com/pokemon/xy_ja-140/medium,https://scrydex.com/pokemon/cards/hex-maniac/xy_ja-140?variant=normal,https://scrydex.com/pokemon/expansions/the-best-of-xy/xy_ja,オカルトマニア,SCRYDEX_DETAIL_HEADING_AFTER_H1,RESOLVED,HEADING_AFTER_H1:オカルトマニア,https://scrydex.com/pokemon/cards/hex-maniac/xy_ja-140?variant=normal
XY,ハイクラスパック「THE BEST OF XY」,xy_ja,141,Blacksmith,,https://images.scrydex.com/pokemon/xy_ja-141/medium,https://scrydex.com/pokemon/cards/blacksmith/xy_ja-141?variant=normal,https://scrydex.com/pokemon/expansions/the-best-of-xy/xy_ja,鍛冶屋,SCRYDEX_DETAIL_HEADING_AFTER_H1,RESOLVED,HEADING_AFTER_H1:鍛冶屋,https://scrydex.com/pokemon/cards/blacksmith/xy_ja-141?variant=normal
XY,ハイクラスパック「THE BEST OF XY」,xy_ja,142,Karen,,https://images.scrydex.com/pokemon/xy_ja-142/medium,https://scrydex.com/pokemon/cards/karen/xy_ja-142?variant=normal,https://scrydex.com/pokemon/expansions/the-best-of-xy/xy_ja,カリン,SCRYDEX_DETAIL_HEADING_AFTER_H1,RESOLVED,HEADING_AFTER_H1:カリン,https://scrydex.com/pokemon/cards/karen/xy_ja-142?variant=normal
XY,ハイクラスパック「THE BEST OF XY」,xy_ja,143,Xerosic,,https://images.scrydex.com/pokemon/xy_ja-143/medium,https://scrydex.com/pokemon/cards/xerosic/xy_ja-143?variant=normal,https://scrydex.com/pokemon/expansions/the-best-of-xy/xy_ja,クセロシキ,SCRYDEX_DETAIL_HEADING_AFTER_H1,RESOLVED,HEADING_AFTER_H1:クセロシキ,https://scrydex.com/pokemon/cards/xerosic/xy_ja-143?variant=normal
XY,ハイクラスパック「THE BEST OF XY」,xy_ja,144,Korrina,,https://images.scrydex.com/pokemon/xy_ja-144/medium,https://scrydex.com/pokemon/cards/korrina/xy_ja-144?variant=normal,https://scrydex.com/pokemon/expansions/the-best-of-xy/xy_ja,コルニ,SCRYDEX_DETAIL_HEADING_AFTER_H1,RESOLVED,HEADING_AFTER_H1:コルニ,https://scrydex.com/pokemon/cards/korrina/xy_ja-144?variant=normal
XY,ハイクラスパック「THE BEST OF XY」,xy_ja,145,Delinquent,,https://images.scrydex.com/pokemon/xy_ja-145/medium,https://scrydex.com/pokemon/cards/delinquent/xy_ja-145?variant=normal,https://scrydex.com/pokemon/expansions/the-best-of-xy/xy_ja,こわいおねえさん,SCRYDEX_DETAIL_HEADING_AFTER_H1,RESOLVED,HEADING_AFTER_H1:こわいおねえさん,https://scrydex.com/pokemon/cards/delinquent/xy_ja-145?variant=normal
XY,ハイクラスパック「THE BEST OF XY」,xy_ja,146,Shauna,,https://images.scrydex.com/pokemon/xy_ja-146/medium,https://scrydex.com/pokemon/cards/shauna/xy_ja-146?variant=normal,https://scrydex.com/pokemon/expansions/the-best-of-xy/xy_ja,サナ,SCRYDEX_DETAIL_HEADING_AFTER_H1,RESOLVED,HEADING_AFTER_H1:サナ,https://scrydex.com/pokemon/cards/shauna/xy_ja-146?variant=normal
XY,ハイクラスパック「THE BEST OF XY」,xy_ja,147,Teammates,,https://images.scrydex.com/pokemon/xy_ja-147/medium,https://scrydex.com/pokemon/cards/teammates/xy_ja-147?variant=normal,https://scrydex.com/pokemon/expansions/the-best-of-xy/xy_ja,センパイとコウハイ,SCRYDEX_DETAIL_HEADING_AFTER_H1,RESOLVED,HEADING_AFTER_H1:センパイとコウハイ,https://scrydex.com/pokemon/cards/teammates/xy_ja-147?variant=normal
XY,ハイクラスパック「THE BEST OF XY」,xy_ja,148,Skyla,,https://images.scrydex.com/pokemon/xy_ja-148/medium,https://scrydex.com/pokemon/cards/skyla/xy_ja-148?variant=normal,https://scrydex.com/pokemon/expansions/the-best-of-xy/xy_ja,フウロ,SCRYDEX_DETAIL_HEADING_AFTER_H1,RESOLVED,HEADING_AFTER_H1:フウロ,https://scrydex.com/pokemon/cards/skyla/xy_ja-148?variant=normal
XY,ハイクラスパック「THE BEST OF XY」,xy_ja,149,Professor Sycamore,,https://images.scrydex.com/pokemon/xy_ja-149/medium,https://scrydex.com/pokemon/cards/professor-sycamore/xy_ja-149?variant=normal,https://scrydex.com/pokemon/expansions/the-best-of-xy/xy_ja,プラターヌ博士,SCRYDEX_DETAIL_HEADING_AFTER_H1,RESOLVED,HEADING_AFTER_H1:プラターヌ博士,https://scrydex.com/pokemon/cards/professor-sycamore/xy_ja-149?variant=normal
XY,ハイクラスパック「THE BEST OF XY」,xy_ja,150,Lysandre,,https://images.scrydex.com/pokemon/xy_ja-150/medium,https://scrydex.com/pokemon/cards/lysandre/xy_ja-150?variant=normal,https://scrydex.com/pokemon/expansions/the-best-of-xy/xy_ja,フラダリ,SCRYDEX_DETAIL_HEADING_AFTER_H1,RESOLVED,HEADING_AFTER_H1:フラダリ,https://scrydex.com/pokemon/cards/lysandre/xy_ja-150?variant=normal
XY,ハイクラスパック「THE BEST OF XY」,xy_ja,151,Team Flare Grunt,,https://images.scrydex.com/pokemon/xy_ja-151/medium,https://scrydex.com/pokemon/cards/team-flare-grunt/xy_ja-151?variant=normal,https://scrydex.com/pokemon/expansions/the-best-of-xy/xy_ja,フレア団のしたっぱ,SCRYDEX_DETAIL_HEADING_AFTER_H1,RESOLVED,HEADING_AFTER_H1:フレア団のしたっぱ,https://scrydex.com/pokemon/cards/team-flare-grunt/xy_ja-151?variant=normal
XY,ハイクラスパック「THE BEST OF XY」,xy_ja,152,Pokémon Ranger,,https://images.scrydex.com/pokemon/xy_ja-152/medium,https://scrydex.com/pokemon/cards/pokmon-ranger/xy_ja-152?variant=normal,https://scrydex.com/pokemon/expansions/the-best-of-xy/xy_ja,ポケモンレンジャー,SCRYDEX_DETAIL_HEADING_AFTER_H1,RESOLVED,HEADING_AFTER_H1:ポケモンレンジャー,https://scrydex.com/pokemon/cards/pokmon-ranger/xy_ja-152?variant=normal
XY,ハイクラスパック「THE BEST OF XY」,xy_ja,153,Rough Seas,,https://images.scrydex.com/pokemon/xy_ja-153/medium,https://scrydex.com/pokemon/cards/rough-seas/xy_ja-153?variant=normal,https://scrydex.com/pokemon/expansions/the-best-of-xy/xy_ja,うねりの大海,SCRYDEX_DETAIL_HEADING_AFTER_H1,RESOLVED,HEADING_AFTER_H1:うねりの大海,https://scrydex.com/pokemon/cards/rough-seas/xy_ja-153?variant=normal
XY,ハイクラスパック「THE BEST OF XY」,xy_ja,154,Forest of Giant Plants,,https://images.scrydex.com/pokemon/xy_ja-154/medium,https://scrydex.com/pokemon/cards/forest-of-giant-plants/xy_ja-154?variant=normal,https://scrydex.com/pokemon/expansions/the-best-of-xy/xy_ja,巨大植物の森,SCRYDEX_DETAIL_HEADING_AFTER_H1,RESOLVED,HEADING_AFTER_H1:巨大植物の森,https://scrydex.com/pokemon/cards/forest-of-giant-plants/xy_ja-154?variant=normal
XY,ハイクラスパック「THE BEST OF XY」,xy_ja,155,Silent Lab,,https://images.scrydex.com/pokemon/xy_ja-155/medium,https://scrydex.com/pokemon/cards/silent-lab/xy_ja-155?variant=normal,https://scrydex.com/pokemon/expansions/the-best-of-xy/xy_ja,サイレントラボ,SCRYDEX_DETAIL_HEADING_AFTER_H1,RESOLVED,HEADING_AFTER_H1:サイレントラボ,https://scrydex.com/pokemon/cards/silent-lab/xy_ja-155?variant=normal
XY,ハイクラスパック「THE BEST OF XY」,xy_ja,156,Dimension Valley,,https://images.scrydex.com/pokemon/xy_ja-156/medium,https://scrydex.com/pokemon/cards/dimension-valley/xy_ja-156?variant=normal,https://scrydex.com/pokemon/expansions/the-best-of-xy/xy_ja,次元の谷,SCRYDEX_DETAIL_HEADING_AFTER_H1,RESOLVED,HEADING_AFTER_H1:次元の谷,https://scrydex.com/pokemon/cards/dimension-valley/xy_ja-156?variant=normal
XY,ハイクラスパック「THE BEST OF XY」,xy_ja,157,Scorched Earth,,https://images.scrydex.com/pokemon/xy_ja-157/medium,https://scrydex.com/pokemon/cards/scorched-earth/xy_ja-157?variant=normal,https://scrydex.com/pokemon/expansions/the-best-of-xy/xy_ja,灼熱の大地,SCRYDEX_DETAIL_HEADING_AFTER_H1,RESOLVED,HEADING_AFTER_H1:灼熱の大地,https://scrydex.com/pokemon/cards/scorched-earth/xy_ja-157?variant=normal
XY,ハイクラスパック「THE BEST OF XY」,xy_ja,158,Sky Field,,https://images.scrydex.com/pokemon/xy_ja-158/medium,https://scrydex.com/pokemon/cards/sky-field/xy_ja-158?variant=normal,https://scrydex.com/pokemon/expansions/the-best-of-xy/xy_ja,スカイフィールド,SCRYDEX_DETAIL_HEADING_AFTER_H1,RESOLVED,HEADING_AFTER_H1:スカイフィールド,https://scrydex.com/pokemon/cards/sky-field/xy_ja-158?variant=normal
XY,ハイクラスパック「THE BEST OF XY」,xy_ja,159,Parallel City,,https://images.scrydex.com/pokemon/xy_ja-159/medium,https://scrydex.com/pokemon/cards/parallel-city/xy_ja-159?variant=normal,https://scrydex.com/pokemon/expansions/the-best-of-xy/xy_ja,パラレルシティ,SCRYDEX_DETAIL_HEADING_AFTER_H1,RESOLVED,HEADING_AFTER_H1:パラレルシティ,https://scrydex.com/pokemon/cards/parallel-city/xy_ja-159?variant=normal
XY,ハイクラスパック「THE BEST OF XY」,xy_ja,160,Fairy Garden,,https://images.scrydex.com/pokemon/xy_ja-160/medium,https://scrydex.com/pokemon/cards/fairy-garden/xy_ja-160?variant=normal,https://scrydex.com/pokemon/expansions/the-best-of-xy/xy_ja,フェアリーガーデン,SCRYDEX_DETAIL_HEADING_AFTER_H1,RESOLVED,HEADING_AFTER_H1:フェアリーガーデン,https://scrydex.com/pokemon/cards/fairy-garden/xy_ja-160?variant=normal
XY,ハイクラスパック「THE BEST OF XY」,xy_ja,161,Reverse Valley,,https://images.scrydex.com/pokemon/xy_ja-161/medium,https://scrydex.com/pokemon/cards/reverse-valley/xy_ja-161?variant=normal,https://scrydex.com/pokemon/expansions/the-best-of-xy/xy_ja,リバースバレー,SCRYDEX_DETAIL_HEADING_AFTER_H1,RESOLVED,HEADING_AFTER_H1:リバースバレー,https://scrydex.com/pokemon/cards/reverse-valley/xy_ja-161?variant=normal
XY,ハイクラスパック「THE BEST OF XY」,xy_ja,162,Herbal Energy,,https://images.scrydex.com/pokemon/xy_ja-162/medium,https://scrydex.com/pokemon/cards/herbal-energy/xy_ja-162?variant=normal,https://scrydex.com/pokemon/expansions/the-best-of-xy/xy_ja,ハーブエネルギー,SCRYDEX_DETAIL_HEADING_AFTER_H1,RESOLVED,HEADING_AFTER_H1:ハーブエネルギー,https://scrydex.com/pokemon/cards/herbal-energy/xy_ja-162?variant=normal
XY,ハイクラスパック「THE BEST OF XY」,xy_ja,163,Burning Energy,,https://images.scrydex.com/pokemon/xy_ja-163/medium,https://scrydex.com/pokemon/cards/burning-energy/xy_ja-163?variant=normal,https://scrydex.com/pokemon/expansions/the-best-of-xy/xy_ja,バーニングエネルギー,SCRYDEX_DETAIL_HEADING_AFTER_H1,RESOLVED,HEADING_AFTER_H1:バーニングエネルギー,https://scrydex.com/pokemon/cards/burning-energy/xy_ja-163?variant=normal
XY,ハイクラスパック「THE BEST OF XY」,xy_ja,164,Splash Energy,,https://images.scrydex.com/pokemon/xy_ja-164/medium,https://scrydex.com/pokemon/cards/splash-energy/xy_ja-164?variant=normal,https://scrydex.com/pokemon/expansions/the-best-of-xy/xy_ja,スプラッシュエネルギー,SCRYDEX_DETAIL_HEADING_AFTER_H1,RESOLVED,HEADING_AFTER_H1:スプラッシュエネルギー,https://scrydex.com/pokemon/cards/splash-energy/xy_ja-164?variant=normal
XY,ハイクラスパック「THE BEST OF XY」,xy_ja,165,Flash Energy,,https://images.scrydex.com/pokemon/xy_ja-165/medium,https://scrydex.com/pokemon/cards/flash-energy/xy_ja-165?variant=normal,https://scrydex.com/pokemon/expansions/the-best-of-xy/xy_ja,フラッシュエネルギー,SCRYDEX_DETAIL_HEADING_AFTER_H1,RESOLVED,HEADING_AFTER_H1:フラッシュエネルギー,https://scrydex.com/pokemon/cards/flash-energy/xy_ja-165?variant=normal
XY,ハイクラスパック「THE BEST OF XY」,xy_ja,166,Mystery Energy,,https://images.scrydex.com/pokemon/xy_ja-166/medium,https://scrydex.com/pokemon/cards/mystery-energy/xy_ja-166?variant=normal,https://scrydex.com/pokemon/expansions/the-best-of-xy/xy_ja,ミステリーエネルギー,SCRYDEX_DETAIL_HEADING_AFTER_H1,RESOLVED,HEADING_AFTER_H1:ミステリーエネルギー,https://scrydex.com/pokemon/cards/mystery-energy/xy_ja-166?variant=normal
XY,ハイクラスパック「THE BEST OF XY」,xy_ja,167,Strong Energy,,https://images.scrydex.com/pokemon/xy_ja-167/medium,https://scrydex.com/pokemon/cards/strong-energy/xy_ja-167?variant=normal,https://scrydex.com/pokemon/expansions/the-best-of-xy/xy_ja,ストロングエネルギー,SCRYDEX_DETAIL_HEADING_AFTER_H1,RESOLVED,HEADING_AFTER_H1:ストロングエネルギー,https://scrydex.com/pokemon/cards/strong-energy/xy_ja-167?variant=normal
XY,ハイクラスパック「THE BEST OF XY」,xy_ja,168,Dangerous Energy,,https://images.scrydex.com/pokemon/xy_ja-168/medium,https://scrydex.com/pokemon/cards/dangerous-energy/xy_ja-168?variant=normal,https://scrydex.com/pokemon/expansions/the-best-of-xy/xy_ja,バッドエネルギー,SCRYDEX_DETAIL_HEADING_AFTER_H1,RESOLVED,HEADING_AFTER_H1:バッドエネルギー,https://scrydex.com/pokemon/cards/dangerous-energy/xy_ja-168?variant=normal
XY,ハイクラスパック「THE BEST OF XY」,xy_ja,169,Shield Energy,,https://images.scrydex.com/pokemon/xy_ja-169/medium,https://scrydex.com/pokemon/cards/shield-energy/xy_ja-169?variant=normal,https://scrydex.com/pokemon/expansions/the-best-of-xy/xy_ja,シールドエネルギー,SCRYDEX_DETAIL_HEADING_AFTER_H1,RESOLVED,HEADING_AFTER_H1:シールドエネルギー,https://scrydex.com/pokemon/cards/shield-energy/xy_ja-169?variant=normal
XY,ハイクラスパック「THE BEST OF XY」,xy_ja,170,Wonder Energy,,https://images.scrydex.com/pokemon/xy_ja-170/medium,https://scrydex.com/pokemon/cards/wonder-energy/xy_ja-170?variant=normal,https://scrydex.com/pokemon/expansions/the-best-of-xy/xy_ja,ワンダーエネルギー,SCRYDEX_DETAIL_HEADING_AFTER_H1,RESOLVED,HEADING_AFTER_H1:ワンダーエネルギー,https://scrydex.com/pokemon/cards/wonder-energy/xy_ja-170?variant=normal
XY,ハイクラスパック「THE BEST OF XY」,xy_ja,171,Double Dragon Energy,,https://images.scrydex.com/pokemon/xy_ja-171/medium,https://scrydex.com/pokemon/cards/double-dragon-energy/xy_ja-171?variant=normal,https://scrydex.com/pokemon/expansions/the-best-of-xy/xy_ja,ダブルドラゴンエネルギー,SCRYDEX_DETAIL_HEADING_AFTER_H1,RESOLVED,HEADING_AFTER_H1:ダブルドラゴンエネルギー,https://scrydex.com/pokemon/cards/double-dragon-energy/xy_ja-171?variant=normal
