card_id,set_code,card_number,card_name,current_rarity,scrydex_rarity,status
8953ec82-5a40-4b5c-888f-aa3ae6a57996,M2a,163,でんきだま,ー,,SCRYDEX_BLANK
b9357ee1-6ca5-41c7-b5ae-01e7aed81dd9,M2a,164,ぶあついうろこ,ー,,SCRYDEX_BLANK
08241160-a81a-4a72-bd63-1a98a8d897fc,M2a,165,ふうせん,ー,,SCRYDEX_BLANK
24c80808-e234-4945-af9e-d78e08d565f4,M2a,166,ブレイブバングル,ー,,SCRYDEX_BLANK
fcb07f70-92dc-461c-9572-f0bdc0d532d8,M2a,168,アイリスの闘志,ー,,SCRYDEX_BLANK
1d04366b-0191-4694-8b53-236184772da8,M2a,170,カナリィ,ー,,SCRYDEX_BLANK
d052f4b1-f015-4be0-8dec-3966277bfce3,M2a,173,バーベナとヘレナ,ー,,SCRYDEX_BLANK
6903659d-c737-4b79-a200-cc647d9b25f8,M2a,174,ヒビキの冒険,ー,,SCRYDEX_BLANK
67dcdbbf-4194-49b2-904a-5c3b128ddf5f,M2a,175,リーリエの決心,ー,,SCRYDEX_BLANK
7fc90511-a5d0-4899-afce-13ac0673cbda,M2a,177,ロケット団のアポロ,ー,,SCRYDEX_BLANK
2c8fa2d4-cb41-44cb-9eec-868bb096b268,M2a,178,ロケット団のサカキ,ー,,SCRYDEX_BLANK
9a1e24c5-2c87-44d8-9351-a4c276d922ba,M2a,179,ロケット団のラムダ,ー,,SCRYDEX_BLANK
2dad3138-d459-4b24-9b7e-dc7c46af8977,M2a,180,ロケット団のランス,ー,,SCRYDEX_BLANK
d97093d9-0e2f-424c-ae55-9f90dfdb0732,M2a,181,Nの城,ー,,SCRYDEX_BLANK
a1502cd7-3a79-49cf-bffb-767b1cbb4a22,M2a,004,ケムッソ,ー,,SCRYDEX_BLANK
a620f799-1437-4884-9ac9-3ba8b00c4ed5,M2a,182,活力の森,ー,,SCRYDEX_BLANK
7918412d-1bd2-4c42-90db-704d63d8b868,MC,679,カウンターゲイン,ー,,NOT_FOUND
eba7d7a9-0fca-4e1a-a57c-bac6b97e5689,MC,680,きらめく結晶,ー,,NOT_FOUND
56c9662f-efe3-48d2-aef4-15bb1ec9e453,MC,681,くさりもち,ー,,NOT_FOUND
4fdd562d-755c-4347-9011-081a30122e91,MC,684,デラックスボム,ー,,NOT_FOUND
2da5c0ac-795d-439c-b1dc-283c505f4290,MC,685,ナモのみ,ー,,NOT_FOUND
019bb635-bf71-41f7-ac19-fd0026ac83de,MC,686,ハバンのみ,ー,,NOT_FOUND
bf2bf0e9-a338-4b6f-bbad-8f982ab6e633,MC,012,モンジャラ,ー,,SCRYDEX_BLANK
432224aa-3352-4f03-b4aa-9f89328cf390,MC,689,ブレイブバングル,ー,,NOT_FOUND
726266e6-6c38-4eb7-84d7-e952efd9d9fd,MC,690,ホップのこだわりハチマキ,ー,,NOT_FOUND
191d8ca7-1260-4cb9-8f79-baf10c9dcb41,MC,692,リーリエのしんじゅ,ー,,NOT_FOUND
56678547-bb3e-4a10-98a3-81989a154534,MC,695,アオキの手際,ー,,NOT_FOUND
90f5ed1c-64ca-4a8c-a575-0f008310f71a,MC,697,アセロラのいたずら,ー,,NOT_FOUND
a0d75bf6-973e-4ffc-9abc-2b756a3908ce,MC,698,暗号マニアの解読,ー,,NOT_FOUND
795f8fab-61e5-4d49-9f6b-4caead8bf86f,MC,699,アンズの秘技,ー,,NOT_FOUND
c0ea29e9-e590-46f1-b34a-d2c78cc13ab9,MC,700,ウエートレス,ー,,NOT_FOUND
936616d7-c73d-4860-8107-40308a9f44c0,MC,701,Nの筋書き,ー,,NOT_FOUND
91085c2f-bc5d-4dd5-a4ff-852d41e2f471,MC,702,ガイ,ー,,NOT_FOUND
b677e47b-59d1-410d-b33d-4422439531a3,MC,703,カキツバタ,ー,,NOT_FOUND
fb5517e2-8482-4987-8d23-ef5370a9462b,MC,705,クセロシキのたくらみ,ー,,NOT_FOUND
28e61b2f-49fd-4a38-8734-4ab8828b9241,MC,706,コック,ー,,NOT_FOUND
e3e2ebb8-9f83-4bc7-8ff7-ff7b97e56782,MC,707,ゴヨウ,ー,,NOT_FOUND
21063bf4-112e-4992-aaec-3f46a24d0511,MC,708,サーファー,ー,,NOT_FOUND
753390d9-7b73-4172-abfd-d0ef9b7d9c92,MC,709,サザレ,ー,,NOT_FOUND
9839678d-8d15-4377-aaa6-df2a8c7ee23e,MC,710,シトロンの機転,ー,,NOT_FOUND
2456fa56-dba5-4b20-95b3-7c3d177848d9,MC,419,ペパーのノノクラゲ,ー,,NOT_FOUND
98c44613-ad6b-46da-a044-c1ce692cab3b,MC,712,スイレンのお世話,ー,,NOT_FOUND
6aeb7010-b734-4f4b-b7e1-2431f5518b21,MC,714,セイジ,ー,,NOT_FOUND
3b2f11b5-200f-4ce7-a146-c67cb150cb8c,MC,715,ゼイユ,ー,,NOT_FOUND
88527ede-0498-4e9c-a031-e8f97edec96d,MC,716,タロ,ー,,NOT_FOUND
4e6f4a01-4d51-4c98-a888-65466b92249a,MC,719,ドラセナ,ー,,NOT_FOUND
c84dd16c-f416-4aed-95d1-251ab151a208,MC,721,ハッサク,ー,,NOT_FOUND
05ab3e63-3172-41ea-aba4-309fb7c7d6d8,MC,660,ポケギア3.0,ー,,NOT_FOUND
f59ca0a3-4990-4c30-998b-20672f23cc50,MC,661,ポケバイタルA,ー,,NOT_FOUND
94f8e599-208e-4812-bd48-9b6943132c82,MC,662,ポケパッド,ー,,NOT_FOUND
91e52d52-f11b-46e0-9fd8-abb382ec05b1,MC,663,ポケモンいれかえ,ー,,NOT_FOUND
3842ba5f-75f8-4dc0-95b9-0c5f979fe801,MC,666,ホップのバッグ,ー,,NOT_FOUND
46f31426-6a0d-4c3b-a122-819475432b56,MC,667,むしとりセット,ー,,NOT_FOUND
dd6017f4-3e4f-4dc9-b07e-f2ce4fc18908,MC,668,むしよけスプレー,ー,,NOT_FOUND
652dd1e0-5192-4602-9d7b-25f7c36ac555,MC,669,モンスターボール,ー,,NOT_FOUND
b148b7ce-f418-41f7-ab99-0f1d450b96e3,MC,670,夜のタンカ,ー,,NOT_FOUND
ea99e99e-62aa-49ac-aaea-6341d1bfd4c5,M2a,186,ハロンタウン,ー,,SCRYDEX_BLANK
4feeb859-7c0b-4c91-8de4-d549c7797b69,M2a,162,シロナのパワーウエイト,ー,,SCRYDEX_BLANK
e0b483e0-238d-437e-a2c1-9dacbab4fe4a,M2a,167,ホップのこだわりハチマキ,ー,,SCRYDEX_BLANK
4b674b03-bdbc-48ba-aff8-6613e32496f8,M2a,169,アセロラのいたずら,ー,,SCRYDEX_BLANK
2eed6125-ea12-450d-809f-e04c82b1032a,M2a,171,サーファー,ー,,SCRYDEX_BLANK
2c39a4bf-ad2e-4345-84c0-505977748431,M2a,172,トウコ,ー,,SCRYDEX_BLANK
e65802e2-1354-402e-ab85-6005646a8db4,M2a,176,ロケット団のアテナ,ー,,SCRYDEX_BLANK
2b2755cb-24a8-44d0-b05f-554809e30471,MC,675,ロケット団のレシーバー,ー,,NOT_FOUND
4ef396d8-9eb0-48df-ab45-0a7386f5fc34,MC,676,イトケのみ,ー,,NOT_FOUND
7ea11260-6e32-41df-a8ca-e431ead48eb2,MC,677,ウタンのみ,ー,,NOT_FOUND
e384e85d-6a3a-40c8-b682-64b1f34cae22,MC,678,オッカのみ,ー,,NOT_FOUND
fe8bc740-8e05-4029-9186-2d2829828e60,MC,682,シロナのパワーウエイト,ー,,NOT_FOUND
63fd2eee-4121-4a56-83c6-389ac125ac54,MC,683,力の砂時計,ー,,NOT_FOUND
18bfd7f6-033c-4a65-8a5a-29ffa5c19335,MC,687,ヒーローマント,ー,,NOT_FOUND
320c28f3-16be-4e87-8d32-1dc65d0ca237,MC,688,ふうせん,ー,,NOT_FOUND
2e2495d0-ae17-4497-9c38-d2e4f0000c4a,MC,233,ビリリダマex,ー,,SCRYDEX_BLANK
f2581d3e-6df1-4847-82a6-3118a3c6a3b5,MC,541,キバゴ,ー,,NOT_FOUND
636d1f5b-12e5-4b93-8fb2-bfc5f8674af4,MBG,001,ゴース,,,SCRYDEX_BLANK
0355e160-cd84-4d64-871c-61132c5b54bf,MBG,002,ゴースト,,,SCRYDEX_BLANK
d68469ff-f40e-46c0-a643-aeaaa74bb1e8,MBG,003,メガゲンガーex,,,SCRYDEX_BLANK
87df2fa2-9561-4d12-b009-24d57a449297,MBG,004,ヤミカラス,,,SCRYDEX_BLANK
387c84d6-03ff-40de-840e-89d4a68f82c9,MBG,005,ドンカラス,,,SCRYDEX_BLANK
5225d8e0-29e4-46d1-b250-9744d1647d46,MBG,006,ヤミラミ,,,SCRYDEX_BLANK
983653ec-dfb0-4c5e-b995-3310d8c4bfcd,MBG,007,アブソル,,,SCRYDEX_BLANK
e471c7bf-47fb-434e-9a1a-cbe955534fc0,MBG,008,ムゲンダイナ,,,SCRYDEX_BLANK
89794e13-37c2-486c-95e8-02f3dabe2de2,MA,001,シェイミ,,,SCRYDEX_BLANK
3e19a497-ec50-4a2b-be9a-f80e031aeb69,MA,002,ミュウex,,,SCRYDEX_BLANK
fc371420-619b-4594-9ee5-3e5a86644c06,MA,003,キチキギスex,,,SCRYDEX_BLANK
6fde4d99-1b1e-4f9e-8125-c03a7d6fe693,MA,004,シャリタツ,,,SCRYDEX_BLANK
07140374-02f7-4efe-8e9f-755c1f3de27f,MA,005,ポッポ,,,SCRYDEX_BLANK
d5ba00e8-3231-4c3c-902a-f2b10459aa7e,MA,006,ピジョン,,,SCRYDEX_BLANK
bcc21b41-b914-44b6-bbf5-51e8ccb3b63a,MA,007,ピジョットex,,,SCRYDEX_BLANK
9061e4f4-e273-46bb-9a62-82c555f597e8,MA,008,ホーホー,,,SCRYDEX_BLANK
f397e282-d0dc-48fd-b472-3bfd465abd9b,MA,009,ヨルノズク,,,SCRYDEX_BLANK
760eb8d7-1921-49b2-8858-d110268a6f87,MA,010,イキリンコex,,,SCRYDEX_BLANK
2b91576b-0f3a-4502-ac86-1a5cb2711bbc,MA,011,アンフェアスタンプ,,,SCRYDEX_BLANK
3605d411-e0a2-441a-be7c-a068a686784c,MA,012,エネルギーつけかえ,,,SCRYDEX_BLANK
d22716b1-a397-4c53-b49b-e1e6d1db3a54,MA,013,エレキジェネレーター,,,SCRYDEX_BLANK
6a7ec1ca-0ecb-4f52-9607-631929927d6b,MA,014,カウンターキャッチャー,,,SCRYDEX_BLANK
ff4ab0cd-5ba5-47e2-8833-ecc53d8600b1,MA,015,すごいつりざお,,,SCRYDEX_BLANK
6a1c2ebc-ab64-4037-8946-4e5a76b4e04a,MA,016,大地の器,,,SCRYDEX_BLANK
9e37ec7b-3c31-4ff7-964f-2a21eaded18e,MA,017,ツールスクラッパー,,,SCRYDEX_BLANK
2c394f25-cd85-4991-a073-0f44599b69eb,MA,018,なかよしポフィン,,,SCRYDEX_BLANK
82af382e-a2ae-4fe9-87e0-88c86275674e,MA,019,ネストボール,,,SCRYDEX_BLANK
1d9f0e29-f57e-461d-aa73-3296081dbafe,MA,020,ハイパーボール,,,SCRYDEX_BLANK
e01b95bd-ab47-4059-892c-ea746302bafd,MA,021,ふしぎなアメ,,,SCRYDEX_BLANK
d36f530b-dc2a-4de6-b52e-9cf6fe6409e2,MA,022,プライムキャッチャー,,,SCRYDEX_BLANK
9d3b0ffc-5edf-4e46-b9ba-71db3183c82a,MA,023,ポケモンいれかえ,,,SCRYDEX_BLANK
63056fb7-1f96-4301-8f47-30529d7ee3ec,MA,024,むしとりセット,,,SCRYDEX_BLANK
e8d2ecb6-383c-4715-a80c-32835336579c,MA,025,メガシグナル,,,SCRYDEX_BLANK
26fdf63d-dcac-4a73-b705-864765eecba2,MA,026,夜のタンカ,,,SCRYDEX_BLANK
2372d218-95dc-45f5-96e2-bdc0a5fe738c,MA,027,カウンターゲイン,,,SCRYDEX_BLANK
9f29c838-3309-4735-abf2-a14a33db9802,MA,028,ガチガチバンド,,,SCRYDEX_BLANK
dd92a72f-4085-450b-bbcb-6b947f7b00e2,MA,029,ヒーローマント,,,SCRYDEX_BLANK
b0c718a3-08ce-4e1c-a98b-e8ec4b440215,MA,030,ふうせん,,,SCRYDEX_BLANK
d353afdd-9293-4165-afbd-f6f60d85be94,MA,031,マキシマムベルト,,,SCRYDEX_BLANK
6b931cb2-2b7b-4491-b161-292a151e8be9,MA,032,勇気のおまもり,,,SCRYDEX_BLANK
d90c40b1-eef3-4e8c-95ff-800bfa979efb,MA,033,ワザマシン エヴォリューション,,,SCRYDEX_BLANK
7c27c795-3aea-4db2-9a05-feff5d3d42b6,MA,034,ワザマシン デヴォリューション,,,SCRYDEX_BLANK
b1a9d054-305b-4b0f-b1c8-393fa67a19e9,MA,035,スグリ,,,SCRYDEX_BLANK
083df8a7-c6bb-42ce-9532-dca294a38867,MA,036,ナンジャモ,,,SCRYDEX_BLANK
cfe6e942-61fd-40cd-a3c2-a13cf6e5a919,MA,037,博士の研究,,,SCRYDEX_BLANK
68b1270f-1576-49bd-b7f9-8bafeb0b5964,MA,038,ペパー,,,SCRYDEX_BLANK
1a4958b9-0609-4cbc-990a-3066f33e7680,MA,039,ボスの指令,,,SCRYDEX_BLANK
8a859771-0b6b-421f-85ec-52ee888a8f9b,MA,040,ミツルの思いやり,,,SCRYDEX_BLANK
0a8478d5-6c5b-4a01-a074-e8ed64a107cb,MA,041,リーリエの決心,,,SCRYDEX_BLANK
649a7e82-f6b6-4229-b292-d9d6738d4f0a,MA,042,イグニッションエネルギー,,,SCRYDEX_BLANK
85a0a1d3-2386-4294-ba20-c00381203213,MA,043,プリズムエネルギー,,,SCRYDEX_BLANK
63728037-36f3-4d42-9113-9298df14abfa,MBD,001,ブルー,,,SCRYDEX_BLANK
f4d2102c-2d5c-445f-95bf-223db7d475ce,MBD,002,グランブル,,,SCRYDEX_BLANK
78069182-e745-488a-b065-6a464cd45b02,MBD,003,クレセリア,,,SCRYDEX_BLANK
913e1bb5-d84a-40e4-8c08-b62269d76978,MBD,004,メロエッタ,,,SCRYDEX_BLANK
154917fb-56cb-467e-801c-975be469fde0,MBD,005,メガディアンシーex,,,SCRYDEX_BLANK
1a70266a-797f-4046-b4bd-c42fa1910c33,MBD,006,ミミッキュ,,,SCRYDEX_BLANK
40e0119e-e491-4482-8a2e-11c715aaa341,MBD,007,マホミル,,,SCRYDEX_BLANK
bc2314b4-25fa-4bcb-afb5-346a3c603743,MBD,008,マホイップ,,,SCRYDEX_BLANK
7951a19b-1cb1-4256-8b11-d357fb3f50a4,MBD,009,シャリタツ,,,SCRYDEX_BLANK
b4ae47eb-b0a6-4cf1-8ccc-d768e38eed33,MBD,010,なかよしポフィン,,,SCRYDEX_BLANK
73360ffe-f9dc-4b34-a183-e6792f7681b5,MBD,011,ハイパーボール,,,SCRYDEX_BLANK
75196912-88df-4a93-bd91-70b4a1719e48,MBD,012,ポケモンいれかえ,,,SCRYDEX_BLANK
14ce1c62-1dc6-466a-8cee-b1b821e7e27b,MBD,013,メガシグナル,,,SCRYDEX_BLANK
92dbada6-aa7e-428e-bdaf-28fc8b0e67d5,MBD,014,夜のタンカ,,,SCRYDEX_BLANK
01099a84-8dc8-4ef9-a426-b75e7f24c51c,MBD,015,ワンダーパッチ,,,SCRYDEX_BLANK
2b286609-eae6-41fa-ba5f-1621b95bc46f,MBD,016,ヒーローマント,,,SCRYDEX_BLANK
0f8ed698-1cec-471f-b58e-4623bb2e4567,MBD,017,ふうせん,,,SCRYDEX_BLANK
2828c749-2fe6-44e4-a841-fb06eaca3639,MBD,018,アイリスの闘志,,,SCRYDEX_BLANK
13a4ebad-cff2-45c7-adb0-73f98c06e6b5,MBD,019,ボスの指令,,,SCRYDEX_BLANK
2bdc9a88-7178-4ff3-9437-ccd94e8ee185,MBD,020,リーリエの決心,,,SCRYDEX_BLANK
50982378-b66a-4b79-b223-9eb1a7c898af,MBD,021,ミステリーガーデン,,,SCRYDEX_BLANK
162aecc2-74e5-4a58-bfab-ff93ecdb4930,MBD,022,メロエッタ,,,SCRYDEX_BLANK
1635673a-0641-48a2-9a30-4016f2f94544,MBG,009,シャリタツ,,,SCRYDEX_BLANK
7ba5e953-6f7a-46bb-905b-899a0496f4b8,MBG,010,なかよしポフィン,,,SCRYDEX_BLANK
557e68b3-1689-4e84-b230-fe15288ed323,MBG,011,ハイパーボール,,,SCRYDEX_BLANK
a2a7ba52-b7c2-4b49-8ae2-41495f0067ef,MBG,012,ふしぎなアメ,,,SCRYDEX_BLANK
37601466-b18a-41b1-baf6-a63b108d6329,MBG,013,プライムキャッチャー,,,SCRYDEX_BLANK
64eb6a7a-f92b-44d1-85ec-bcbe6c146c25,MBG,014,ポケモンいれかえ,,,SCRYDEX_BLANK
ecd90685-5c61-4d60-ad49-934d29dc1939,MBG,015,メガシグナル,,,SCRYDEX_BLANK
a2fec034-5b7c-4ff6-bc97-1489a625a898,MBG,016,夜のタンカ,,,SCRYDEX_BLANK
22856158-afe5-4510-b06a-3841c8d44d76,MBG,017,パンクメット,,,SCRYDEX_BLANK
fcef4e1f-3a84-49d3-b85d-b47808182d1e,MBG,018,ふうせん,,,SCRYDEX_BLANK
0e1973f6-3bb2-4c0a-b377-f9398552ba16,MBG,019,アイリスの闘志,,,SCRYDEX_BLANK
6d01137c-9b0d-4cfa-b216-8953f11055a5,MBG,020,ボスの指令,,,SCRYDEX_BLANK
b5290ff5-0e8f-42e8-baa5-660fd9abec85,MBG,021,リーリエの決心,,,SCRYDEX_BLANK
5e14e099-8a8f-4995-9229-4ec522576dba,MBG,022,ゴースト,,,SCRYDEX_BLANK
fe7effeb-66e3-4ddf-afe9-cf818b9d4b9b,M2a,191,イグニッションエネルギー,ー,,SCRYDEX_BLANK
86206397-ce43-4c84-b987-3909b2877c90,MC,001,エリカのナゾノクサ,ー,,SCRYDEX_BLANK
1ac4a749-c2db-44c7-9e26-1212a65f132c,M2a,156,ホップのバッグ,ー,,SCRYDEX_BLANK
b21059d1-8227-4f9b-8c79-2ad368464e86,MC,691,マキシマムベルト,ー,,NOT_FOUND
47c86b19-dae9-4162-8c84-63303880738b,M2a,158,メガシグナル,ー,,SCRYDEX_BLANK
782de5b6-1660-4228-a7c5-91b0a27666ec,M2a,159,夜のタンカ,ー,,SCRYDEX_BLANK
259e5dde-6c89-4a8a-add9-8f161f58307f,M2a,183,グラビティーマウンテン,ー,,SCRYDEX_BLANK
b935b36f-b2fd-4850-8743-a27d0f62a340,M2a,184,ゼロの大空洞,ー,,SCRYDEX_BLANK
5ddc72c3-9280-4ad9-84b2-ba40e966eb24,M2a,188,夜の鉱山,ー,,SCRYDEX_BLANK
b80bfc41-1f30-41bc-85a0-8efe60bcf631,M2a,189,ロケット団の監視塔,ー,,SCRYDEX_BLANK
fb4ab271-be61-4508-8881-c9482fdf979e,M2a,190,ロケット団のファクトリー,ー,,SCRYDEX_BLANK
1cf5a937-d7d2-4abb-91b5-a4e8ab3b2c42,MC,659,ペパーのサンドウィッチ,ー,,NOT_FOUND
f8b86e39-ee88-4175-af16-f4785165fdea,MC,693,リリバのみ,ー,,NOT_FOUND
ee98b9c1-221c-4219-af78-211b56528f46,MC,694,アイリスの闘志,ー,,NOT_FOUND
56e1b88d-e395-4f85-8150-61675188b76d,MC,726,マチスの取引,ー,,NOT_FOUND
ede279c0-9a90-479b-b30c-fa15aa2bbf92,MC,696,アカマツ,ー,,NOT_FOUND
eeebbcb9-b209-4af6-a83d-c9955dc86cf5,MC,201,バイバニラ,ー,,SCRYDEX_BLANK
db050c0e-c93f-446e-a050-8f0d5fbcf141,MC,704,からておうの稽古,ー,,NOT_FOUND
7896657b-80ee-4db9-9316-d6f39e74cd1b,MC,711,ジャッジマン,ー,,NOT_FOUND
b40cd7f9-485e-4ef5-b62b-2c8e6e33f788,MC,713,スグリ,ー,,NOT_FOUND
5bd00dd7-c42d-4e04-95da-0753ecfc7e17,MC,731,ロケット団のアテナ,ー,,NOT_FOUND
1921dddb-6123-4b56-b47d-39e0953ea837,MC,401,マケンカニ,ー,,NOT_FOUND
88135278-1393-41c5-bbef-60735db6e724,MC,402,イワンコ,ー,,NOT_FOUND
87630e46-deb9-4199-a404-1d4b2eb6d311,MC,403,ルガルガン,ー,,NOT_FOUND
a096a63e-6adc-4c67-851a-5526e89fd0d1,MC,404,ドロバンコ,ー,,NOT_FOUND
cf4e981a-26ad-4041-9922-55a51faa28e3,MC,405,バンバドロ,ー,,NOT_FOUND
db20c818-f2ad-471e-aad7-81f5f6900da0,MC,717,探検家の先導,ー,,NOT_FOUND
de66c0d2-e9ea-443e-b0d7-852358313cfe,MC,718,トウコ,ー,,NOT_FOUND
55185f3b-ce33-4107-a8ab-2c4ff89f62d3,MC,720,ハイダイ,ー,,NOT_FOUND
84a562b2-77a0-40f0-b6c5-34dc1030e3d1,MC,722,ブライア,ー,,NOT_FOUND
6d34ebb1-4c31-4595-b57e-dc65b316bbeb,MC,664,ポケモン回収サイクロン,ー,,NOT_FOUND
b9188af7-4e5e-4c22-a60b-03606f399014,MC,665,ポケモンキャッチャー,ー,,NOT_FOUND
3b92385f-2c12-49a5-a3db-49c4294ab5f9,MC,737,スパイクエネルギー,ー,,NOT_FOUND
0e0673d3-636a-4a44-b123-bf268c21a39e,MC,738,ブーメランエネルギー,ー,,NOT_FOUND
17be9c43-2b71-40c4-943a-353253cf5d94,MC,601,タブンネ,ー,,NOT_FOUND
aacdd740-0b50-4764-bb75-b8cd9aa1ec2d,MC,602,メガタブンネex,ー,,NOT_FOUND
876ffdc4-9e1d-40a3-b6bc-616dae439de3,MC,603,チラーミィ,ー,,NOT_FOUND
37489bcb-e923-45c4-83e2-3dc36fc9eb84,MC,604,チラチーノ,ー,,NOT_FOUND
8dbdae74-025b-4a64-83a0-28b00aefce5f,MC,671,リブートポッド,ー,,NOT_FOUND
73a6a0fb-8241-464e-b711-61cc260343c5,MC,DAR,基本悪エネルギー,ー,,NOT_FOUND
1577f51b-7f40-431a-a22f-8253546c1808,MC,FIG,基本闘エネルギー,ー,,NOT_FOUND
efb1b524-e848-47a7-998d-efc115d35a6b,M2a,157,むしとりセット,ー,,SCRYDEX_BLANK
f6057fc4-622a-47cd-aaab-91e317f8ecfe,M2a,109,ズルッグ,ー,,SCRYDEX_BLANK
9a048fa0-e9a7-4e04-bacf-db8d4fe01c89,MC,616,ヌイコグマ,ー,,NOT_FOUND
a51eb589-c692-43b8-a041-98528078e3f2,MC,766,メガリザードンYex,ー,,NOT_FOUND
371e818b-fb43-4ae1-9ebd-9f6d2cccc92d,MC,FIR,基本炎エネルギー,ー,,NOT_FOUND
26815165-33dc-4ec7-a5bc-1cd7115f4709,MC,GRA,基本草エネルギー,ー,,NOT_FOUND
dc6f8036-c8a7-4434-82f5-3ec6a5025b35,MC,LIG,基本雷エネルギー,ー,,NOT_FOUND
49ee7d83-8e44-4b46-bb45-9bad9fd27bb6,MC,MET,基本鋼エネルギー,ー,,NOT_FOUND
b5a9a37b-c551-4af1-abde-db5a0a0158b0,MC,PSY,基本超エネルギー,ー,,NOT_FOUND
ddd87774-2747-4b8b-8d7c-e980a5bf14d1,MC,WAT,基本水エネルギー,ー,,NOT_FOUND
a6047c05-43d4-4064-af1c-7dd659cdd4f6,M2a,152,テラスタルオーブ,ー,,SCRYDEX_BLANK
b11d991f-71df-4b15-b4d3-a6b71dba5bf7,M2a,153,なかよしポフィン,ー,,SCRYDEX_BLANK
eb49c7af-330c-4adc-9021-99b389e2d0af,M2a,154,パワープロテイン,ー,,SCRYDEX_BLANK
0433cf94-abd0-48a9-94d1-36e0a63ef5c8,M2a,155,ファイトゴング,ー,,SCRYDEX_BLANK
5f6b007c-154d-4c9a-b67d-9c6995598e38,MC,728,ミカンのまなざし,ー,,NOT_FOUND
861dc41d-0590-45ae-ae07-f0193942c2ae,MC,729,リーリエの決心,ー,,NOT_FOUND
3bee0c85-cae5-44a7-9433-7a5168c8970b,M2a,160,ロケット団のレシーバー,ー,,SCRYDEX_BLANK
ff115e8b-a99c-4112-bb01-cb44721bd43b,M2a,161,カウンターゲイン,ー,,SCRYDEX_BLANK
b724e539-643e-4490-a4bd-1eed8db5f130,M2a,185,ハッコウシティ,ー,,SCRYDEX_BLANK
67bd273c-d4a3-46a6-ab6c-206c598272a4,M2a,187,ミステリーガーデン,ー,,SCRYDEX_BLANK
57cedf54-ed9b-4a5d-a415-a0d53245f578,M2a,192,プリズムエネルギー,ー,,SCRYDEX_BLANK
cdda3040-e650-469a-b7c0-60171496a99c,M2a,193,ロケット団エネルギー,ー,,SCRYDEX_BLANK
83a1b131-74b2-49d5-b83f-3636f801ee13,MC,672,竜の秘薬,ー,,NOT_FOUND
07bce131-f1f0-4fc1-ba86-54ddad9ee739,MC,673,ロケット団のスーパーボール,ー,,NOT_FOUND
ffd3aa9a-bd52-4eb0-b39d-69b58f93296c,MC,674,ロケット団のびっくりボム,ー,,NOT_FOUND
e7aa8a39-edcb-4afa-ab62-a1a04bb741e9,MC,723,ベルのまごころ,ー,,NOT_FOUND
8906b54d-2d93-4939-8ccb-f4a3efd5c69c,MC,724,ボスの指令,ー,,NOT_FOUND
4d6f2c30-f706-4630-85bc-406ca39e3a86,MC,725,マコモ,ー,,NOT_FOUND
eeb7fe04-b63e-4243-b466-a5199f0c1961,MC,727,マツバの確信,ー,,NOT_FOUND
3f08718d-20f2-4af9-b8f2-1c4dcda23f17,MC,730,ルチアのアピール,ー,,NOT_FOUND
0f53afb6-f10d-43c9-b7c4-db0cf454cff4,MC,732,ロケット団のアポロ,ー,,NOT_FOUND
d017aacc-4be0-40a5-af7e-365204facbb9,MC,733,ロケット団のサカキ,ー,,NOT_FOUND
a31b32d9-2024-4c2a-90f7-2e66bbd02050,MC,734,ロケット団のラムダ,ー,,NOT_FOUND
bd6fd918-d03d-41bb-ac8d-b7c62ae99972,MC,735,ロケット団のランス,ー,,NOT_FOUND
efeb5e28-dd1d-45fa-bdbf-ab46120e91c6,MC,736,イグニッションエネルギー,ー,,NOT_FOUND
c023872d-e4e5-4b31-9ce7-4a8f63fed36c,MC,739,プリズムエネルギー,ー,,NOT_FOUND
35eb4f52-6351-472c-bf67-4d8dc95dab39,MC,740,リッチエネルギー,ー,,NOT_FOUND
3e8298b8-5ef2-442d-8627-7bdb6244fc1a,MC,741,レガシーエネルギー,ー,,NOT_FOUND
39124ae5-8e17-4061-9414-b21cd30d4d77,MC,742,ロケット団エネルギー,ー,,NOT_FOUND
0eb40bc2-7e85-45b5-a730-66b261a7f9dc,M-P,155,リオル,PROMO,,NOT_FOUND
b6ebb382-68b9-416d-8602-13bdfc9ce11b,M-P,164,メガゼラオラex,PROMO,,NOT_FOUND
b66623b1-e6c1-430b-9955-63bb67d2de58,M2a,001,ヒビキのカイロス,ー,,SCRYDEX_BLANK
e6048670-faaf-4737-b3be-7a252a7f581c,M2a,002,ヤンヤンマ,ー,,SCRYDEX_BLANK
034499d4-0374-46c2-aeb1-1af575358b73,M2a,005,カラサリス,ー,,SCRYDEX_BLANK
d80f9054-8d10-4793-885f-92f076725b51,M2a,006,アゲハント,ー,,SCRYDEX_BLANK
eac4b227-b7db-4d17-ab9c-0aba6784cd8f,M2a,007,マユルド,ー,,SCRYDEX_BLANK
53441a16-6d5e-4ec4-aa09-95393323813f,M2a,008,ドクケイル,ー,,SCRYDEX_BLANK
89f77896-495c-445b-ad48-92bc53993031,M2a,009,シロナのロゼリア,ー,,SCRYDEX_BLANK
9b2c7509-18ed-4374-bc00-7dbc89d248cd,M2a,010,シロナのロズレイド,ー,,SCRYDEX_BLANK
a1567e74-800f-46e5-aaca-44874ea8101d,M2a,011,スボミー,ー,,SCRYDEX_BLANK
b7171272-ff57-49c9-9c15-c784da063f28,MC,212,ウェルカモ,ー,,SCRYDEX_BLANK
2177a778-d2ff-44ca-82f5-c124bce52a0d,M2a,012,シェイミ,ー,,SCRYDEX_BLANK
9790efd5-6b17-4063-8ccd-d6e2eb110f42,M2a,013,イシズマイ,ー,,SCRYDEX_BLANK
abd3be9f-0678-4da5-8935-b01cd50df3ef,M2a,014,イワパレス,ー,,SCRYDEX_BLANK
9084d702-2251-4ef5-a21e-370359219dbe,M2a,015,ロケット団のタマンチュラ,ー,,SCRYDEX_BLANK
290555d0-1e62-4708-b99e-7d7a9161dec0,M2a,016,ロケット団のワナイダー,ー,,SCRYDEX_BLANK
cee04892-91f3-40e0-97ad-34a015abaae5,M2a,018,ヒビキのマグマッグ,ー,,SCRYDEX_BLANK
957a3389-e5ca-4092-9333-17e2df80e1ea,M2a,019,ヒビキのマグカルゴ,ー,,SCRYDEX_BLANK
eac7345a-3bd4-413a-903f-69a2a5ebd3a3,M2a,020,エンテイ,ー,,SCRYDEX_BLANK
024e6815-534c-450c-be08-8d003a291c5f,M2a,022,ドンメル,ー,,SCRYDEX_BLANK
2b3d8a88-26c6-4ed4-abb2-b934dffb3dd0,M2a,023,バクーダ,ー,,SCRYDEX_BLANK
24ba205c-6121-4af1-9678-cefe98ba00fe,M2a,024,ポカブ,ー,,SCRYDEX_BLANK
a9439fb3-31c1-4fcb-bca5-7823245d703e,M2a,025,チャオブー,ー,,SCRYDEX_BLANK
cb5d09e7-4907-4eea-8fd4-1d5faf9ce7ba,M2a,026,エンブオー,ー,,SCRYDEX_BLANK
12a22afa-9577-4476-8330-9ae61f0a47ee,M2a,027,Nのダルマッカ,ー,,SCRYDEX_BLANK
83eb3673-58ac-48e6-bda9-bf5170825fba,M2a,028,Nのヒヒダルマ,ー,,SCRYDEX_BLANK
1817d0c3-2c39-40f9-be2c-0693acb7d58f,M2a,030,カルボウ,ー,,SCRYDEX_BLANK
2f7f1ca8-faf3-49eb-bead-08d81f2c2dd5,M2a,032,コダック,ー,,SCRYDEX_BLANK
f9f6100e-4804-4262-b9c6-e9c8d61f2720,M2a,033,ゴルダック,ー,,SCRYDEX_BLANK
c7bb0a29-a1cd-456d-bce7-07a24604738f,M2a,034,ロケット団のフリーザー,ー,,SCRYDEX_BLANK
1766e7eb-81aa-415c-a3ed-e593e57dcb92,M2a,035,ユキワラシ,ー,,SCRYDEX_BLANK
9bf93de4-829d-4677-9ffd-a7f28d5728fc,M2a,037,Nのバニプッチ,ー,,SCRYDEX_BLANK
7e0c5821-e9ce-48c2-9169-088e3de3f40f,M2a,038,Nのバニリッチ,ー,,SCRYDEX_BLANK
0362620d-4cfa-4f8d-aac4-13a459bd6002,M2a,039,Nのバイバニラ,ー,,SCRYDEX_BLANK
e27176b9-56f4-4bb9-a41f-5cd242320725,M2a,040,ユキハミ,ー,,SCRYDEX_BLANK
646b995d-b5ee-43f1-ad16-586c0379f3a5,M2a,041,モスノウ,ー,,SCRYDEX_BLANK
8f003e35-c441-4c86-93ea-46db18eb5125,M2a,042,ブリザポス,ー,,SCRYDEX_BLANK
d2ccffef-0871-4047-b6d9-79aadb1e1b61,M2a,043,パオジアン,ー,,SCRYDEX_BLANK
6d5a2013-7d77-440d-83cf-ee7c6464f00d,M2a,223,メガリザードンXex,SR,,SCRYDEX_BLANK
9f1d688c-f349-4e0e-a58c-6f09072d0436,M2a,045,コイル,ー,,SCRYDEX_BLANK
e2b90329-2d29-4f7d-a707-999d743e56c8,M2a,046,レアコイル,ー,,SCRYDEX_BLANK
f84b42d0-970a-4f45-abb8-02bf414166b7,M2a,047,シビシラス,ー,,SCRYDEX_BLANK
887a3383-feb8-4c32-94fe-1f162f69a54a,M2a,048,シビビール,ー,,SCRYDEX_BLANK
53c73021-b1ba-480e-a7c6-d8c545a9ce1d,M2a,050,マッギョ,ー,,SCRYDEX_BLANK
a1342466-3d14-4f4e-a98d-3bef54fd523a,M2a,052,エリキテル,ー,,SCRYDEX_BLANK
d8b1dd44-918c-47bc-80b4-2a1d395b0b79,M2a,053,エレザード,ー,,SCRYDEX_BLANK
67d2a27c-6f5b-451b-bdcf-1e105b566b53,M2a,054,カプ・コケコ,ー,,SCRYDEX_BLANK
36033df0-7b14-4b00-81ab-e0e29e8fcf92,M2a,055,ゼラオラ,ー,,SCRYDEX_BLANK
197fd83d-91c8-46bf-ba34-67b1fb77608f,M2a,056,ナンジャモのズピカ,ー,,SCRYDEX_BLANK
7edcc6c0-f263-4634-97f0-a265092d9fb2,M2a,069,ラルトス,ー,,SCRYDEX_BLANK
cf8066dc-5b8a-4712-b0b0-823c8cf4ca63,M2a,058,ナンジャモのカイデン,ー,,SCRYDEX_BLANK
d6e4a851-29ed-490c-a531-8d6031a03cd2,M2a,059,ナンジャモのタイカイデン,ー,,SCRYDEX_BLANK
bc76ce92-7b3d-4ee9-9ee9-49c321e2a300,M2a,061,ロケット団のタマタマ,ー,,SCRYDEX_BLANK
e842e6fc-a34b-4337-91e7-0359b7d6fda1,M2a,062,ロケット団のナッシー,ー,,SCRYDEX_BLANK
67aee792-0b53-4408-8b21-5b0fa098203a,M2a,064,トゲピー,ー,,SCRYDEX_BLANK
af07372b-b97c-4b18-9654-d17db61c1d21,M2a,065,トゲチック,ー,,SCRYDEX_BLANK
4d0e89da-fb1b-47ce-84cd-aa80a1decd08,M2a,066,トゲキッス,ー,,SCRYDEX_BLANK
0f02e958-02fb-4054-b2a1-d9a05ba7dde6,M2a,067,ムウマ,ー,,SCRYDEX_BLANK
72543827-7bbe-48de-bf23-533294bad110,M2a,068,ムウマージ,ー,,SCRYDEX_BLANK
552377a7-d4de-4253-96f1-e89f6022175d,M2a,070,キルリア,ー,,SCRYDEX_BLANK
8b5d89ca-f2a6-474a-bffe-02462352d106,M2a,072,ヨマワル,ー,,SCRYDEX_BLANK
0a8ae685-8aa8-4fca-a4c3-e834933e56d2,M2a,073,サマヨール,ー,,SCRYDEX_BLANK
1fc8e1ae-a368-4db4-ac39-87a840c049ea,M2a,074,ヨノワール,ー,,SCRYDEX_BLANK
d66c3413-8684-4cb6-a87e-deba94a3cc09,M2a,076,ロトム,ー,,SCRYDEX_BLANK
37638935-25fe-483b-883d-2cad412aee46,M2a,077,ホップのボクレー,ー,,SCRYDEX_BLANK
e3d6991f-17ad-4edb-9d47-061c953bec54,M2a,078,ホップのオーロット,ー,,SCRYDEX_BLANK
414326c8-bbaf-41d7-82af-18804814c4a5,M2a,079,ロケット団のミミッキュ,ー,,SCRYDEX_BLANK
bbed545d-7fd3-4aa7-9f34-8bc805368219,M2a,080,レイスポス,ー,,SCRYDEX_BLANK
38f0da53-038f-46a7-a952-912658695cad,M2a,081,マシマシラ,ー,,SCRYDEX_BLANK
e6a7b7b5-533c-4107-9160-ec049893a010,M2a,082,ロケット団のディグダ,ー,,SCRYDEX_BLANK
378ca99b-cbf0-48e7-923e-a9144ca6188c,M2a,083,ロケット団のダグトリオ,ー,,SCRYDEX_BLANK
753199e8-411c-4d4b-a381-7fa7c3fd1c06,M2a,084,アサナン,ー,,SCRYDEX_BLANK
5c480f94-d80a-45c4-a44a-8279ad67e651,M2a,085,チャーレム,ー,,SCRYDEX_BLANK
5b8127ae-4ee4-4d1e-9e84-627481fe9ea1,M2a,086,ルナトーン,ー,,SCRYDEX_BLANK
abacd829-dcbd-4ab7-8114-c48bb4bcbc2a,M2a,087,ソルロック,ー,,SCRYDEX_BLANK
993f17bd-0d31-4789-a1f1-4b97069c07bc,M2a,088,シロナのフカマル,ー,,SCRYDEX_BLANK
a41cf63f-52f7-48fb-bd63-464dd6b59147,M2a,089,シロナのガバイト,ー,,SCRYDEX_BLANK
a19a82b0-2920-48ae-86bc-3522fc1d3cbd,M2a,091,リオル,ー,,SCRYDEX_BLANK
6617dec0-7e45-4df5-8684-c34beb1b271b,M2a,093,ヤンチャム,ー,,SCRYDEX_BLANK
5b92312b-2325-4c12-90f3-0121b8216963,M2a,095,タンドン,ー,,SCRYDEX_BLANK
d8f2af52-66b1-430b-b015-095981b6b9e0,M2a,096,トロッゴン,ー,,SCRYDEX_BLANK
c908b1da-df08-4301-a979-4a4657bae99c,M2a,097,セキタンザン,ー,,SCRYDEX_BLANK
aaaf5708-74c7-4f28-b6f2-17d7bfb5de2f,M2a,098,イイネイヌ,ー,,SCRYDEX_BLANK
31ca19b0-d838-4fea-9e39-e3f0fe84fca9,M2a,099,ロケット団のズバット,ー,,SCRYDEX_BLANK
ab56a264-989c-4814-b714-6834f2da9c7a,M2a,100,ロケット団のゴルバット,ー,,SCRYDEX_BLANK
a55440f7-451e-4df3-a9a9-130b19633425,M2a,102,ロケット団のヤミカラス,ー,,SCRYDEX_BLANK
58dac680-7169-4741-b981-eb7ce9e756a8,M2a,103,ロケット団のドンカラス,ー,,SCRYDEX_BLANK
f0204814-2164-4aa5-a67d-5a448f81e402,M2a,104,ロケット団のニューラ,ー,,SCRYDEX_BLANK
13568bce-8433-4985-a970-0b5940e1cb6d,M2a,105,ガラル ジグザグマ,ー,,SCRYDEX_BLANK
622b0e74-bd9b-417c-a69c-f4339214e982,M2a,106,ガラル マッスグマ,ー,,SCRYDEX_BLANK
c9af55d4-7a69-403a-a30f-5fd361302f7e,M2a,107,ガラル タチフサグマ,ー,,SCRYDEX_BLANK
517c7125-cacc-4494-a335-e52916837c73,M2a,108,シロナのミカルゲ,ー,,SCRYDEX_BLANK
e7f4ef7e-26a8-4db4-9f07-fbbe6e85b98b,M2a,111,Nのゾロア,ー,,SCRYDEX_BLANK
00d24bd6-dddb-4d4b-a907-2d4b749fbcbd,M2a,113,ゴロンダ,ー,,SCRYDEX_BLANK
bd3ce63c-0578-4523-93c4-52aa6209a61f,M2a,115,モモワロウ,ー,,SCRYDEX_BLANK
c55fb424-a3d0-468b-bd08-dc3e166d2272,M2a,116,コマタナ,ー,,SCRYDEX_BLANK
cb464090-993c-4f77-8e09-765b428ff2cb,M2a,117,キリキザン,ー,,SCRYDEX_BLANK
ef43a11c-0292-427c-9a9e-3b54d22518b8,M2a,118,ドドゲザン,ー,,SCRYDEX_BLANK
0f31b384-b4de-40b3-97a7-0c63557d1bfe,M2a,130,オンバット,ー,,SCRYDEX_BLANK
7e2c9ce6-d171-43ab-b6f4-0c4b8ea7d4ea,M2a,120,マギアナ,ー,,SCRYDEX_BLANK
68a8f3ed-149f-48c2-b7de-78505ed5149d,M2a,121,ジュラルドン,ー,,SCRYDEX_BLANK
0bb403e4-2848-4afa-8d20-cca8f02a2484,M2a,124,ミニリュウ,ー,,SCRYDEX_BLANK
ce34cc38-3766-4e04-82b5-db5ebc40cb4e,M2a,125,ハクリュー,ー,,SCRYDEX_BLANK
2aea2492-d20e-448c-b3c7-c3521dc1fa11,M2a,127,レックウザ,ー,,SCRYDEX_BLANK
ed64e767-cb9a-455d-8d5f-31dc301ba5bc,M2a,128,Nのレシラム,ー,,SCRYDEX_BLANK
7c1d88ef-e317-4640-9c66-4316cfdbd5cb,M2a,129,Nのゼクロム,ー,,SCRYDEX_BLANK
a054b4bc-982f-4e6f-8e71-cc94730d4e13,M2a,131,オンバーン,ー,,SCRYDEX_BLANK
3a18f189-bea5-4abc-98e0-789897e339c4,M2a,132,ドラメシヤ,ー,,SCRYDEX_BLANK
bcceb4c2-a9f7-4f4b-9faa-673de754030d,M2a,133,ドロンチ,ー,,SCRYDEX_BLANK
7b42cfb7-0e3e-4675-be59-d18ab43481f4,M2a,135,シャリタツ,ー,,SCRYDEX_BLANK
92910fce-67c5-4412-9fc2-b1797b8c9bf1,M2a,136,ホップのカビゴン,ー,,SCRYDEX_BLANK
a2e29f91-a6b6-48fa-97ea-18b5aee91fca,M2a,137,ホーホー,ー,,SCRYDEX_BLANK
572ff17e-22a7-4271-87ab-8a342589f657,M2a,138,ヨルノズク,ー,,SCRYDEX_BLANK
d0cd32cc-2fe1-45bf-80ca-e6009f6e1714,M2a,139,スピンロトム,ー,,SCRYDEX_BLANK
44454377-9e9f-49f0-aa35-f0cda9fa67c7,M2a,140,バッフロン,ー,,SCRYDEX_BLANK
55ec2b0e-33c4-444e-9d22-e6ae8decb678,M2a,141,ホップのウールー,ー,,SCRYDEX_BLANK
1f811b64-7559-419b-9c54-e1248b29ae5f,M2a,142,ホップのバイウールー,ー,,SCRYDEX_BLANK
585bb004-b635-4a13-a23d-ddf47335877b,M2a,143,ホップのウッウ,ー,,SCRYDEX_BLANK
a1aba18b-4a17-4e99-a597-0fec44e1d9aa,M2a,144,テラパゴス,ー,,SCRYDEX_BLANK
c5c65296-4341-4338-9f68-a3e8f187a818,M2a,146,Nのポイントアップ,ー,,SCRYDEX_BLANK
3ab1fd80-bc47-41fc-a48f-21e91833ed0c,M2a,147,エネルギーリサイクル,ー,,SCRYDEX_BLANK
176732e8-3953-451e-ac83-83ab67e9d186,M2a,148,改造ハンマー,ー,,SCRYDEX_BLANK
c41187e5-54d0-4398-8b95-eef9b37bf9f7,M2a,149,ガラスのラッパ,ー,,SCRYDEX_BLANK
07980ede-6dd6-454f-bbe5-05b782e895ac,M2a,150,せいなるはい,ー,,SCRYDEX_BLANK
6ec61855-84ca-46ae-b590-cb44ebbdb41e,M2a,151,ツールスクラッパー,ー,,SCRYDEX_BLANK
3c1bbfb4-9459-4564-914e-65c79948bc96,M2a,224,メガユキメノコex,SR,,SCRYDEX_BLANK
ec4fdfb7-3766-4d82-99e9-0fd20fb0a56a,M2a,225,メガシビルドンex,SR,,SCRYDEX_BLANK
4c48277a-409d-43e8-8746-371f71484b43,M2a,226,メガサーナイトex,SR,,SCRYDEX_BLANK
5b4b2016-546c-4567-900c-24048546bdc1,M2a,227,メガディアンシーex,SR,,SCRYDEX_BLANK
9a6456ae-9355-4117-8b2e-3bf151df1c7a,M2a,228,メガルカリオex,SR,,SCRYDEX_BLANK
2f81fd40-26a2-4487-b78e-9a08529681f8,M2a,229,メガルチャブルex,SR,,SCRYDEX_BLANK
e7f92c05-4c1f-468c-a52d-6e479d0fc923,M2a,230,メガゲンガーex,SR,,SCRYDEX_BLANK
dca01781-8d22-4659-b8fc-acc7c748ae7c,M2a,231,メガズルズキンex,SR,,SCRYDEX_BLANK
f6f74119-c654-4f5b-afaa-1c81803afe75,M2a,232,メガカイリューex,SR,,SCRYDEX_BLANK
f4665673-4e53-4833-8056-c22aec19d30b,MC,010,タマタマ,ー,,SCRYDEX_BLANK
bc98c9f1-f524-4bbc-b638-bef8be191751,MC,034,ナエトル,ー,,SCRYDEX_BLANK
1acac49f-89aa-4ffd-bb41-74506c535796,MC,057,アゴジムシ,ー,,SCRYDEX_BLANK
8d56a046-ea9c-49ec-ab7e-0c4fa6c7926a,MC,058,ネマシュ,ー,,SCRYDEX_BLANK
ff4bb130-c962-44f4-8de6-18d36f866cef,MC,130,ニャビー,ー,,SCRYDEX_BLANK
a3fdba84-5d65-42b4-aa7c-e5d1165d78bf,MC,002,エリカのクサイハナ,ー,,SCRYDEX_BLANK
7fe68351-8881-4338-b606-2975a26d2f80,MC,003,エリカのラフレシアex,ー,,SCRYDEX_BLANK
16f8c8c8-039b-4ff1-b4d8-8e9a5a710975,MC,004,パラス,ー,,SCRYDEX_BLANK
c210d7e1-fe0d-42e9-815d-9b25358e4f67,MC,005,パラセクト,ー,,SCRYDEX_BLANK
73f886ce-b74e-4c9b-8c1e-f01e84d400f4,MC,006,エリカのマダツボミ,ー,,SCRYDEX_BLANK
145274aa-7ff5-4cdd-b7b0-2502146d32e4,MC,007,エリカのウツドン,ー,,SCRYDEX_BLANK
94d88b19-084c-4805-9cd8-a544b2301267,MC,008,エリカのウツボット,ー,,SCRYDEX_BLANK
c7604bc7-aea7-4d93-ab84-ca11a1a6dd3f,MC,009,タマタマ,ー,,SCRYDEX_BLANK
3370db03-d538-49e4-8cb8-7fdf9d219cc1,MC,142,ホゲータ,ー,,SCRYDEX_BLANK
d7c1c224-d783-41d2-8b0e-519eb2ef4f4d,MC,143,アチゲータ,ー,,SCRYDEX_BLANK
27a4b4b9-0b38-4330-a28b-5216a4568a3d,MC,202,フリージオ,ー,,SCRYDEX_BLANK
d940f34d-135a-499c-9315-011005365648,MC,203,キュレムex,ー,,SCRYDEX_BLANK
230d31d0-0922-4e7a-99f1-18b8ed06b5e1,MC,204,ブラックキュレムex,ー,,SCRYDEX_BLANK
00f234f8-1cc6-4fbd-aca8-be2ea8b2d8f8,MC,205,ケルディオex,ー,,SCRYDEX_BLANK
fc80b262-efda-405e-91d4-d98683674a43,MC,206,ケロマツ,ー,,SCRYDEX_BLANK
3203c338-2f65-4088-841c-deba2f4fe15f,MC,207,ゲコガシラ,ー,,SCRYDEX_BLANK
22c0fb17-6d68-407d-8b4f-7f1caaf13b4e,MC,208,ゲッコウガex,ー,,SCRYDEX_BLANK
4f66ef4a-27c8-4745-aee4-27da07251716,MC,209,ケケンカニ,ー,,SCRYDEX_BLANK
4e2b5b7e-c427-4db9-963c-80f7e7f74310,MC,210,ウッウ,ー,,SCRYDEX_BLANK
6969f838-5345-4464-9137-1bbe9810ba90,MC,211,クワッス,ー,,SCRYDEX_BLANK
97423a6f-a885-4f46-a73e-4cd452de6716,MC,011,ナッシー,ー,,SCRYDEX_BLANK
745b12d6-0b8e-4116-ae74-4c2d5161cc02,MC,013,モジャンボ,ー,,SCRYDEX_BLANK
d81a059b-5f51-4ecf-8c5a-b723a5a018e0,MC,014,エリカのモンジャラ,ー,,SCRYDEX_BLANK
5b511a27-2349-448f-823b-8ced26000200,MC,015,ストライク,ー,,SCRYDEX_BLANK
3234de91-ea9f-47ef-abde-f8f8191db3d7,MC,016,チコリータ,ー,,SCRYDEX_BLANK
78ee1697-315e-4f81-97ef-86eb1ba9a3e8,MC,017,ベイリーフ,ー,,SCRYDEX_BLANK
0175154d-96af-440c-881c-783f6b1dc064,MC,018,メガメガニウムex,ー,,SCRYDEX_BLANK
65583402-4250-490d-bae0-63719846f21e,MC,019,レディバ,ー,,SCRYDEX_BLANK
424fbd80-9536-4fd3-803a-ceb9a23d2ebb,MC,020,レディアン,ー,,SCRYDEX_BLANK
adf51983-e1fd-448c-b3aa-fb02a6ef6f18,MC,021,ヤンヤンマ,ー,,SCRYDEX_BLANK
c0f27bc1-7ea7-4e5e-9530-17033d869683,MC,022,メガヤンマex,ー,,SCRYDEX_BLANK
897d0b49-24e7-43a2-b8c1-883d8a24136e,MC,023,ツボツボ,ー,,SCRYDEX_BLANK
64d7b10a-a940-41c1-8967-984a084fc349,MC,024,ヘラクロス,ー,,SCRYDEX_BLANK
fcdc0675-02c7-4dd5-b2df-0f21f61a6f67,MC,025,セレビィ,ー,,SCRYDEX_BLANK
790eb721-7652-4536-8aa7-1db947daa4c3,MC,026,キノココ,ー,,SCRYDEX_BLANK
894124d3-03bb-478e-ba35-201cb43dc1c1,MC,027,キノココ,ー,,SCRYDEX_BLANK
7047ea47-9454-48d5-9a40-1b1ef0bb3b5e,MC,028,キノガッサ,ー,,SCRYDEX_BLANK
52843743-02c7-467b-afcb-b88e7a84b416,MC,029,キノガッサ,ー,,SCRYDEX_BLANK
3e3d56ac-6081-46cb-8b93-7c50a911eaec,MC,030,ロゼリア,ー,,SCRYDEX_BLANK
e0eb5d90-c9ef-4d67-9c04-f4b1106eafb8,MC,031,ロズレイド,ー,,SCRYDEX_BLANK
2db84fae-9a85-4c82-8565-93afc6703e26,MC,032,シロナのロゼリア,ー,,SCRYDEX_BLANK
0593ffaf-a652-480a-a346-b10064d8d94b,MC,033,シロナのロズレイド,ー,,SCRYDEX_BLANK
d28d89eb-786e-445f-9584-4c17ae9485fd,MC,035,ハヤシガメ,ー,,SCRYDEX_BLANK
742ad8b4-8148-42f2-8d26-2bae61d9dea5,MC,036,ドダイトスex,ー,,SCRYDEX_BLANK
93846189-b39c-480f-8627-afa9838b7641,MC,037,リーフィア,ー,,SCRYDEX_BLANK
7c6b3999-4850-4f86-bcbe-170bb02424b6,MC,038,リーフィアex,ー,,SCRYDEX_BLANK
37ffa307-ff00-4038-a9d4-4f3831acae11,MC,039,シェイミ,ー,,SCRYDEX_BLANK
775dd1b5-c733-4c36-87a7-5504ae8fa586,MC,040,ツタージャ,ー,,SCRYDEX_BLANK
444aea08-c029-4eac-9969-213269b35554,MC,041,ジャノビー,ー,,SCRYDEX_BLANK
2c71db6d-9fce-4f0f-b7e9-8b8ebee2244d,MC,042,ジャローダex,ー,,SCRYDEX_BLANK
8e812367-c0d1-4a1c-b0d2-8f60984d69a6,MC,043,モンメン,ー,,SCRYDEX_BLANK
b2615ae3-2e8f-4be9-9aa0-f7d8a5ff3cc4,MC,044,エルフーンex,ー,,SCRYDEX_BLANK
8c7e4ecf-9f66-4e7a-aa3e-af250fad65de,MC,045,イシズマイ,ー,,SCRYDEX_BLANK
5f440984-8dc3-41e7-a9f4-34f5ab54b445,MC,046,イワパレス,ー,,SCRYDEX_BLANK
6af4ec47-c969-471c-8f99-2d9c92868abb,MC,047,カブルモ,ー,,SCRYDEX_BLANK
cc1b65af-cc57-4fbf-8605-b263564aed92,MC,048,タマゲタケ,ー,,SCRYDEX_BLANK
6bdb4625-1af1-4e33-a042-cd8e6700e56a,MC,049,モロバレル,ー,,SCRYDEX_BLANK
1325cb7c-624a-409b-906d-9804b9f2146a,MC,050,デンチュラ,ー,,SCRYDEX_BLANK
3cf020d2-92d2-44a8-8c88-6b81971cff84,MC,051,アイアント,ー,,SCRYDEX_BLANK
382ec9f9-f0d7-40cb-9e4f-a262fe15c53d,MC,052,アイアントex,ー,,SCRYDEX_BLANK
6430dc40-5b78-4477-9487-48f79720201d,MC,053,ビリジオン,ー,,SCRYDEX_BLANK
8da7e99d-d179-4c6a-ac90-9a57d84859cb,MC,054,ビリジオン,ー,,SCRYDEX_BLANK
f7c9a2a5-a5d7-461a-86f3-c9564dcf7f70,MC,055,ボクレー,ー,,SCRYDEX_BLANK
10aa6202-eb84-41f9-afa7-b8bb889a3c09,MC,056,オーロット,ー,,SCRYDEX_BLANK
c95e65e2-6b07-4f6a-a4f2-c3e7da4492b2,MC,059,マシェード,ー,,SCRYDEX_BLANK
6e6ce927-7457-4059-85e8-26aebd25bbac,MC,060,ダダリン,ー,,SCRYDEX_BLANK
67bf9adc-f993-406d-ab07-c787da0575ce,MC,061,カプ・ブルル,ー,,SCRYDEX_BLANK
160e3fb6-5f78-47fb-ab9b-8a27a6502508,MC,062,カジッチュ,ー,,SCRYDEX_BLANK
ba3728e8-25d4-4da0-984b-4805f4a77785,MC,063,カミッチュ,ー,,SCRYDEX_BLANK
9752fffb-63e4-4226-9476-c8fa9a421c50,MC,064,カミツオロチex,ー,,SCRYDEX_BLANK
46ab3932-f136-4bca-8bbb-b169b4086fd8,MC,065,ニャオハ,ー,,SCRYDEX_BLANK
ebd271fa-ed3b-44e3-8cc6-15d38a6b4c6c,MC,066,ニャローテ,ー,,SCRYDEX_BLANK
f92d570c-a0e3-429b-8dfb-44169f8f1bf9,MC,067,マスカーニャ,ー,,SCRYDEX_BLANK
90f5c25f-7d89-45c0-b7db-1d3697ba0399,MC,068,ニャオハex,ー,,SCRYDEX_BLANK
86c679b1-6708-4e32-b900-75e6ad2b98bc,MC,069,ミニーブ,ー,,SCRYDEX_BLANK
58b2d0fd-2516-4370-b842-c3650d6d8d39,MC,070,オリーニョ,ー,,SCRYDEX_BLANK
6ee9cf20-cd08-484e-a38b-80e4c0d267e6,MC,071,オリーヴァex,ー,,SCRYDEX_BLANK
8def0080-1555-44e9-bc25-d4ebf773e21c,MC,072,アノクサ,ー,,SCRYDEX_BLANK
49f33e26-38cf-492a-82e8-c2322e80334e,MC,073,アノホラグサ,ー,,SCRYDEX_BLANK
e0928b69-fb36-4f2d-9a99-4aaf280ccd83,MC,074,ノノクラゲ,ー,,SCRYDEX_BLANK
969b6d81-e2e3-440f-ba59-edaa229de539,MC,075,リククラゲ,ー,,SCRYDEX_BLANK
bcab0119-00a3-4fd2-8b9b-ceddf4bcda64,MC,076,カプサイジ,ー,,SCRYDEX_BLANK
ce98351e-a90d-4569-a69f-0f2f20167d10,MC,077,テツノイサハex,ー,,SCRYDEX_BLANK
25ed8e13-94a0-4a33-b913-983bde92bb37,MC,078,チャデス,ー,,SCRYDEX_BLANK
2b96ef7f-1211-47b8-9029-14254b6221c2,MC,079,ヤバソチャex,ー,,SCRYDEX_BLANK
9c845154-b59c-444e-b8ba-086f5c8f0fac,MC,080,オーガポン みどりのめん,ー,,SCRYDEX_BLANK
1508ea3f-045c-45cd-bed0-92422bbe2b75,MC,093,パルデア ケンタロス,ー,,SCRYDEX_BLANK
c2a9dfc1-0fac-4763-8f31-31aa309a5a66,MC,081,オーガポン みどりのめん,ー,,SCRYDEX_BLANK
e3f406d6-ec5f-4f78-86be-5a3f30c1bfff,MC,082,オーガポン みどりのめんex,ー,,SCRYDEX_BLANK
3fa4ea76-ff22-4505-babc-0aaf7dc6b1b8,MC,083,ヒトカゲ,ー,,SCRYDEX_BLANK
98b9d4f6-4d6d-4427-9b5e-2ba55c407c77,MC,084,リザード,ー,,SCRYDEX_BLANK
ac2aa6ca-9746-4ca7-b505-aeb8ca1c85f3,MC,085,メガリザードンYex,ー,,SCRYDEX_BLANK
336fbb68-27cd-4f53-9585-9bbe8e194a2f,MC,086,ポニータ,ー,,SCRYDEX_BLANK
61f26344-90a0-4478-b386-4dee4fa9ce47,MC,087,ポニータ,ー,,SCRYDEX_BLANK
d261011d-1b62-43e9-9d0f-238e108f825c,MC,088,ギャロップ,ー,,SCRYDEX_BLANK
a67b8e35-67ac-4809-b78c-7bc9d7996ce4,MC,089,ギャロップ,ー,,SCRYDEX_BLANK
2f7d5d16-02f4-49ab-9455-b81b99256293,MC,090,ギャロップ,ー,,SCRYDEX_BLANK
49e4b326-b0f4-4a90-9d68-93f56c8b0b17,MC,091,ブーバー,ー,,SCRYDEX_BLANK
f27a4fee-c1e3-4457-8ae1-e8c16f453d47,MC,092,ブーバーン,ー,,SCRYDEX_BLANK
25206929-a2ef-44ac-b139-57a0639f507a,MC,094,ブースターex,ー,,SCRYDEX_BLANK
7f82af03-f0be-41c1-80a8-6f89938f2e18,MC,095,マグマッグ,ー,,SCRYDEX_BLANK
3ec15bf0-4801-4bdd-b1a3-de08c4236fb8,MC,096,マグカルゴex,ー,,SCRYDEX_BLANK
328361e7-d56f-454f-b641-5105ba1f4398,MC,097,デルビル,ー,,SCRYDEX_BLANK
98b7c460-f1c9-4f69-b3dc-e16d418869c2,MC,098,ヘルガー,ー,,SCRYDEX_BLANK
c0cea462-aa7b-486c-8ed2-26f6c67f2d44,MC,099,ロケット団のデルビル,ー,,SCRYDEX_BLANK
82ccfa98-240a-4605-8a85-a7ece5411eba,MC,100,ロケット団のヘルガー,ー,,SCRYDEX_BLANK
53d8088d-1173-46a7-9745-db65da212ba1,MC,101,コータス,ー,,SCRYDEX_BLANK
c30e0983-1f2e-4f39-ae01-5476f1516446,MC,102,ポワルン たいようのすがた,ー,,SCRYDEX_BLANK
3b6d4c28-0890-40cb-8ded-eb9c87bec913,MC,103,ヒコザル,ー,,SCRYDEX_BLANK
49d2dfc6-52c1-430e-a4bb-58c430c449fe,MC,104,モウカザル,ー,,SCRYDEX_BLANK
6d9302bd-3bfd-477e-a737-ee2ccda06d84,MC,128,カエンジシ,ー,,SCRYDEX_BLANK
65f978d9-f66f-4215-8740-cfd01aa1cb9c,MC,105,ゴウカザル,ー,,SCRYDEX_BLANK
affbe769-09f8-4dd3-8f89-0127c9717b48,MC,106,ビクティニ,ー,,SCRYDEX_BLANK
438ac0bc-0b38-4fa4-b30a-5c83c392e29b,MC,107,ビクティニ,ー,,SCRYDEX_BLANK
a43853d3-4134-4a1e-b44d-ac9689c13d91,MC,108,ポカブ,ー,,SCRYDEX_BLANK
f38b1be1-7bd5-4efa-9955-33f819484f56,MC,109,ポカブ,ー,,SCRYDEX_BLANK
3edac845-41b8-4e20-ae2a-5c0575121dd8,MC,110,チャオブー,ー,,SCRYDEX_BLANK
c5f21d59-bc36-434c-9757-04b175660b01,MC,111,チャオブー,ー,,SCRYDEX_BLANK
174bd0c1-909f-4c54-9c08-0814b3a3384b,MC,112,エンブオー,ー,,SCRYDEX_BLANK
cc907433-51ac-437c-8328-6f2cd7999361,MC,113,メガエンブオーex,ー,,SCRYDEX_BLANK
8608dab0-b0b3-4822-b8ac-1dea4c086a48,MC,114,バオップ,ー,,SCRYDEX_BLANK
9dd1d58e-9496-406f-ba9a-7dcf71df3aed,MC,115,バオッキー,ー,,SCRYDEX_BLANK
e163a7bc-795e-4ac5-9cea-4ef1b960da07,MC,116,ダルマッカ,ー,,SCRYDEX_BLANK
868c3e98-a3a1-4a26-8098-f3cbb66ac964,MC,129,ボルケニオンex,ー,,SCRYDEX_BLANK
65e105ea-2b9f-4864-b8c6-ccfc6d5b8922,MC,117,ヒヒダルマ,ー,,SCRYDEX_BLANK
fb0a161e-e281-43ce-a10c-1d73d49c8e47,MC,118,Nのダルマッカ,ー,,SCRYDEX_BLANK
792fa775-1684-4308-92a6-a6d628acfc35,MC,119,Nのヒヒダルマ,ー,,SCRYDEX_BLANK
c45ada1a-8e72-4206-980d-0e1fd05a4bec,MC,120,クイタラン,ー,,SCRYDEX_BLANK
90edd782-141f-437b-bc2b-15b64b494635,MC,121,メラルバ,ー,,SCRYDEX_BLANK
116c3964-a464-47b8-8ecb-dff0177fe7af,MC,122,ウルガモス,ー,,SCRYDEX_BLANK
b3249c8e-b000-432a-8636-266864a46399,MC,123,ウルガモス,ー,,SCRYDEX_BLANK
f6c3ad6d-f794-458c-a746-396070e64d41,MC,124,ウルガモス,ー,,SCRYDEX_BLANK
127768d9-1628-4f99-a33f-d2fa29a6e628,MC,125,レシラム,ー,,SCRYDEX_BLANK
16062f64-67a3-4301-ba5c-b762fd275c79,MC,126,レシラムex,ー,,SCRYDEX_BLANK
c9946dd2-7a6a-4ce9-83c5-84ebd91029b2,MC,127,シシコ,ー,,SCRYDEX_BLANK
df48a653-dd82-4615-8c49-e9eb15cda94c,MC,131,ニャヒート,ー,,SCRYDEX_BLANK
38f5c994-d7e4-4f5d-8eff-93b1532222cf,MC,132,ガオガエンex,ー,,SCRYDEX_BLANK
292f6375-d06f-4bda-b5dc-8b7b4b307000,MC,133,オドリドリ,ー,,SCRYDEX_BLANK
a7d03d6e-e16d-4ceb-957a-f559ae618f74,MC,134,ヤトウモリ,ー,,SCRYDEX_BLANK
6c865b1d-c6df-4460-85c6-c0a0d91c8296,MC,135,エンニュート,ー,,SCRYDEX_BLANK
0c944158-5e4d-4388-aa89-c092c9fcac80,MC,136,バクガメス,ー,,SCRYDEX_BLANK
7d71d4b3-a358-4dbb-972b-e1957d8d4b7b,MC,137,ヒバニー,ー,,SCRYDEX_BLANK
670ca884-cd73-456b-a935-a3ffd1ea5d09,MC,138,ラビフット,ー,,SCRYDEX_BLANK
9cb7470c-ba59-4d6a-97e1-c821fca0ed93,MC,139,エースバーンex,ー,,SCRYDEX_BLANK
e665bd0d-3937-49a2-9a55-756ed13342de,MC,140,ヤクデ,ー,,SCRYDEX_BLANK
f3437bee-0f4b-4e71-ab78-e1b8319b720f,MC,141,マルヤクデ,ー,,SCRYDEX_BLANK
15d89f2e-8b20-45b1-9c21-26c27964f363,MC,144,ラウドボーン,ー,,SCRYDEX_BLANK
bffdc753-c290-4de2-80e1-7d6ecb992eae,MC,145,カルボウ,ー,,SCRYDEX_BLANK
73e8f146-1893-4052-afe9-b83703ff289a,MC,146,グレンアルマex,ー,,SCRYDEX_BLANK
9c25c17e-49e4-41ec-9946-b53025f1417a,MC,147,スコヴィランex,ー,,SCRYDEX_BLANK
71f4170d-7b22-47d7-b792-93bf347bd6c5,MC,148,オーガポン かまどのめん,ー,,SCRYDEX_BLANK
00729261-7871-4b3d-8826-88c39948ca06,MC,149,オーガポン かまどのめんex,ー,,SCRYDEX_BLANK
1ee37809-6077-4682-97e5-95a40d9839d3,MC,150,ウガツホムラ,ー,,SCRYDEX_BLANK
8d1ed5ce-5b9d-49ca-9f25-74e24a5bba87,MC,151,ウガツホムラex,ー,,SCRYDEX_BLANK
9603469e-15ee-463a-92e3-4a6f80611634,MC,152,タッツー,ー,,SCRYDEX_BLANK
0f1be60a-9b5b-4701-8383-63c309e960f5,MC,153,シードラ,ー,,SCRYDEX_BLANK
6085e80e-b781-47e5-b984-ea666eccd67d,MC,154,キングドラex,ー,,SCRYDEX_BLANK
72200bc5-ba6f-4379-a040-f50117b20d95,MC,155,カスミのヒトデマン,ー,,SCRYDEX_BLANK
0486a8c8-5447-4237-b397-aa3b1a7808ce,MC,156,カスミのスターミー,ー,,SCRYDEX_BLANK
b7d85f54-690b-4a50-ab48-9188e7de8b16,MC,157,カスミのコイキング,ー,,SCRYDEX_BLANK
7f4380d3-b7e4-4ad5-8023-447040352f5c,MC,158,カスミのギャラドス,ー,,SCRYDEX_BLANK
4a6774b3-2302-471d-acf8-64748372db43,MC,159,ラプラス,ー,,SCRYDEX_BLANK
149c3226-70b1-4377-98a4-682a8ae9a8ee,MC,160,カスミのラプラス,ー,,SCRYDEX_BLANK
f39ac496-9bbf-49c4-9cff-f9270ef3b10f,MC,161,シャワーズex,ー,,SCRYDEX_BLANK
e3a2f297-6d53-4bf1-a129-1ddbc4297f7e,MC,162,グレイシアex,ー,,SCRYDEX_BLANK
3411e729-1968-414f-80c5-22ad7c6cc557,MC,163,フリーザー,ー,,SCRYDEX_BLANK
90697ad3-60f9-4795-bc93-6b722d388e76,MC,164,ワニノコ,ー,,SCRYDEX_BLANK
627db1e6-bc16-442b-a11e-d0d710f513ff,MC,165,ワニノコ,ー,,SCRYDEX_BLANK
f73507f3-35cb-41b3-a13b-1eba805fe6ce,MC,166,アリゲイツ,ー,,SCRYDEX_BLANK
0418acef-56b2-4b80-b990-55d4f3145865,MC,178,キバニア,ー,,SCRYDEX_BLANK
8dbebef1-e75b-49da-9480-8c1d74228c57,MC,167,アリゲイツ,ー,,SCRYDEX_BLANK
526da9b6-b931-4cb6-a254-08a3ae8efaad,MC,168,オーダイル,ー,,SCRYDEX_BLANK
094dfce5-a64a-4de9-92c4-01cedd66617f,MC,169,メガオーダイルex,ー,,SCRYDEX_BLANK
048b6fd4-1963-4afb-91c3-0f9e6b7d59e0,MC,170,ニューラ,ー,,SCRYDEX_BLANK
f10e2b2b-08a1-44f7-b67b-3bd5c3cc3ac7,MC,171,マニューラ,ー,,SCRYDEX_BLANK
bbe5f7cd-63b6-4edf-b02d-93bb9a03fd6e,MC,172,マンタイン,ー,,SCRYDEX_BLANK
6c232bbf-616f-41e6-9a2d-10c8dac375bd,MC,173,マンタイン,ー,,SCRYDEX_BLANK
492306d4-8944-402a-b9ca-853d8015d781,MC,174,スイクン,ー,,SCRYDEX_BLANK
2657a89b-24e1-4c08-9c1b-bd3e5515c1dd,MC,175,ハスボー,ー,,SCRYDEX_BLANK
0ef645de-8720-4b0d-8e0d-dc466a376561,MC,176,ハスブレロ,ー,,SCRYDEX_BLANK
fc8ee1af-59bc-40ea-9dbf-9e0096878dd5,MC,177,ルンパッパ,ー,,SCRYDEX_BLANK
eb72664c-3d33-458e-8bf0-9ac5906c01ca,MC,179,サメハダー,ー,,SCRYDEX_BLANK
0dc59c24-1875-45b1-b124-2d710dd594e8,MC,180,ホエルコ,ー,,SCRYDEX_BLANK
610db93a-2e32-4fdf-9301-4adc1d7783d3,MC,181,ホエルオー,ー,,SCRYDEX_BLANK
807b1381-7862-421f-a1b3-8c71658c9977,MC,182,ヘイガニ,ー,,SCRYDEX_BLANK
7e526e10-8410-4199-a5a7-ebb55012e812,MC,183,シザリガー,ー,,SCRYDEX_BLANK
39948dd1-0a35-49dc-9018-64f38cb260fd,MC,184,ヒンバス,ー,,SCRYDEX_BLANK
9c014592-9b14-4416-93bc-5ffecee1fa83,MC,185,ミロカロスex,ー,,SCRYDEX_BLANK
b2b4e515-d84a-46ca-a098-e7e646e702e9,MC,186,ユキワラシ,ー,,SCRYDEX_BLANK
1d273144-4b2b-4dc1-ba00-ff453c42cb3d,MC,187,オニゴーリ,ー,,SCRYDEX_BLANK
74a01090-2567-415e-9d6a-884ea504d929,MC,188,タマザラシ,ー,,SCRYDEX_BLANK
75370f28-df92-4bf8-b1e1-aec814b3a5e0,MC,189,トドグラー,ー,,SCRYDEX_BLANK
2a883f10-74c1-46a2-a348-0435b5973a95,MC,190,トドゼルガ,ー,,SCRYDEX_BLANK
83a2629f-b880-49d7-b516-f22a9829860f,MC,191,レジアイス,ー,,SCRYDEX_BLANK
c4371839-c5bb-49cd-8ee1-679bff21e413,MC,192,レジアイスex,ー,,SCRYDEX_BLANK
cefe0759-796e-40ec-af1b-0d189f870cac,MC,193,ブイゼル,ー,,SCRYDEX_BLANK
b1749360-f2c6-4f0d-8801-9d8b0c7d81b7,MC,194,フローゼル,ー,,SCRYDEX_BLANK
54636fb5-edd6-4c20-a689-6437725bf016,MC,195,ケイコウオ,ー,,SCRYDEX_BLANK
42463954-041f-44d3-9664-33a46dc73d62,MC,196,ネオラント,ー,,SCRYDEX_BLANK
36a48757-48c2-47c0-96aa-22a16ceb2490,MC,197,コアルヒー,ー,,SCRYDEX_BLANK
4684e515-123f-4328-9636-f69086730818,MC,198,スワンナ,ー,,SCRYDEX_BLANK
b3cd5190-76f3-43fa-805e-c10ed8458ea2,MC,199,バニプッチ,ー,,SCRYDEX_BLANK
9c6961d3-c448-4563-b834-04a611faba91,MC,200,バニリッチ,ー,,SCRYDEX_BLANK
a93a1857-ad44-4b2f-9a28-8d428fd20493,MC,406,バンバドロ,ー,,NOT_FOUND
193d914c-129e-409f-b333-b7c2121eb4e9,MC,213,ウェーニバル,ー,,SCRYDEX_BLANK
9f3200c0-31de-4039-b798-602dbf465e2a,MC,214,ナミイルカ,ー,,SCRYDEX_BLANK
594a44f2-8ad6-433e-8a30-b80fccc7b089,MC,215,イルカマン,ー,,SCRYDEX_BLANK
e63054d0-688d-4473-bc01-466aa81470d6,MC,216,イルカマンex,ー,,SCRYDEX_BLANK
cee06ca6-8545-472e-959a-0bb18d7a1240,MC,217,アルクジラ,ー,,SCRYDEX_BLANK
26de90fe-79c4-46e5-8988-0d312e942c96,MC,218,ハルクジラ,ー,,SCRYDEX_BLANK
2cfcf594-da98-43b8-9019-3b672c0efd24,MC,219,ミガルーサ,ー,,SCRYDEX_BLANK
20a96836-0388-4ab3-813d-bdecd5a46403,MC,220,ヘイラッシャex,ー,,SCRYDEX_BLANK
9f7adfd4-9b4a-4114-a460-7f2dda7eaea9,MC,221,ウネルミナモ,ー,,SCRYDEX_BLANK
40df661c-a297-4086-81d2-a2f04133c727,MC,222,ウネルミナモex,ー,,SCRYDEX_BLANK
0a419358-4285-464c-a7c3-7bd7baedfbf1,MC,246,レントラーex,ー,,SCRYDEX_BLANK
a2f4ce83-4020-4c74-95aa-ea7301bb600a,MC,223,オーガポン いどのめん,ー,,SCRYDEX_BLANK
bbcd0e12-8a86-4416-91a5-9ce3dc53dfd7,MC,224,オーガポン いどのめんex,ー,,SCRYDEX_BLANK
e6bf674e-5115-4124-90f7-0e9ddbe29420,MC,225,ピカチュウ,ー,,SCRYDEX_BLANK
73a2b4fa-a102-4865-9c30-0d2949360ae3,MC,226,ライチュウ,ー,,SCRYDEX_BLANK
c2a789d6-2093-4ebf-9230-ccc87decca6f,MC,227,ピカチュウex,ー,,SCRYDEX_BLANK
1959a33d-8733-4ce3-9a5f-ab0ecfd7498a,MC,228,アローラ イシツブテ,ー,,SCRYDEX_BLANK
90796c10-39f3-420f-8f18-9a643d0bf061,MC,229,アローラ ゴローン,ー,,SCRYDEX_BLANK
0a1c572a-9fb3-47cd-8027-aaada584ebfe,MC,230,アローラ ゴローニャ,ー,,SCRYDEX_BLANK
f92c83bd-c76f-48e8-ac5e-f50cf76fd3d4,MC,231,コイル,ー,,SCRYDEX_BLANK
18d0900a-bfa4-4c6d-9a8a-42a9a6256509,MC,232,レアコイル,ー,,SCRYDEX_BLANK
76374861-2fad-488d-a3e0-fde1e5aea5d0,MC,234,ナンジャモのビリリダマ,ー,,SCRYDEX_BLANK
76d19a90-b428-4300-84dd-04c791f70a92,MC,235,ナンジャモのマルマイン,ー,,SCRYDEX_BLANK
c5d3e2b5-3de0-4fcf-b731-fdc21df4ea65,MC,236,エレブー,ー,,SCRYDEX_BLANK
ff32e118-f62f-4b7b-b192-fc77e0e20c82,MC,237,エレキブルex,ー,,SCRYDEX_BLANK
87dff6bd-2f72-47a6-a959-e948467de81e,MC,238,サンダースex,ー,,SCRYDEX_BLANK
fc004886-45e3-4d3c-9a3d-1953688eb94e,MC,239,サンダー,ー,,SCRYDEX_BLANK
d7c14777-179b-4bde-b289-6bed5b4fcbf8,MC,240,サンダー,ー,,SCRYDEX_BLANK
8c6a4110-5feb-49da-8d44-1e4eb386de04,MC,241,ヒビキのピチュー,ー,,SCRYDEX_BLANK
0059ff0e-091c-4da9-9ebf-f10862fed844,MC,242,ラクライ,ー,,SCRYDEX_BLANK
7f0f2073-6022-42d7-bf28-005404e66e7a,MC,243,ライボルト,ー,,SCRYDEX_BLANK
f9b7eb50-d7c5-4acb-8b96-0060376bb773,MC,244,コリンク,ー,,SCRYDEX_BLANK
7ba7f0e7-e537-4e45-8948-6bde4498dc07,MC,245,ルクシオ,ー,,SCRYDEX_BLANK
c105dfce-f38f-4129-b311-10ae30e7e1f1,MC,247,パチリス,ー,,SCRYDEX_BLANK
ff213dc9-d58d-4051-b320-eff013371341,MC,248,ロトム,ー,,SCRYDEX_BLANK
9e457216-40b0-4a30-883b-dc6833f8ee5b,MC,249,シママ,ー,,SCRYDEX_BLANK
59d4332b-52dd-4f4a-a802-1c52d55bf2df,MC,250,シママ,ー,,SCRYDEX_BLANK
a5ec75e2-b5d4-46ba-99bb-a4d7ebe7b4c5,MC,251,ゼブライカ,ー,,NOT_FOUND
fa05ee1c-8d31-42bc-86ff-701c4d8d954b,MC,252,ゼブライカ,ー,,NOT_FOUND
7d104e97-f756-4b08-901d-0f5a7c577c73,MC,253,エモンガ,ー,,NOT_FOUND
a0ba7163-8814-455b-9586-b1c172f79d7a,MC,254,バチュル,ー,,NOT_FOUND
e3080e70-7b11-4589-9b96-972f4fd350c0,MC,255,デンチュラex,ー,,NOT_FOUND
a4191192-dffe-4179-ad3c-4c5a7d87987f,MC,256,シビシラス,ー,,NOT_FOUND
9c7df344-98a7-42e0-8273-d93ee40c2745,MC,257,シビビール,ー,,NOT_FOUND
c95d924c-92f5-49dd-abbe-912710d6d5fd,MC,258,ボルトロス,ー,,NOT_FOUND
2754f491-22a8-4528-8450-97cd5ef498b1,MC,259,ゼクロムex,ー,,NOT_FOUND
79edd69b-2dde-465b-9cf6-229d9656a7c3,MC,260,エリキテル,ー,,NOT_FOUND
a810aca1-a6df-4c5c-bd0b-45390bd84b15,MC,261,エレザード,ー,,NOT_FOUND
9d34c6f5-58c5-4d4b-9dad-2c530abc3d55,MC,262,デンヂムシ,ー,,NOT_FOUND
bd10227a-9708-4fa9-a34d-86b966787b8a,MC,263,クワガノン,ー,,NOT_FOUND
1f9ccd6f-11d2-4b1d-9951-9b02511b9388,MC,264,トゲデマル,ー,,NOT_FOUND
dc8b107c-b981-4e28-b449-c62778a70cfb,MC,265,カプ・コケコ,ー,,NOT_FOUND
c0caa311-8494-4dfc-8c6b-4a32f60b148c,MC,266,ゼラオラ,ー,,NOT_FOUND
b07be22c-4a20-4620-a088-f4efaa6dcc53,MC,267,ゼラオラ,ー,,NOT_FOUND
a1830a75-8a3c-44fb-b5a3-a25babbbc8cf,MC,268,ワンパチ,ー,,NOT_FOUND
a98abd06-6217-4b40-9cb1-4b70a1cca9fd,MC,320,デスマス,ー,,NOT_FOUND
45a06479-adbf-4e98-a095-11643c3235ba,MC,269,パルスワン,ー,,NOT_FOUND
dff2fa1f-a569-4cd5-b5fe-5ffb1f51920b,MC,270,モルペコ,ー,,NOT_FOUND
55e1b48a-e3bd-489a-91f9-391b241ff2dd,MC,271,ズピカ,ー,,NOT_FOUND
ac497f6b-900a-480f-8091-7486fffcbaf4,MC,272,ハラバリー,ー,,NOT_FOUND
40a64873-eeb0-41e3-9983-a5c1be5378e2,MC,273,ナンジャモのズピカ,ー,,NOT_FOUND
9f5058dd-a58c-4ca0-9c37-a82c2fdd3226,MC,274,ナンジャモのハラバリーex,ー,,NOT_FOUND
f1bc67f8-80a3-4f81-91af-906aae41ba7e,MC,275,カイデン,ー,,NOT_FOUND
95200061-a8f9-4f3c-9f8e-08cb61ff4081,MC,276,タイカイデン,ー,,NOT_FOUND
5386051c-ed12-4433-98d8-1b59286b5773,MC,277,タイカイデン,ー,,NOT_FOUND
8879be52-ccfe-41cb-8853-182918cf3235,MC,278,ナンジャモのカイデン,ー,,NOT_FOUND
45c19aa7-92bb-47d9-8319-ccc1d84ba751,MC,321,デスカーン,ー,,NOT_FOUND
ccb9f2a6-0f55-40a0-b88f-83895f7b71d5,MC,279,ナンジャモのタイカイデン,ー,,NOT_FOUND
44aae90b-12ca-49f9-bf97-99b6afb2ff2b,MC,280,テツノカイナ,ー,,NOT_FOUND
1b2bca7b-1f4d-4a85-992f-f8cf7f4f1e20,MC,281,テツノイバラ,ー,,NOT_FOUND
bca983c3-e760-41c2-ae29-3fb794dd36f0,MC,282,テツノイバラex,ー,,NOT_FOUND
7ff72ab7-bfd1-45a3-a1a5-df7afeb0c987,MC,283,ミライドン,ー,,NOT_FOUND
9bf211d4-2760-4dee-9261-776fc1fe053c,MC,284,ミライドンex,ー,,NOT_FOUND
5715db0c-d350-4529-bb60-199e7ec5de2f,MC,285,ピッピ,ー,,NOT_FOUND
2fb224f8-2192-462a-a67d-b1746a08809c,MC,286,ピクシー,ー,,NOT_FOUND
2e680c98-413a-4ffb-9915-22661bd2c46e,MC,287,リーリエのピッピex,ー,,NOT_FOUND
1b62f5d2-4e64-45ee-96c5-472055635494,MC,288,ロケット団のスリープ,ー,,NOT_FOUND
3cecc191-5d5a-4099-9153-08a04e3e0330,MC,362,ウリムー,ー,,NOT_FOUND
755274e5-5e71-42c1-8725-37141d8dc52d,MC,289,ロケット団のスリーパー,ー,,NOT_FOUND
1859eebb-781b-49fb-9fc3-ac3f10b51ee8,MC,290,ロケット団のミュウツーex,ー,,NOT_FOUND
4803f102-c659-4a76-8186-869a39c3b7e5,MC,291,トゲピー,ー,,NOT_FOUND
e3091358-7058-4163-a878-a1fd5708b5df,MC,292,トゲチック,ー,,NOT_FOUND
1e432253-3f50-417a-a7dc-3b5ab4349058,MC,293,トゲキッス,ー,,NOT_FOUND
92ea76cf-5e8e-4ba9-a31c-cd1ec8138605,MC,294,マリル,ー,,NOT_FOUND
d56b42f0-f082-46ba-9757-89220a2cd5bf,MC,295,マリル,ー,,NOT_FOUND
89837491-081d-4a8d-9ce5-6f3ca0bdc830,MC,296,マリルリ,ー,,NOT_FOUND
82b5fb0c-a76d-420a-9eb6-73af841f86eb,MC,297,マリルリex,ー,,NOT_FOUND
5828428c-3fa0-4c9f-87a3-8b6a337577c8,MC,298,エーフィex,ー,,NOT_FOUND
f2cd9855-fba2-4562-98b3-f00b0bcba7be,MC,363,イノムー,ー,,NOT_FOUND
e9b71235-67f3-4476-8e66-db96166cfd26,MC,299,ニンフィアex,ー,,NOT_FOUND
5b81dbb5-a6ff-4dab-9f2a-c9cba5c41fcd,MC,300,キリンリキ,ー,,NOT_FOUND
63c20944-075b-4193-b847-5b930a0a814d,MC,301,キリンリキ,ー,,NOT_FOUND
d5abea8e-98fa-4924-bb1b-033e014d0c9e,MC,302,リキキリン,ー,,NOT_FOUND
3319dee8-dbb1-49e5-9359-9812a218483b,MC,303,ブルー,ー,,NOT_FOUND
c0b161ff-6586-4c1a-bc6d-faa390aae4d4,MC,304,グランブル,ー,,NOT_FOUND
809f056a-9e00-4a5b-9973-a260246cd34b,MC,305,バネブー,ー,,NOT_FOUND
b4cd80ae-762a-4b40-b783-9f36b07887a4,MC,306,ブーピッグ,ー,,NOT_FOUND
3d13fa77-0b96-4b66-9c33-540faa4e0002,MC,307,カゲボウズ,ー,,NOT_FOUND
87215f3e-e0f0-4d30-a4e3-34b5549ec845,MC,308,ヨマワル,ー,,NOT_FOUND
871aca72-85f2-4e15-b706-5fa12ceef289,MC,309,サマヨール,ー,,NOT_FOUND
b58e54bd-fb97-4542-a080-b22359d88af9,MC,310,ヨノワール,ー,,NOT_FOUND
8152a292-2877-4ed5-855b-519912b1d6b3,MC,311,ラティアス,ー,,NOT_FOUND
b36acf5e-59af-4017-bd52-6c67a8d90841,MC,312,ラティアスex,ー,,NOT_FOUND
aee5ac61-d891-42e3-986c-51632d25bf14,MC,313,ラティオス,ー,,NOT_FOUND
a461c200-1479-494f-8c92-32cfe4153019,MC,314,ユクシー,ー,,NOT_FOUND
6ba44cf0-abfc-443f-83b7-3c6ed1693b4c,MC,315,エムリット,ー,,NOT_FOUND
e98a7257-9ef2-464f-b70e-e92d7c01c46c,MC,316,アグノム,ー,,NOT_FOUND
cd0bfd87-506d-4f62-be22-31ba775e36d6,MC,317,クレセリア,ー,,NOT_FOUND
c2267cdd-9e9e-4c97-a682-32429f268aad,MC,318,シンボラー,ー,,NOT_FOUND
74503abf-67fd-48f7-b31c-b79fd379375a,MC,319,デスマス,ー,,NOT_FOUND
dc5b8be0-5dbc-4adf-85b3-fccd545bc002,MC,322,デスカーン,ー,,NOT_FOUND
2d5d06a5-c6fc-4a8a-a74b-7b29124f7a1b,MC,323,ゴチム,ー,,NOT_FOUND
080c4d94-7936-4d0e-8383-c896319c709c,MC,324,ゴチミル,ー,,NOT_FOUND
9472bbd0-d077-4ebe-8e18-c4403f5e2ad0,MC,325,ゴチルゼル,ー,,NOT_FOUND
42ecaf60-02ad-44c4-82bb-81d4a2943721,MC,326,リグレー,ー,,NOT_FOUND
a4c00508-292d-4755-97aa-d9368483ca92,MC,327,オーベム,ー,,NOT_FOUND
fe2685d6-6afa-41c8-998a-f8bb5bc6956f,MC,328,フラベベ,ー,,NOT_FOUND
516a9107-62d8-431b-8be8-97daf8b03740,MC,329,フラエッテ,ー,,NOT_FOUND
23d5b5ac-e665-4c29-b64c-680a4c5ed092,MC,330,フラージェス,ー,,NOT_FOUND
4e2a7962-ea1d-4cc5-ad0d-f8ccd30522d2,MC,331,ニャスパー,ー,,NOT_FOUND
7d1bc795-838a-4b5c-941d-c6888720bf2f,MC,364,マンムーex,ー,,NOT_FOUND
5a4cf7cf-c939-4a44-83fe-bf291b960d8b,MC,332,ニャオニクス,ー,,NOT_FOUND
ffd25444-4ebf-43e1-a4ff-b71b97aeb334,MC,333,ペロッパフ,ー,,NOT_FOUND
01e20253-5164-46d3-ae98-1529315f2493,MC,334,ペロリーム,ー,,NOT_FOUND
a8da57d1-59c9-48fe-b895-146a629d58f0,MC,335,ゼルネアス,ー,,NOT_FOUND
fb36a0c5-af0f-4cb1-90a3-06e6919636cd,MC,336,オドリドリ,ー,,NOT_FOUND
fa873d57-cf50-472e-a336-5987b6ca521d,MC,337,オドリドリ,ー,,NOT_FOUND
631f241c-39d4-4e1e-9e4c-988131a961f5,MC,338,リーリエのアブリー,ー,,NOT_FOUND
7f63985a-1cb7-4208-b135-0cfb731b087b,MC,339,リーリエのアブリボン,ー,,NOT_FOUND
058a6a1c-2303-4ec1-8260-d78f63d3766e,MC,340,リーリエのキュワワー,ー,,NOT_FOUND
85e12401-662a-4bf2-833e-b7497a6276ec,MC,341,ロケット団のミミッキュ,ー,,NOT_FOUND
ba3bfb66-2b4f-44ff-b00f-bded5d4864c8,MC,365,ゴマゾウ,ー,,NOT_FOUND
1228e43f-f2f5-4b49-a343-d3797e8abdca,MC,342,カプ・テテフ,ー,,NOT_FOUND
012b0ad2-364d-492a-83aa-cf2b9613418b,MC,343,ベロバー,ー,,NOT_FOUND
827591fe-39ec-41f9-8d72-d4d1f01cac64,MC,344,ギモー,ー,,NOT_FOUND
8848b04d-87d4-4dcc-96d6-4f0a595d0a8d,MC,345,オーロンゲ,ー,,NOT_FOUND
9969af35-df01-4e9d-9ce3-e434ff6af903,MC,346,ラブトロス,ー,,NOT_FOUND
bba0cf0b-007b-45fa-97c7-06c1926c834a,MC,347,パピモッチ,ー,,NOT_FOUND
028a4ea2-a2ba-46b7-9fbd-d1f16155a94c,MC,348,バウッツェルex,ー,,NOT_FOUND
c84454b2-1890-42cc-b319-d7520cd3012c,MC,349,ボチ,ー,,NOT_FOUND
697e2e57-e995-4728-ae03-714443cc2756,MC,350,ハカドッグ,ー,,NOT_FOUND
288f0197-c555-4fc5-bc44-8d4b8c7dcbc8,MC,351,ハカドッグex,ー,,NOT_FOUND
2e7cbf78-a5ee-4365-a098-03995f948f89,MC,352,サケブシッポ,ー,,NOT_FOUND
32e11359-33ad-4594-94bc-52dbc033a6e5,MC,353,サケブシッポex,ー,,NOT_FOUND
89c68539-f8eb-4fdf-b6ad-830afce000cb,MC,354,ハバタクカミ,ー,,NOT_FOUND
79250d2e-7322-445e-a357-62bc5312f4f4,MC,355,ハバタクカミ,ー,,NOT_FOUND
865f40be-36ac-409a-a7c1-9ace8027f208,MC,356,コレクレー,ー,,NOT_FOUND
f9e5e960-dc88-4824-acbf-a66f56a778c2,MC,357,テツノブジン,ー,,NOT_FOUND
d731baa1-5eb4-435d-b609-61b6d7a2cfa9,MC,358,マシマシラ,ー,,NOT_FOUND
e96e779c-7d56-4128-9cf0-76a2fc1ea0e8,MC,359,キチキギス,ー,,NOT_FOUND
236cb166-0ffc-4c2f-a730-c4f0a98b869d,MC,360,テツノイワオ,ー,,NOT_FOUND
db49a9e8-3035-4eb8-93fc-e6502e673849,MC,361,テツノカシラex,ー,,NOT_FOUND
355582e0-a042-4a37-a16b-def920350481,MC,407,ナゲツケサル,ー,,NOT_FOUND
88313be9-267f-424d-93d2-4195a094317f,MC,366,ドンファン,ー,,NOT_FOUND
98d6419e-80b0-450b-9232-8d0d3a176eb9,MC,367,カポエラー,ー,,NOT_FOUND
c2999c8d-038c-48bc-b153-84f56c150f1a,MC,368,アサナン,ー,,NOT_FOUND
9207aac2-08d6-42fe-a114-4b4453026341,MC,369,チャーレム,ー,,NOT_FOUND
4e0acb58-69d0-4262-9e83-32da550f6323,MC,370,チャーレムex,ー,,NOT_FOUND
86b8131e-6fd3-4793-80f8-b84c0e3eba17,MC,371,ルナトーン,ー,,NOT_FOUND
92e1610e-b780-4203-b1d3-f8510faf5799,MC,372,ソルロック,ー,,NOT_FOUND
91ef7ca9-31f0-4508-b2e3-11c17c52e7ba,MC,373,レジロック,ー,,NOT_FOUND
d2629af5-0b2f-4446-b1fa-4d999df0eace,MC,374,レジロックex,ー,,NOT_FOUND
f7ac18a9-fae7-4ff8-8f87-e0179e05dbfe,MC,375,グラードン,ー,,NOT_FOUND
218ce71d-e2f4-46b3-b1c5-f1f6e3c6fdad,MC,376,シロナのフカマル,ー,,NOT_FOUND
d076f41d-88eb-4e61-88fa-28b001d43e32,MC,377,シロナのガバイト,ー,,NOT_FOUND
c5c81995-35da-4235-8352-f9f4935bcb48,MC,378,シロナのガブリアスex,ー,,NOT_FOUND
89106593-8aba-4288-9f00-9c0a78a88fa4,MC,379,リオル,ー,,NOT_FOUND
ae487841-220b-4cc9-ba64-c86c042b1027,MC,380,ルカリオex,ー,,NOT_FOUND
df05a151-c329-464a-aaa4-abaefe216128,MC,381,グレッグル,ー,,NOT_FOUND
c0571958-f0c0-4d41-beca-db60a4225604,MC,382,グレッグル,ー,,NOT_FOUND
aea07f95-0f88-41c4-af7a-9bde6073d80d,MC,383,ドクロッグ,ー,,NOT_FOUND
9dbc01cd-07fe-41b9-8d8d-5c041d125ee0,MC,384,ドクロッグ,ー,,NOT_FOUND
41fddc8d-992c-4644-b8b8-abd3ee2cdd63,MC,385,モグリュー,ー,,NOT_FOUND
54725a7b-6cdc-4bdf-9efc-7a22f3056776,MC,386,ドリュウズ,ー,,NOT_FOUND
7b035b8c-a49d-4b0f-8383-dfdf87fa5ed9,MC,387,ドリュウズex,ー,,NOT_FOUND
f16ceed8-9d90-49d3-9e5a-f1ca624887bb,MC,388,ドッコラー,ー,,NOT_FOUND
021629af-32e9-4a3d-9a57-645bb141cffa,MC,389,ドテッコツ,ー,,NOT_FOUND
321ba968-f7cd-428d-a68f-00bee8f9abc5,MC,390,ローブシン,ー,,NOT_FOUND
65b61516-ccd5-450b-9fc7-5879fb2c9b5d,MC,391,ダゲキ,ー,,NOT_FOUND
c1bfb272-d2f3-4e15-b6d6-0407a9562ffd,MC,392,アーケン,ー,,NOT_FOUND
ba895a2e-cbe6-46d0-a243-6a85faf5ba1a,MC,393,アーケオス,ー,,NOT_FOUND
4811217b-11e3-4da9-b470-ba4013522e25,MC,394,マッギョex,ー,,NOT_FOUND
893f5053-c9b0-4bf3-b2e3-f7af069208f1,MC,395,コジョフー,ー,,NOT_FOUND
05b012bb-3a0a-4d3e-ab66-8697a307ff45,MC,396,コジョンド,ー,,NOT_FOUND
7002da74-3403-4134-82a8-c0f878c66576,MC,397,ランドロス,ー,,NOT_FOUND
d7a5c26e-f13d-423c-918a-74ecfdb9d221,MC,398,ランドロス,ー,,NOT_FOUND
0e35b82d-b626-4ed9-9b53-a210cd783208,MC,399,ヤンチャム,ー,,NOT_FOUND
e9be6809-4832-4a13-9f88-379f52c603e0,MC,400,メレシー,ー,,NOT_FOUND
7d226d5c-b00a-48e4-91e7-b95dc16244ed,MC,605,バッフロンex,ー,,NOT_FOUND
d67bf05f-d290-478d-b1a9-02b2c2e988f4,MC,606,ワシボン,ー,,NOT_FOUND
d7fb7a80-9821-46e8-b1ef-6ae77115ecf2,MC,607,ウォーグル,ー,,NOT_FOUND
02c3acb0-3c2a-4a7a-b20b-0d7a6d4e44b1,MC,608,アオキのワシボン,ー,,NOT_FOUND
f8719eea-ac53-421d-9d06-bee32a8237e1,MC,609,アオキのウォーグル,ー,,NOT_FOUND
745e954b-eb46-48f3-8d4d-faf7d3e61966,MC,610,トルネロス,ー,,NOT_FOUND
1f059cad-3f50-4abc-a480-a7d0495917be,MC,611,トリミアン,ー,,NOT_FOUND
1560b1cf-98c7-493e-b062-958c5f833344,MC,612,トリミアン,ー,,NOT_FOUND
f3fd96fa-7cd0-4e55-a1b3-c01109903e9b,MC,613,ルチャブル,ー,,NOT_FOUND
557cab16-83f1-4239-ab1d-d922b4c599fa,MC,614,オンバット,ー,,NOT_FOUND
06d68776-604f-4164-9b21-796604874841,MC,408,マーシャドー,ー,,NOT_FOUND
a15bc6c8-3adf-4194-814f-32c756d3af22,MC,409,タンドン,ー,,NOT_FOUND
6cf05d41-02b5-4d02-85ff-326123809f1a,MC,410,トロッゴン,ー,,NOT_FOUND
a29344ca-e44e-469c-b2f5-4bdf24b9b847,MC,411,セキタンザン,ー,,NOT_FOUND
19532c4e-35c4-4816-b36f-42713b7b67e1,MC,412,タタッコ,ー,,NOT_FOUND
64a745e5-1552-4dad-bcc1-078339b020df,MC,413,オトスパス,ー,,NOT_FOUND
ddf8b895-9815-4c90-832c-88dc615befec,MC,414,イシヘンジン,ー,,NOT_FOUND
2f3c9da8-928b-48b7-a619-a06a91338303,MC,415,ガチグマ アカツキ,ー,,NOT_FOUND
69204e08-4724-4d11-afc8-1769f10b5c6b,MC,416,コジオ,ー,,NOT_FOUND
cec14442-de55-4d2a-9fae-a74481a58b3b,MC,417,ジオヅム,ー,,NOT_FOUND
749b07d0-199e-4683-8673-5d4be2a5dd90,MC,418,キョジオーン,ー,,NOT_FOUND
22cf165f-27d9-4ff3-b78b-c831a07400d1,MC,420,ペパーのリククラゲ,ー,,NOT_FOUND
b667d114-387e-45d0-85b0-88943d48cb78,MC,421,ガケガニ,ー,,NOT_FOUND
6116394b-2294-488d-829c-d656ff1d7d17,MC,422,イダイナキバ,ー,,NOT_FOUND
7885082f-845b-46ea-bcd8-15347f6234fc,MC,423,チヲハウハネ,ー,,NOT_FOUND
a05e0437-a90f-4485-85b2-a924ea13f669,MC,424,スナノケガワ,ー,,NOT_FOUND
4a8a52c1-4bae-40f4-969e-150ea9ebd6a2,MC,425,コライドンex,ー,,NOT_FOUND
e687e7f3-8690-44d3-aac3-627e8848566b,MC,426,イイネイヌ,ー,,NOT_FOUND
97349dd9-edfc-45df-8fe2-f6430fb0c918,MC,427,オーガポン いしずえのめん,ー,,NOT_FOUND
b539c1ae-ca1a-43cc-afca-68ec9bf045e1,MC,428,オーガポン いしずえのめんex,ー,,NOT_FOUND
770fc582-09f9-4ff0-898b-e677fbc101b6,MC,429,テツノイワオex,ー,,NOT_FOUND
46aa82f5-c9d8-46ad-915d-e29d8b396184,MC,430,アーボ,ー,,NOT_FOUND
f760d072-c84b-4377-8a6e-d86217185861,MC,431,アーボック,ー,,NOT_FOUND
bb1d3391-d956-4db2-b8ff-aae513983e6e,MC,432,ロケット団のニドラン♀,ー,,NOT_FOUND
f796e5a4-f165-44b2-8ba6-39161ba7a55e,MC,433,ロケット団のニドリーナ,ー,,NOT_FOUND
12b0220b-edee-4334-bdaf-cdee996d30c9,MC,434,ロケット団のニドクイン,ー,,NOT_FOUND
94820e1d-13f7-4915-9aa1-581e666bc620,MC,435,ロケット団のニドラン♂,ー,,NOT_FOUND
4f63dee8-235d-4df5-b178-7b7e5d6c903d,MC,436,ロケット団のニドリーノ,ー,,NOT_FOUND
5c342162-d6b5-4458-b0ef-de9ec1bd665a,MC,437,ロケット団のニドキングex,ー,,NOT_FOUND
f73566d0-6f79-4b81-b5fd-24faeadf40a3,MC,438,ロケット団のズバット,ー,,NOT_FOUND
05badfdc-efe8-4519-a8e0-b8123704c2cc,MC,439,ロケット団のゴルバット,ー,,NOT_FOUND
7a7c0bf0-7a0a-43bd-9ca0-3ce171008175,MC,451,ポチエナ,ー,,NOT_FOUND
a465f98d-fc57-4d0a-b387-301f3717ee59,MC,440,ロケット団のクロバットex,ー,,NOT_FOUND
49dbfc3b-fb2b-43b9-ae42-c167cee488db,MC,441,ゴース,ー,,NOT_FOUND
a4e7de9f-0243-4558-b6b0-a4694b2def7b,MC,442,ゴース,ー,,NOT_FOUND
83dd13e6-b12e-488c-b494-ea13e2f3a28b,MC,443,ゴースト,ー,,NOT_FOUND
1edabe68-df11-4695-ae06-b20a45134fbd,MC,444,ゴースト,ー,,NOT_FOUND
e7ecc5cd-4a4e-48e4-9f78-f8899d9d74eb,MC,445,ゲンガーex,ー,,NOT_FOUND
af598f54-d0ed-4485-aa04-a22a672a3c08,MC,446,ブラッキーex,ー,,NOT_FOUND
a8a25850-b696-41b0-bd50-443490769ac8,MC,447,ロケット団のヤミカラス,ー,,NOT_FOUND
ae1af07c-467f-4c2f-b097-5595b61efdaa,MC,448,ロケット団のニューラ,ー,,NOT_FOUND
ab3469bd-f67d-480f-95d9-90772a84410d,MC,449,デルビル,ー,,NOT_FOUND
4d3d26df-6173-4173-835e-9a1a312ab151,MC,450,ヘルガー,ー,,NOT_FOUND
adb03ff9-2e69-420e-a8cc-41eb8907a65f,MC,452,グラエナ,ー,,NOT_FOUND
d402ecab-cf1c-44db-8e35-ceaecd0527af,MC,453,ヤミラミ,ー,,NOT_FOUND
b5c24d48-4396-4de6-81dc-2031247e2a84,MC,454,アブソル,ー,,NOT_FOUND
6909e757-64e5-49da-b6af-379e53eff109,MC,455,ミカルゲ,ー,,NOT_FOUND
a3258d8d-6d98-4e97-b94c-24fb148d42e1,MC,456,ダークライex,ー,,NOT_FOUND
19ff0608-3a45-4bce-b475-b0317bd43196,MC,457,Nのチョロネコ,ー,,NOT_FOUND
e68714da-2b46-4667-9ba2-7052741464fb,MC,458,マリィのチョロネコ,ー,,NOT_FOUND
b264816c-5ee8-41c3-acac-52bf405a8163,MC,459,マリィのレパルダス,ー,,NOT_FOUND
c36e072a-2d89-41a4-8e9a-9a5ee40fa448,MC,460,フシデ,ー,,NOT_FOUND
8b62d50d-0ee7-490a-afa3-9ea44b96312e,MC,461,ホイーガ,ー,,NOT_FOUND
b925b6c8-1a83-4350-b3bd-a6db00b49782,MC,462,ペンドラー,ー,,NOT_FOUND
ec3217de-ee26-42f3-b6a9-ccc688b5b013,MC,519,メルメタルex,ー,,NOT_FOUND
4ac3f53a-4dfc-42c6-a07b-f18f477276f2,MC,463,マリィのズルッグ,ー,,NOT_FOUND
4e579508-5cfd-4b04-a24c-5cd47242303f,MC,464,マリィのズルズキン,ー,,NOT_FOUND
56373a87-4e5f-4099-b310-83b5a3211398,MC,465,ヤブクロン,ー,,NOT_FOUND
8dffd335-e10d-4e33-82b2-47c8e3128045,MC,466,ダストダス,ー,,NOT_FOUND
925b9e62-ade9-4e12-8563-45c09e26a6cc,MC,467,ゾロア,ー,,NOT_FOUND
e562bdd0-f582-4beb-ba4e-6592a6d9b02d,MC,468,ゾロアーク,ー,,NOT_FOUND
d27e9962-2f5c-485a-a0b8-6dad9abd7814,MC,469,Nのゾロア,ー,,NOT_FOUND
75b787a6-2fac-42b8-812d-a8fe3b13532a,MC,470,Nのゾロアークex,ー,,NOT_FOUND
0c4dc4c5-5fa9-4d56-aa5d-57e7ae29a2c0,MC,471,コマタナ,ー,,NOT_FOUND
2efb6e20-2644-4d24-aa39-50812fa10f69,MC,472,キリキザン,ー,,NOT_FOUND
fe1df80b-f7d6-4fe2-acf0-cf1cc50a207c,MC,473,ドドゲザン,ー,,NOT_FOUND
40b366a0-63a5-43b7-b660-416af48ea1c2,MC,474,バルチャイ,ー,,NOT_FOUND
65d9bae4-5352-4b75-a6e1-ef50932e924f,MC,475,バルジーナex,ー,,NOT_FOUND
75cef8bb-d4a5-437f-93c3-7885262d508b,MC,476,モノズ,ー,,NOT_FOUND
86904c79-12c1-403d-b9dc-2fca3c0e06d8,MC,477,ジヘッド,ー,,NOT_FOUND
c08cfbb4-8819-4852-9648-f126cb395c9c,MC,478,サザンドラex,ー,,NOT_FOUND
a3edabf4-477d-476e-bd51-6651bfd8b46d,MC,479,ゴロンダ,ー,,NOT_FOUND
e10c1c09-b9ba-416d-b451-03ae9ed66d41,MC,480,イベルタル,ー,,NOT_FOUND
e1e098db-cb09-4b95-93c0-498db7d5119d,MC,481,イベルタル,ー,,NOT_FOUND
2db68fcd-f241-42d3-ae2d-22f5f118bfb9,MC,482,フーパ,ー,,NOT_FOUND
bb25c049-d2f7-4c2b-98fb-3e36b5a2decb,MC,483,ペパーのオラチフ,ー,,NOT_FOUND
693e0c9f-8e2d-4739-92c0-2a4ecf11fe60,MC,484,ペパーのマフィティフex,ー,,NOT_FOUND
7cd6bd89-2a96-4a0d-9df2-876c988bee85,MC,485,オトシドリ,ー,,NOT_FOUND
85ebea8c-0cde-4239-adbe-781f3bf1d168,MC,507,ギギアル,ー,,NOT_FOUND
2dd2e390-7d80-4a59-be87-146ad8fe1e21,MC,486,リキキリンex,ー,,NOT_FOUND
fd7ddd88-1e36-417a-9df3-37d4ea6a62cb,MC,487,アラブルタケ,ー,,NOT_FOUND
993c96cd-cc70-4546-9303-096187ef20d2,MC,488,イイネイヌex,ー,,NOT_FOUND
941cac2d-cad1-40e2-b5e3-3d32cdd28f9b,MC,489,キチキギスex,ー,,NOT_FOUND
19faa13d-a28b-4b96-8492-44ad460aa2fa,MC,490,モモワロウ,ー,,NOT_FOUND
7f4c604d-95e3-415f-98fd-c9187fbc34d6,MC,491,モモワロウex,ー,,NOT_FOUND
fcb5d32e-273d-440e-af4f-919fb46bd816,MC,492,ハッサムex,ー,,NOT_FOUND
4efbc729-3dc8-4841-840d-db6a076fb5fc,MC,493,エアームド,ー,,NOT_FOUND
443d3f93-c604-4bbe-a173-27a63b12cd2e,MC,494,ダイゴのエアームド,ー,,NOT_FOUND
a47b543a-e83a-461a-b156-714339a3e3da,MC,495,クチート,ー,,NOT_FOUND
f20eaf15-60fe-4c3b-8708-04c02df00b3b,MC,647,デンジャラス光線,ー,,NOT_FOUND
47eaf730-4400-4b99-ba14-273dfc63673f,MC,496,ダンバル,ー,,NOT_FOUND
a97d7973-c79c-4a97-8246-5433e143d4d0,MC,497,メタング,ー,,NOT_FOUND
a650958a-2b19-4dd3-9cb8-8f8e61608bc1,MC,498,レジスチル,ー,,NOT_FOUND
f8138560-4a4f-4014-b86f-45e60d47a6b2,MC,499,レジスチルex,ー,,NOT_FOUND
b12230fb-762e-48f3-b977-c2579de53eec,MC,500,ドーミラー,ー,,NOT_FOUND
c6b0f61f-6ca2-4d3e-a3a0-adc448bfa966,MC,501,ドータクン,ー,,NOT_FOUND
f55f451f-8028-46d3-a02e-c084aa11a46e,MC,502,ディアルガ,ー,,NOT_FOUND
3b869aab-9037-4031-9e6d-abc1a720263c,MC,503,ヒードラン,ー,,NOT_FOUND
0283670b-6a74-4b81-a4ee-a9170528cc3a,MC,504,シュバルゴ,ー,,NOT_FOUND
958c3b28-75b1-4ab2-8038-7e7d7b2741f5,MC,505,シュバルゴ,ー,,NOT_FOUND
30398bb7-8f70-4b88-b29e-3790efae24bc,MC,506,ギアル,ー,,NOT_FOUND
1f82a5e2-c1e2-4af9-ae1f-874565d398d2,MC,648,なかよしポフィン,ー,,NOT_FOUND
25e526ff-0a16-4056-be44-ed5c53a7dfb4,MC,508,ギギギアル,ー,,NOT_FOUND
ee5d97cd-afa9-4e85-8fce-d4dac595ee6f,MC,509,ガラル マッギョ,ー,,NOT_FOUND
66fdc5c5-28c5-4d3c-b672-409843098cc0,MC,510,コマタナ,ー,,NOT_FOUND
8ec8889a-9394-4835-bcb3-b6ca67dada4c,MC,511,キリキザン,ー,,NOT_FOUND
3c4ea826-9d97-4392-aba0-8adea4a847c4,MC,512,ゲノセクトex,ー,,NOT_FOUND
4634f270-d0a9-4ab2-8b3b-13d652c19bef,MC,513,クレッフィ,ー,,NOT_FOUND
051a9052-9d8d-4541-aeee-8d60f7c17603,MC,514,トゲデマルex,ー,,NOT_FOUND
8ea52e12-d96f-4d59-b2db-d06bf2ab2ec3,MC,515,マギアナ,ー,,NOT_FOUND
37192d82-aa7c-4436-8ecd-f69d3fe4688e,MC,516,メルタン,ー,,NOT_FOUND
af2d0a01-7af2-4b6b-bc3b-a37e90350849,MC,517,メルタン,ー,,NOT_FOUND
61711aee-7097-4c0b-92cd-5956878c9b4f,MC,518,メルメタル,ー,,NOT_FOUND
d7b5819e-dc67-4e6f-8d66-2b7024426cee,MC,520,ホップのアーマーガア,ー,,NOT_FOUND
6cfc9611-55e8-45ad-a922-5686400330d8,MC,521,ゾウドウ,ー,,NOT_FOUND
57144f2e-e58f-463d-8619-39ea92fe78bf,MC,522,ダイオウドウ,ー,,NOT_FOUND
69ac6a18-8ecd-4fa3-bc7e-a27db70cbac4,MC,523,ジュラルドン,ー,,NOT_FOUND
07dc16cd-858d-4d4b-9c4b-8484951532f6,MC,524,ジュラルドン,ー,,NOT_FOUND
7d3f6b73-3b9b-4d98-a02a-7e0df998bfca,MC,525,ブリジュラス,ー,,NOT_FOUND
b3367a9f-1450-4ab4-919b-a4c677f12516,MC,526,ブリジュラスex,ー,,NOT_FOUND
86d75c28-6ad2-4310-acda-207685176ef7,MC,527,ホップのザシアンex,ー,,NOT_FOUND
fb9f8bc9-8855-4f43-8826-22f33d75006f,MC,528,カヌチャン,ー,,NOT_FOUND
8106851a-4929-40c3-b6db-de7a849f40f8,MC,529,ナカヌチャン,ー,,NOT_FOUND
882a2ff3-28d3-4d2a-aa08-6d9f5cfad6b2,MC,649,のんびりじゃらし,ー,,NOT_FOUND
4ded78f8-517c-4c4c-aeca-4fdb0287f993,MC,650,ハイパーアロマ,ー,,NOT_FOUND
56f64749-d524-4293-8ae1-650ee166f956,MC,530,デカヌチャン,ー,,NOT_FOUND
a62902a4-175f-4430-88b2-904f9585e6a8,MC,531,ブロロン,ー,,NOT_FOUND
cf6df318-8af3-4f94-a242-b0528ea278fb,MC,532,ブロロローム,ー,,NOT_FOUND
afa39363-7db4-4fa5-b7a4-51d809a0a130,MC,533,ミミズズex,ー,,NOT_FOUND
9cbe9d75-b311-421b-8808-e35c3e43a951,MC,534,サーフゴー,ー,,NOT_FOUND
82ca7af1-982a-4b89-bc89-94b7946de768,MC,535,サーフゴー,ー,,NOT_FOUND
56c46aa0-a9c6-44fb-941c-734af194f892,MC,536,テツノカシラ,ー,,NOT_FOUND
c9e55fef-662a-4818-bbb6-15cf5942dc47,MC,537,アローラ ナッシーex,ー,,NOT_FOUND
0b0d40d7-780c-4885-b54c-6f3de6b47854,MC,538,タツベイ,ー,,NOT_FOUND
c09a8a15-5260-406f-b940-cb5362aab507,MC,539,コモルー,ー,,NOT_FOUND
a850af96-073c-4861-a2b0-c181ed80fd32,MC,540,ボーマンダex,ー,,NOT_FOUND
28bb4791-5b13-4600-b6ca-e4cc4cf3f13d,MC,542,オノンド,ー,,NOT_FOUND
fc02379d-cbbc-437a-aa4b-8dd2d1ebefa9,MC,543,オノノクス,ー,,NOT_FOUND
2fe68c99-d1e1-438d-a470-f3270c01198b,MC,544,クリムガン,ー,,NOT_FOUND
6ba0c6be-d814-462b-b63a-25f87879a10c,MC,545,Nのレシラム,ー,,NOT_FOUND
6edb164d-2a15-4d46-ac0b-2a6d1f5be694,MC,546,ドラメシヤ,ー,,NOT_FOUND
568e6c94-28fb-46e2-8538-319f26bda06b,MC,547,ドロンチ,ー,,NOT_FOUND
b3fa2719-5e36-4889-8724-8c84e31e23dd,MC,548,ドラパルトex,ー,,NOT_FOUND
c801dbd5-860a-4b60-be81-eaa44a95ce04,MC,549,シャリタツ,ー,,NOT_FOUND
e3f5644e-70b4-4549-9211-2f6f2f4b8c8c,MC,550,コライドン,ー,,NOT_FOUND
1063607e-f78c-4ac9-85e6-b8a2ef39d689,MC,551,コライドンex,ー,,NOT_FOUND
c553382f-7be4-45f0-8a96-af9c74ef74ef,MC,651,ハイパーボール,ー,,NOT_FOUND
5882eae7-c789-4947-9ff6-000437a93987,MC,652,パワープロテイン,ー,,NOT_FOUND
93f9097b-a4a2-45bb-80e6-2c6e286ff642,MC,563,ケンタロス,ー,,NOT_FOUND
ab77886a-deec-49f6-a410-0d438ca80fef,MC,552,ミライドン,ー,,NOT_FOUND
375de216-bd61-493b-8279-5e35ee6522e1,MC,553,ミライドンex,ー,,NOT_FOUND
9ce2bdd0-c34c-4c05-92c5-9d0cf6487eb3,MC,554,タケルライコex,ー,,NOT_FOUND
78bf2d3f-5263-47c6-a865-2a5d6e68942c,MC,555,ロケット団のコラッタ,ー,,NOT_FOUND
d5d43bb7-36fe-468c-9f16-f25957489485,MC,556,ロケット団のラッタ,ー,,NOT_FOUND
1502a36f-e768-488d-a892-4147e314d385,MC,557,オニスズメ,ー,,NOT_FOUND
76fe8548-a148-4f14-a4da-366fd3dc2a27,MC,558,オニドリル,ー,,NOT_FOUND
a4bcbc12-5b8d-4c8b-b6b4-62b00c3ba679,MC,559,ロケット団のニャース,ー,,NOT_FOUND
8ccef0f4-fb2c-4874-996f-77c529d7f2f7,MC,560,ロケット団のペルシアンex,ー,,NOT_FOUND
8eef0d77-8d52-48a2-8ccc-add078fea2a7,MC,561,ラッキー,ー,,NOT_FOUND
2cb9d7a0-7bd2-44f5-8030-8a2a53866083,MC,562,ハピナスex,ー,,NOT_FOUND
fa0c99ec-96b7-449c-ad79-fdacfded5018,MC,564,イーブイ,ー,,NOT_FOUND
3f72431e-ba83-44a3-ae86-fe22d1bb4646,MC,565,イーブイ,ー,,NOT_FOUND
079be7f9-7e8a-461a-8214-c4bbabdb1c3a,MC,566,イーブイex,ー,,NOT_FOUND
48b6aea1-57c7-45b7-addc-5b6f85a7ba6b,MC,567,カビゴン,ー,,NOT_FOUND
e9a683b3-ee2a-4f5f-8901-6ee05ceae58c,MC,568,カビゴン,ー,,NOT_FOUND
fe1c0adb-047d-40a3-a52a-99efb4cf5838,MC,569,ホップのカビゴン,ー,,NOT_FOUND
756ab250-106d-4028-ae13-d7a90e03cc8e,MC,570,オタチ,ー,,NOT_FOUND
37685293-a69f-4cf0-9c6a-e82f59a1baa0,MC,571,オオタチ,ー,,NOT_FOUND
6af3b7fc-ed7f-4029-8619-25e9d9b91dc8,MC,572,ホーホー,ー,,NOT_FOUND
d4797077-5072-493a-96fc-bd149640a9bd,MC,573,ヨルノズク,ー,,NOT_FOUND
e2d72977-fd8b-4278-8612-56d0ee4fd73b,MC,653,ハンドトリマー,ー,,NOT_FOUND
23da3ebb-4ae1-4146-a74b-8e436710cb3d,MC,574,ノコッチ,ー,,NOT_FOUND
9c61cd57-36bb-4fb0-b9fd-4c8415ab890e,MC,575,ノココッチex,ー,,NOT_FOUND
91226b90-80dc-43ab-a866-1e8aa4157b4e,MC,576,アオキのノコッチ,ー,,NOT_FOUND
a29b6991-f8c5-4cf0-bda5-a9f06880740a,MC,577,アオキのノココッチex,ー,,NOT_FOUND
ab19cbf5-fba7-4e9c-958a-74da47f7acd8,MC,578,ミルタンク,ー,,NOT_FOUND
f7eeb355-b2e9-4b54-88a9-1eac3424e2d3,MC,579,スバメ,ー,,NOT_FOUND
d32ca4ca-96b6-48ca-a4e8-5de768bec433,MC,580,オオスバメ,ー,,NOT_FOUND
96de38ac-f314-40ef-82f7-f50f08143620,MC,581,ナマケロ,ー,,NOT_FOUND
4e3da790-6ef1-460b-949e-838248f4ea7c,MC,582,ヤルキモノ,ー,,NOT_FOUND
636cae1b-97af-4d73-a34a-9616598d3edf,MC,583,ケッキングex,ー,,NOT_FOUND
7b6caf82-9b33-4228-94de-0ea14d8ed13f,MC,584,エネコ,ー,,NOT_FOUND
21222dfe-6f64-412c-afbb-4fd70bb180dd,MC,585,エネコ,ー,,NOT_FOUND
a1a57b29-ff8e-431e-9144-c646693e1a5e,MC,654,ファイトゴング,ー,,NOT_FOUND
bbbee871-d1ff-465c-8246-adbb9d4a4da5,MC,655,ふしぎなアメ,ー,,NOT_FOUND
c741b79d-3b9c-4bf4-8b32-c82e10a5cad9,MC,586,エネコロロ,ー,,NOT_FOUND
a51bc142-6faa-4af7-8774-b70186c858fe,MC,587,ザングース,ー,,NOT_FOUND
8fa22d36-c221-4371-994e-840f04b69dd0,MC,588,ザングースex,ー,,NOT_FOUND
ad7455c7-2b99-4861-8579-12a0f0c1b4e2,MC,589,トロピウス,ー,,NOT_FOUND
533310e2-1c0d-4f5e-8f6f-98dd189196d6,MC,590,アオキのムックル,ー,,NOT_FOUND
86f61e32-d572-4e1b-be15-8e67e94cd927,MC,591,アオキのムクバード,ー,,NOT_FOUND
7acccecf-74fb-438c-b363-c80d74a430c2,MC,592,アオキのムクホーク,ー,,NOT_FOUND
01427316-ab59-49f0-9bd7-64a9481acb3e,MC,593,ミミロル,ー,,NOT_FOUND
e1d7eb46-61ef-4a48-b06c-11c4cff872e5,MC,594,ミミロップ,ー,,NOT_FOUND
a1be39fa-bc98-4801-9fa7-9d566a95fe16,MC,595,ニャルマー,ー,,NOT_FOUND
383daf84-9c65-44f6-bc7b-b71be95764aa,MC,596,ブニャット,ー,,NOT_FOUND
4bab250c-5c13-45a2-8220-c1aaa2cecbc4,MC,656,プライムキャッチャー,ー,,NOT_FOUND
e6a475fd-b0fc-4454-a02a-35a12ac87a12,MC,597,ペラップ,ー,,NOT_FOUND
2cf0e50d-f60c-45d3-93e1-4826a06dc75f,MC,598,マメパト,ー,,NOT_FOUND
af421bdd-39fa-4c16-ac33-7d0de942e764,MC,599,ハトーボー,ー,,NOT_FOUND
6384978c-260b-4b87-9b71-fd0847d4f271,MC,600,ケンホロウ,ー,,NOT_FOUND
09c62ed7-3e1f-44e9-bc28-487b4e8c7028,MC,615,オンバーン,ー,,NOT_FOUND
130228e7-84df-44b5-b11a-060268ac3ece,MC,617,キテルグマ,ー,,NOT_FOUND
e99ef6ed-51a4-4620-a5de-378fe5b926ed,MC,618,ヤレユータン,ー,,NOT_FOUND
dd622226-78ab-43cb-a96e-3a006d5dca08,MC,619,アオキのネッコアラ,ー,,NOT_FOUND
aece9270-4c51-45f4-828a-0ec86eeb53f5,MC,620,ジジーロン,ー,,NOT_FOUND
299f0214-3da7-4842-a24d-2918b40a11b6,MC,621,ジジーロン,ー,,NOT_FOUND
2b9bfa64-77e9-4ba0-9a2d-4a27ec6bff09,MC,622,ホップのココガラ,ー,,NOT_FOUND
ddf16134-f96c-456d-8292-74ae1da3fd55,MC,623,ホップのアオガラス,ー,,NOT_FOUND
be21ab9c-05fe-4c03-bcfb-536ba8b5c61e,MC,624,ホップのウッウ,ー,,NOT_FOUND
94de2ccc-e0cc-42ed-9f40-0d89f9eba086,MC,657,古びたはねの化石,ー,,NOT_FOUND
a0a2c023-beb3-4c52-baaa-7c3a0192e364,MC,658,プレシャスキャリー,ー,,NOT_FOUND
01c5e064-0d4e-4061-a599-f574de23efb4,MC,625,ガチグマ アカツキex,ー,,NOT_FOUND
a353285c-005c-40b5-a292-9c304ace9525,MC,626,イキリンコ,ー,,NOT_FOUND
83b8060e-d119-45ec-8863-1380b4772f36,MC,627,モトトカゲ,ー,,NOT_FOUND
847e541b-05a2-43bf-939c-10daeea1b510,MC,628,テツノコウベ,ー,,NOT_FOUND
232ad399-8bdc-481c-accd-9d79235718ee,MC,629,テラパゴス,ー,,NOT_FOUND
4f6bfcaa-2e18-4833-91e5-ef5e95857cdc,MC,630,テラパゴスex,ー,,NOT_FOUND
ff4f51fd-4a51-4c20-8e70-f9690c1b2283,MC,631,アイアンディフェンダー,ー,,NOT_FOUND
0dfc0d12-5787-4bf6-9da1-9ba290e216e6,MC,632,あやしい時計,ー,,NOT_FOUND
29561c43-cb81-4e0c-8461-ec4ac399798d,MC,633,アンフェアスタンプ,ー,,NOT_FOUND
574d41cb-73ee-45a4-a8e5-c4b00570647a,MC,634,いいきずぐすり,ー,,NOT_FOUND
c27d9258-d1b3-4ce8-a2e3-a2195e9e0483,MC,635,Nのポイントアップ,ー,,NOT_FOUND
a5ac5dc7-c145-40f8-933b-f16b8ec40db4,MC,636,エネルギー回収,ー,,NOT_FOUND
e4e27557-8705-45ad-8c9c-d576e5e02414,MC,637,エネルギーコイン,ー,,NOT_FOUND
1b1124ad-e166-4422-be03-fbcb96177c8b,MC,638,エネルギーつけかえ,ー,,NOT_FOUND
9544279e-b4ff-4227-8ae0-e369361d5652,MC,639,エネルギー転送,ー,,NOT_FOUND
d6083513-282e-4282-b4a9-2aa17f38d730,MC,640,エネルギーリサイクル,ー,,NOT_FOUND
6c01b6db-edd4-418d-97b7-75cf63991bf3,MC,641,鬼の仮面,ー,,NOT_FOUND
f81a93ad-3138-4bba-bc7d-c8804f5c677b,MC,642,覚醒のドラム,ー,,NOT_FOUND
0707a560-94c8-48d8-8737-6ad92ac5301d,MC,643,きずぐすり,ー,,NOT_FOUND
d9d24222-03cf-4d57-bf99-f25f9e88c118,MC,644,クラッシュハンマー,ー,,NOT_FOUND
60c8f132-3139-40d4-ad82-054a587d8b34,MC,645,推理セット,ー,,NOT_FOUND
6376fd79-4c4f-4218-ba3f-ee1809f46a41,MC,646,スクランブルスイッチ,ー,,NOT_FOUND
8c501b63-c7ac-4ba0-ad05-9d0e06ef1a62,MC,743,エリカのモンジャラ,ー,,NOT_FOUND
db1d1891-2da8-4a35-a811-6f90bbb59961,MC,744,エンニュート,ー,,NOT_FOUND
bd942033-0952-4a1f-b449-c2c7df3b3b9f,MC,745,ヒバニー,ー,,NOT_FOUND
1bd04962-6f22-4eea-9b5e-147e5d272c7a,MC,746,マニューラ,ー,,NOT_FOUND
b8e93fa5-ccd7-42e0-94a3-5b9565aa3626,MC,747,クワガノン,ー,,NOT_FOUND
68718c84-8817-4185-995a-8a410051c32e,MC,748,マリル,ー,,NOT_FOUND
e91c6336-4c51-4446-ae58-a8edf9938a6d,MC,749,ジュペッタ,ー,,NOT_FOUND
2adbe7e0-28ac-49d4-af43-689bc483ea79,MC,750,ペロリーム,ー,,NOT_FOUND
743f510f-c8c6-487a-be3f-3a0b943b9a61,MC,751,カポエラー,ー,,NOT_FOUND
e436c6bf-5405-4ef7-957c-a017a877b92e,MC,752,メレシー,ー,,NOT_FOUND
ae0a6516-1f76-40b7-9965-1bf68c94cb56,MC,753,グラエナ,ー,,NOT_FOUND
576279f2-f929-4aaf-ae53-926ed4c00092,MC,754,クチート,ー,,NOT_FOUND
d480fec2-348e-4b41-bcc2-407af65c66b4,MC,755,イーブイ,ー,,NOT_FOUND
988eba79-2a44-4a35-825c-cca1cabde99e,MC,756,アオキのムクホーク,ー,,NOT_FOUND
83ef3602-629f-41a2-ba64-720e9e5960e5,MC,757,ニャオハex,ー,,NOT_FOUND
4a95086f-c8a7-491f-86be-5a25b054d617,MC,758,マッギョex,ー,,NOT_FOUND
5d561388-497f-4d9d-a449-d1342d4ce5e5,MC,759,メガタブンネex,ー,,NOT_FOUND
2dbf4940-fc16-4413-8266-65c13784f199,MC,760,ボスの指令,ー,,NOT_FOUND
8fc28407-9d3b-412a-a84f-d77f6c806523,MC,761,メガメガニウムex,ー,,NOT_FOUND
b9d22eaf-c85b-4558-8a83-897fe8133d3d,MC,762,メガエンブオーex,ー,,NOT_FOUND
731ef971-e697-41db-9c23-0d503033ea7f,MC,763,メガオーダイルex,ー,,NOT_FOUND
fd02383a-fe6e-4d35-810a-619e319c2b79,MC,764,ピカチュウex,ー,,NOT_FOUND
3a9c5a87-9af5-4ade-84c0-1336614f3e03,MC,765,リーリエのピッピex,ー,,NOT_FOUND
