card_number,db_id,db_name,db_rarity,db_image_url,scrydex_name,scrydex_japanese_name,scrydex_rarity,scrydex_image_url,scrydex_card_url
1,f02bc850-a705-441e-a451-8f82311f8632,ナゾノクサ,,https://images.scrydex.com/pokemon/sv4a_ja-1/medium,Oddish,ナゾノクサ,,https://images.scrydex.com/pokemon/sv4a_ja-1/medium,https://scrydex.com/pokemon/cards/oddish/sv4a_ja-1?variant=normal
2,fce6c308-62d9-479e-805b-809f69684375,クサイハナ,,https://images.scrydex.com/pokemon/sv4a_ja-2/medium,Gloom,クサイハナ,,https://images.scrydex.com/pokemon/sv4a_ja-2/medium,https://scrydex.com/pokemon/cards/gloom/sv4a_ja-2?variant=normal
3,3074bdac-9a2e-401d-a08c-4173cb9919b4,ラフレシア,,https://images.scrydex.com/pokemon/sv4a_ja-3/medium,Vileplume,ラフレシア,,https://images.scrydex.com/pokemon/sv4a_ja-3/medium,https://scrydex.com/pokemon/cards/vileplume/sv4a_ja-3?variant=holofoil
4,e3fbbe7c-277b-471b-9dbc-f9f2e1a8bb61,ストライク,,https://images.scrydex.com/pokemon/sv4a_ja-4/medium,Scyther,ストライク,,https://images.scrydex.com/pokemon/sv4a_ja-4/medium,https://scrydex.com/pokemon/cards/scyther/sv4a_ja-4?variant=normal
5,3d117b16-253d-48bb-b893-47ce3ca336f5,ハネッコ,,https://images.scrydex.com/pokemon/sv4a_ja-5/medium,Hoppip,ハネッコ,,https://images.scrydex.com/pokemon/sv4a_ja-5/medium,https://scrydex.com/pokemon/cards/hoppip/sv4a_ja-5?variant=normal
6,9f6b03ba-42a6-4d77-9f5c-f05925108ab8,ポポッコ,,https://images.scrydex.com/pokemon/sv4a_ja-6/medium,Skiploom,ポポッコ,,https://images.scrydex.com/pokemon/sv4a_ja-6/medium,https://scrydex.com/pokemon/cards/skiploom/sv4a_ja-6?variant=normal
7,122af85c-0361-41d7-b069-fd8da75e945c,ワタッコ,,https://images.scrydex.com/pokemon/sv4a_ja-7/medium,Jumpluff,ワタッコ,,https://images.scrydex.com/pokemon/sv4a_ja-7/medium,https://scrydex.com/pokemon/cards/jumpluff/sv4a_ja-7?variant=holofoil
8,64dea068-2602-4926-8621-1387225134a4,クヌギダマ,,https://images.scrydex.com/pokemon/sv4a_ja-8/medium,Pineco,クヌギダマ,,https://images.scrydex.com/pokemon/sv4a_ja-8/medium,https://scrydex.com/pokemon/cards/pineco/sv4a_ja-8?variant=normal
9,2daef6a0-1446-47c8-a3a1-5faa708f1dcf,フォレトスex,RR,https://images.scrydex.com/pokemon/sv4a_ja-9/medium,Forretress ex,フォレトスex,S,https://images.scrydex.com/pokemon/sv4a_ja-9/medium,https://scrydex.com/pokemon/cards/forretress-ex/sv4a_ja-9?variant=holofoil
10,06637f94-2be3-464f-ae66-5a9f7ae2f565,ユキカブリ,,https://images.scrydex.com/pokemon/sv4a_ja-10/medium,Snover,ユキカブリ,,https://images.scrydex.com/pokemon/sv4a_ja-10/medium,https://scrydex.com/pokemon/cards/snover/sv4a_ja-10?variant=normal
11,7869172b-51ab-4aba-b3be-3097bb6f37eb,ユキノオー,,https://images.scrydex.com/pokemon/sv4a_ja-11/medium,Abomasnow,ユキノオー,,https://images.scrydex.com/pokemon/sv4a_ja-11/medium,https://scrydex.com/pokemon/cards/abomasnow/sv4a_ja-11?variant=holofoil
12,5e9c148d-70f7-4e40-a115-7589c6930b69,ニャオハ,,https://images.scrydex.com/pokemon/sv4a_ja-12/medium,Sprigatito,ニャオハ,,https://images.scrydex.com/pokemon/sv4a_ja-12/medium,https://scrydex.com/pokemon/cards/sprigatito/sv4a_ja-12?variant=normal
13,f818478b-8607-4e17-b5b5-c672029d3ade,ニャローテ,,https://images.scrydex.com/pokemon/sv4a_ja-13/medium,Floragato,ニャローテ,,https://images.scrydex.com/pokemon/sv4a_ja-13/medium,https://scrydex.com/pokemon/cards/floragato/sv4a_ja-13?variant=normal
14,7dc140ba-ed2e-4b82-9ba7-30963d1d563c,マスカーニャex,RR,https://images.scrydex.com/pokemon/sv4a_ja-14/medium,Meowscarada ex,マスカーニャex,S,https://images.scrydex.com/pokemon/sv4a_ja-14/medium,https://scrydex.com/pokemon/cards/meowscarada-ex/sv4a_ja-14?variant=holofoil
15,5d2b40ba-175a-4fb5-bdb3-ffea9f84d64d,ミニーブ,,https://images.scrydex.com/pokemon/sv4a_ja-15/medium,Smoliv,ミニーブ,,https://images.scrydex.com/pokemon/sv4a_ja-15/medium,https://scrydex.com/pokemon/cards/smoliv/sv4a_ja-15?variant=normal
16,cb14a24f-28f4-4102-ba60-a164f1efc0ba,オリーニョ,,https://images.scrydex.com/pokemon/sv4a_ja-16/medium,Dolliv,オリーニョ,,https://images.scrydex.com/pokemon/sv4a_ja-16/medium,https://scrydex.com/pokemon/cards/dolliv/sv4a_ja-16?variant=normal
17,a6766d8b-c0c8-4702-b7fb-bb0539601db9,オリーヴァ,,https://images.scrydex.com/pokemon/sv4a_ja-17/medium,Arboliva,オリーヴァ,,https://images.scrydex.com/pokemon/sv4a_ja-17/medium,https://scrydex.com/pokemon/cards/arboliva/sv4a_ja-17?variant=holofoil
18,a43f437d-e59f-4dc5-a6c0-bd85e59ebcbe,ノノクラゲ,,https://images.scrydex.com/pokemon/sv4a_ja-18/medium,Toedscool,ノノクラゲ,,https://images.scrydex.com/pokemon/sv4a_ja-18/medium,https://scrydex.com/pokemon/cards/toedscool/sv4a_ja-18?variant=normal
19,3e9d9cfc-201d-4f5f-b5eb-24f41466e3b0,リククラゲex,RR,https://images.scrydex.com/pokemon/sv4a_ja-19/medium,Toedscruel ex,リククラゲex,S,https://images.scrydex.com/pokemon/sv4a_ja-19/medium,https://scrydex.com/pokemon/cards/toedscruel-ex/sv4a_ja-19?variant=holofoil
20,44811982-ae6a-44f2-be37-ed8b597c2021,カプサイジ,,https://images.scrydex.com/pokemon/sv4a_ja-20/medium,Capsakid,カプサイジ,,https://images.scrydex.com/pokemon/sv4a_ja-20/medium,https://scrydex.com/pokemon/cards/capsakid/sv4a_ja-20?variant=normal
21,e921dbc6-5546-4cac-9eec-8d1e52275986,スコヴィラン,,https://images.scrydex.com/pokemon/sv4a_ja-21/medium,Scovillain,スコヴィラン,,https://images.scrydex.com/pokemon/sv4a_ja-21/medium,https://scrydex.com/pokemon/cards/scovillain/sv4a_ja-21?variant=holofoil
22,5fda9ccf-d7e6-4ad0-88d5-71d0f1311e3d,シガロコ,,https://images.scrydex.com/pokemon/sv4a_ja-22/medium,Rellor,シガロコ,,https://images.scrydex.com/pokemon/sv4a_ja-22/medium,https://scrydex.com/pokemon/cards/rellor/sv4a_ja-22?variant=normal
23,46b258b6-e97e-4ba4-9c06-df203a49c56d,クエスパトラex,RR,https://images.scrydex.com/pokemon/sv4a_ja-23/medium,Espathra ex,クエスパトラex,S,https://images.scrydex.com/pokemon/sv4a_ja-23/medium,https://scrydex.com/pokemon/cards/espathra-ex/sv4a_ja-23?variant=holofoil
24,6dea0b87-3c0e-46ee-8bdb-a861c03fb251,チオンジェンex,RR,https://images.scrydex.com/pokemon/sv4a_ja-24/medium,Wo-Chien ex,チオンジェンex,S,https://images.scrydex.com/pokemon/sv4a_ja-24/medium,https://scrydex.com/pokemon/cards/wo-chien-ex/sv4a_ja-24?variant=holofoil
25,01bd05a1-444a-4b43-958f-91a7817794ba,ヒトカゲ,,https://images.scrydex.com/pokemon/sv4a_ja-25/medium,Charmander,ヒトカゲ,,https://images.scrydex.com/pokemon/sv4a_ja-25/medium,https://scrydex.com/pokemon/cards/charmander/sv4a_ja-25?variant=normal
26,7fd3552e-0423-4b46-8f74-49a87c5f78f3,リザード,,https://images.scrydex.com/pokemon/sv4a_ja-26/medium,Charmeleon,リザード,,https://images.scrydex.com/pokemon/sv4a_ja-26/medium,https://scrydex.com/pokemon/cards/charmeleon/sv4a_ja-26?variant=normal
27,256c9d22-ce43-41ef-b350-4ba56ef47f38,パルデア ケンタロス,,https://images.scrydex.com/pokemon/sv4a_ja-27/medium,Paldean Tauros,パルデア ケンタロス,,https://images.scrydex.com/pokemon/sv4a_ja-27/medium,https://scrydex.com/pokemon/cards/paldean-tauros/sv4a_ja-27?variant=normal
28,d11d2652-6288-41e7-abcb-b021bf1acad5,エンテイ,,https://images.scrydex.com/pokemon/sv4a_ja-28/medium,Entei,エンテイ,,https://images.scrydex.com/pokemon/sv4a_ja-28/medium,https://scrydex.com/pokemon/cards/entei/sv4a_ja-28?variant=holofoil
29,becbbec9-5e67-4577-91b1-e5ed06775258,オドリドリ,,https://images.scrydex.com/pokemon/sv4a_ja-29/medium,Oricorio,オドリドリ,,https://images.scrydex.com/pokemon/sv4a_ja-29/medium,https://scrydex.com/pokemon/cards/oricorio/sv4a_ja-29?variant=holofoil
30,375b7ab3-2ad8-4b2e-9439-498a29fd7dc4,ホゲータ,,https://images.scrydex.com/pokemon/sv4a_ja-30/medium,Fuecoco,ホゲータ,,https://images.scrydex.com/pokemon/sv4a_ja-30/medium,https://scrydex.com/pokemon/cards/fuecoco/sv4a_ja-30?variant=normal
31,556b1d5c-80f3-4934-9a6e-1389d859708c,アチゲータ,,https://images.scrydex.com/pokemon/sv4a_ja-31/medium,Crocalor,アチゲータ,,https://images.scrydex.com/pokemon/sv4a_ja-31/medium,https://scrydex.com/pokemon/cards/crocalor/sv4a_ja-31?variant=normal
32,0960bea6-20e5-4555-810c-0ed0fbe90980,ラウドボーンex,RR,https://images.scrydex.com/pokemon/sv4a_ja-32/medium,Skeledirge ex,ラウドボーンex,S,https://images.scrydex.com/pokemon/sv4a_ja-32/medium,https://scrydex.com/pokemon/cards/skeledirge-ex/sv4a_ja-32?variant=holofoil
33,ab8ba812-5bc7-4709-b257-24e7308f9a80,カルボウ,,https://images.scrydex.com/pokemon/sv4a_ja-33/medium,Charcadet,カルボウ,,https://images.scrydex.com/pokemon/sv4a_ja-33/medium,https://scrydex.com/pokemon/cards/charcadet/sv4a_ja-33?variant=normal
34,8335aad0-d41c-4cec-ae2a-f9b500ba606e,グレンアルマ,,https://images.scrydex.com/pokemon/sv4a_ja-34/medium,Armarouge,グレンアルマ,,https://images.scrydex.com/pokemon/sv4a_ja-34/medium,https://scrydex.com/pokemon/cards/armarouge/sv4a_ja-34?variant=holofoil
35,fffad6ee-46bc-4189-80ad-5bd61c37fa12,イーユイex,RR,https://images.scrydex.com/pokemon/sv4a_ja-35/medium,Chi-Yu ex,イーユイex,S,https://images.scrydex.com/pokemon/sv4a_ja-35/medium,https://scrydex.com/pokemon/cards/chi-yu-ex/sv4a_ja-35?variant=holofoil
36,f8f200be-4a76-4fba-8e2e-2b732d4376a3,ヤドン,,https://images.scrydex.com/pokemon/sv4a_ja-36/medium,Slowpoke,ヤドン,,https://images.scrydex.com/pokemon/sv4a_ja-36/medium,https://scrydex.com/pokemon/cards/slowpoke/sv4a_ja-36?variant=normal
37,98f850ea-1e80-4f9f-b613-d9b7efbd3ba7,ヤドラン,,https://images.scrydex.com/pokemon/sv4a_ja-37/medium,Slowbro,ヤドラン,,https://images.scrydex.com/pokemon/sv4a_ja-37/medium,https://scrydex.com/pokemon/cards/slowbro/sv4a_ja-37?variant=holofoil
38,676113f6-36a6-45c3-9401-c6f81b8e9ecf,ヒトデマン,,https://images.scrydex.com/pokemon/sv4a_ja-38/medium,Staryu,ヒトデマン,,https://images.scrydex.com/pokemon/sv4a_ja-38/medium,https://scrydex.com/pokemon/cards/staryu/sv4a_ja-38?variant=normal
39,4beadc52-76a9-4eb0-9533-afcdfdfd9d31,スターミー,,https://images.scrydex.com/pokemon/sv4a_ja-39/medium,Starmie,スターミー,,https://images.scrydex.com/pokemon/sv4a_ja-39/medium,https://scrydex.com/pokemon/cards/starmie/sv4a_ja-39?variant=holofoil
40,e61b2023-2c75-48d1-b8c4-3e6b7a512f8b,パルデア ケンタロス,,https://images.scrydex.com/pokemon/sv4a_ja-40/medium,Paldean Tauros,パルデア ケンタロス,,https://images.scrydex.com/pokemon/sv4a_ja-40/medium,https://scrydex.com/pokemon/cards/paldean-tauros/sv4a_ja-40?variant=normal
41,e809e68d-7636-4b3c-ada0-7f2274096596,クワッス,,https://images.scrydex.com/pokemon/sv4a_ja-41/medium,Quaxly,クワッス,,https://images.scrydex.com/pokemon/sv4a_ja-41/medium,https://scrydex.com/pokemon/cards/quaxly/sv4a_ja-41?variant=normal
42,3d6d7d63-562b-4db1-b217-b0ac88452996,ウェルカモ,,https://images.scrydex.com/pokemon/sv4a_ja-42/medium,Quaxwell,ウェルカモ,,https://images.scrydex.com/pokemon/sv4a_ja-42/medium,https://scrydex.com/pokemon/cards/quaxwell/sv4a_ja-42?variant=normal
43,82323ac2-3a65-44d5-8862-747b1de984ae,ウェーニバルex,RR,https://images.scrydex.com/pokemon/sv4a_ja-43/medium,Quaquaval ex,ウェーニバルex,S,https://images.scrydex.com/pokemon/sv4a_ja-43/medium,https://scrydex.com/pokemon/cards/quaquaval-ex/sv4a_ja-43?variant=holofoil
44,8fbf463e-5b86-45bd-a6cb-6cd2642b88bd,ウミディグダ,,https://images.scrydex.com/pokemon/sv4a_ja-44/medium,Wiglett,ウミディグダ,,https://images.scrydex.com/pokemon/sv4a_ja-44/medium,https://scrydex.com/pokemon/cards/wiglett/sv4a_ja-44?variant=normal
45,0fab2db8-4a4e-43ea-9fd8-b138f30770bf,ウミトリオ,,https://images.scrydex.com/pokemon/sv4a_ja-45/medium,Wugtrio,ウミトリオ,,https://images.scrydex.com/pokemon/sv4a_ja-45/medium,https://scrydex.com/pokemon/cards/wugtrio/sv4a_ja-45?variant=normal
46,8dbc9d3b-5a1d-4a3a-8b28-864415a11878,ナミイルカ,,https://images.scrydex.com/pokemon/sv4a_ja-46/medium,Finizen,ナミイルカ,,https://images.scrydex.com/pokemon/sv4a_ja-46/medium,https://scrydex.com/pokemon/cards/finizen/sv4a_ja-46?variant=normal
47,25e342c9-4407-48a9-8fc2-d2ac17c5eee6,イルカマン,,https://images.scrydex.com/pokemon/sv4a_ja-47/medium,Palafin,イルカマン,,https://images.scrydex.com/pokemon/sv4a_ja-47/medium,https://scrydex.com/pokemon/cards/palafin/sv4a_ja-47?variant=holofoil
48,d7df2d9e-ef31-4c5b-b3b2-f8e04ec44854,ミガルーサ,,https://images.scrydex.com/pokemon/sv4a_ja-48/medium,Veluza,ミガルーサ,,https://images.scrydex.com/pokemon/sv4a_ja-48/medium,https://scrydex.com/pokemon/cards/veluza/sv4a_ja-48?variant=holofoil
49,3911c484-49d4-4603-bd7e-f6acdd9cc080,ヘイラッシャ,,https://images.scrydex.com/pokemon/sv4a_ja-49/medium,Dondozo,ヘイラッシャ,,https://images.scrydex.com/pokemon/sv4a_ja-49/medium,https://scrydex.com/pokemon/cards/dondozo/sv4a_ja-49?variant=holofoil
50,1b83b261-14ed-44ef-a827-d726e8555abc,シャリタツ,,https://images.scrydex.com/pokemon/sv4a_ja-50/medium,Tatsugiri,シャリタツ,,https://images.scrydex.com/pokemon/sv4a_ja-50/medium,https://scrydex.com/pokemon/cards/tatsugiri/sv4a_ja-50?variant=normal
51,b02d5140-a8e2-481e-b94d-1e33dd493036,セビエ,,https://images.scrydex.com/pokemon/sv4a_ja-51/medium,Frigibax,セビエ,,https://images.scrydex.com/pokemon/sv4a_ja-51/medium,https://scrydex.com/pokemon/cards/frigibax/sv4a_ja-51?variant=normal
52,8042b100-d9ad-4957-b05b-a640a60dac27,セゴール,,https://images.scrydex.com/pokemon/sv4a_ja-52/medium,Arctibax,セゴール,,https://images.scrydex.com/pokemon/sv4a_ja-52/medium,https://scrydex.com/pokemon/cards/arctibax/sv4a_ja-52?variant=normal
53,982da7d8-7418-4757-86bf-902eb763c0f4,セグレイブ,,https://images.scrydex.com/pokemon/sv4a_ja-53/medium,Baxcalibur,セグレイブ,,https://images.scrydex.com/pokemon/sv4a_ja-53/medium,https://scrydex.com/pokemon/cards/baxcalibur/sv4a_ja-53?variant=holofoil
54,82dd1149-bfce-4b0c-93ce-991601e0fb1e,パオジアンex,RR,https://images.scrydex.com/pokemon/sv4a_ja-54/medium,Chien-Pao ex,パオジアンex,S,https://images.scrydex.com/pokemon/sv4a_ja-54/medium,https://scrydex.com/pokemon/cards/chien-pao-ex/sv4a_ja-54?variant=holofoil
55,e0753045-6467-41c9-b2be-18a1eefe554b,ピカチュウ,,https://images.scrydex.com/pokemon/sv4a_ja-55/medium,Pikachu,ピカチュウ,,https://images.scrydex.com/pokemon/sv4a_ja-55/medium,https://scrydex.com/pokemon/cards/pikachu/sv4a_ja-55?variant=normal
56,87ad380d-2b9f-4f39-9e45-76af484812f5,ライチュウ,,https://images.scrydex.com/pokemon/sv4a_ja-56/medium,Raichu,ライチュウ,,https://images.scrydex.com/pokemon/sv4a_ja-56/medium,https://scrydex.com/pokemon/cards/raichu/sv4a_ja-56?variant=holofoil
57,7153eea5-16d7-40a8-9683-c2f59befff91,ビリリダマ,,https://images.scrydex.com/pokemon/sv4a_ja-57/medium,Voltorb,ビリリダマ,,https://images.scrydex.com/pokemon/sv4a_ja-57/medium,https://scrydex.com/pokemon/cards/voltorb/sv4a_ja-57?variant=normal
58,b691c0cd-271a-46e8-9915-21fd720cfae9,マルマイン,,https://images.scrydex.com/pokemon/sv4a_ja-58/medium,Electrode,マルマイン,,https://images.scrydex.com/pokemon/sv4a_ja-58/medium,https://scrydex.com/pokemon/cards/electrode/sv4a_ja-58?variant=holofoil
59,ceff169d-cace-4a43-9945-6f2bdf6f5ce9,コリンク,,https://images.scrydex.com/pokemon/sv4a_ja-59/medium,Shinx,コリンク,,https://images.scrydex.com/pokemon/sv4a_ja-59/medium,https://scrydex.com/pokemon/cards/shinx/sv4a_ja-59?variant=normal
60,77160cd4-58a0-4bda-8485-52e0cc75b74e,ルクシオ,,https://images.scrydex.com/pokemon/sv4a_ja-60/medium,Luxio,ルクシオ,,https://images.scrydex.com/pokemon/sv4a_ja-60/medium,https://scrydex.com/pokemon/cards/luxio/sv4a_ja-60?variant=normal
61,7a43cc82-807c-4973-b930-c6ecb0eb426b,レントラー,,https://images.scrydex.com/pokemon/sv4a_ja-61/medium,Luxray,レントラー,,https://images.scrydex.com/pokemon/sv4a_ja-61/medium,https://scrydex.com/pokemon/cards/luxray/sv4a_ja-61?variant=holofoil
62,20a3d1a6-b1b8-41bf-a945-71bf89ce1353,パチリス,,https://images.scrydex.com/pokemon/sv4a_ja-62/medium,Pachirisu,パチリス,,https://images.scrydex.com/pokemon/sv4a_ja-62/medium,https://scrydex.com/pokemon/cards/pachirisu/sv4a_ja-62?variant=normal
63,9101e15f-da45-4ac1-b45d-e8fe5ef7a2a2,ボルトロス,,https://images.scrydex.com/pokemon/sv4a_ja-63/medium,Thundurus,ボルトロス,,https://images.scrydex.com/pokemon/sv4a_ja-63/medium,https://scrydex.com/pokemon/cards/thundurus/sv4a_ja-63?variant=holofoil
64,75924091-8af3-4fa7-9558-06b9c0298650,エレズン,,https://images.scrydex.com/pokemon/sv4a_ja-64/medium,Toxel,エレズン,,https://images.scrydex.com/pokemon/sv4a_ja-64/medium,https://scrydex.com/pokemon/cards/toxel/sv4a_ja-64?variant=normal
65,75ee5baa-d983-437d-adbb-cf4c073c6425,ストリンダー,,https://images.scrydex.com/pokemon/sv4a_ja-65/medium,Toxtricity,ストリンダー,,https://images.scrydex.com/pokemon/sv4a_ja-65/medium,https://scrydex.com/pokemon/cards/toxtricity/sv4a_ja-65?variant=holofoil
66,482262ff-d31a-4201-8ee0-16ce5e0ca73f,パモ,,https://images.scrydex.com/pokemon/sv4a_ja-66/medium,Pawmi,パモ,,https://images.scrydex.com/pokemon/sv4a_ja-66/medium,https://scrydex.com/pokemon/cards/pawmi/sv4a_ja-66?variant=normal
67,f2d2ef08-306d-4bc8-a491-41ecf75b966f,パモット,,https://images.scrydex.com/pokemon/sv4a_ja-67/medium,Pawmo,パモット,,https://images.scrydex.com/pokemon/sv4a_ja-67/medium,https://scrydex.com/pokemon/cards/pawmo/sv4a_ja-67?variant=normal
68,82e458e5-d703-4dcf-baf9-4af7d017ff76,パーモット,,https://images.scrydex.com/pokemon/sv4a_ja-68/medium,Pawmot,パーモット,,https://images.scrydex.com/pokemon/sv4a_ja-68/medium,https://scrydex.com/pokemon/cards/pawmot/sv4a_ja-68?variant=holofoil
69,1044b2d8-2344-4fe9-821a-bd7ae2956cac,カイデン,,https://images.scrydex.com/pokemon/sv4a_ja-69/medium,Wattrel,カイデン,,https://images.scrydex.com/pokemon/sv4a_ja-69/medium,https://scrydex.com/pokemon/cards/wattrel/sv4a_ja-69?variant=normal
70,dc267901-242d-404e-85cd-852826d3924d,タイカイデン,,https://images.scrydex.com/pokemon/sv4a_ja-70/medium,Kilowattrel,タイカイデン,,https://images.scrydex.com/pokemon/sv4a_ja-70/medium,https://scrydex.com/pokemon/cards/kilowattrel/sv4a_ja-70?variant=normal
71,7bd13f89-b529-4629-940d-4eca00a0e698,ミライドンex,RR,https://images.scrydex.com/pokemon/sv4a_ja-71/medium,Miraidon ex,ミライドンex,S,https://images.scrydex.com/pokemon/sv4a_ja-71/medium,https://scrydex.com/pokemon/cards/miraidon-ex/sv4a_ja-71?variant=holofoil
72,b8397fc9-685e-4c1c-b3d7-cc902aac77c0,プクリン,,https://images.scrydex.com/pokemon/sv4a_ja-72/medium,Wigglytuff,プクリン,,https://images.scrydex.com/pokemon/sv4a_ja-72/medium,https://scrydex.com/pokemon/cards/wigglytuff/sv4a_ja-72?variant=holofoil
73,5157ae7d-a041-413c-90aa-d411226f0389,ケーシィ,,https://images.scrydex.com/pokemon/sv4a_ja-73/medium,Abra,ケーシィ,,https://images.scrydex.com/pokemon/sv4a_ja-73/medium,https://scrydex.com/pokemon/cards/abra/sv4a_ja-73?variant=normal
74,05debfb0-82b1-4ccb-a21e-24764675f6b9,ユンゲラー,,https://images.scrydex.com/pokemon/sv4a_ja-74/medium,Kadabra,ユンゲラー,,https://images.scrydex.com/pokemon/sv4a_ja-74/medium,https://scrydex.com/pokemon/cards/kadabra/sv4a_ja-74?variant=normal
75,c576d439-2197-451c-8099-c5bc1f70e4df,フーディンex,RR,https://images.scrydex.com/pokemon/sv4a_ja-75/medium,Alakazam ex,フーディンex,S,https://images.scrydex.com/pokemon/sv4a_ja-75/medium,https://scrydex.com/pokemon/cards/alakazam-ex/sv4a_ja-75?variant=holofoil
76,b8095905-ebb0-4fad-90c8-4ae228af3296,ミュウex,RR,https://images.scrydex.com/pokemon/sv4a_ja-76/medium,Mew ex,ミュウex,S,https://images.scrydex.com/pokemon/sv4a_ja-76/medium,https://scrydex.com/pokemon/cards/mew-ex/sv4a_ja-76?variant=holofoil
77,0176ec0e-ec46-482b-842d-44d24916f180,ピィ,,https://images.scrydex.com/pokemon/sv4a_ja-77/medium,Cleffa,ピィ,,https://images.scrydex.com/pokemon/sv4a_ja-77/medium,https://scrydex.com/pokemon/cards/cleffa/sv4a_ja-77?variant=normal
78,3abda6e6-3962-4a47-996a-fac0e2c23a12,ネイティ,,https://images.scrydex.com/pokemon/sv4a_ja-78/medium,Natu,ネイティ,,https://images.scrydex.com/pokemon/sv4a_ja-78/medium,https://scrydex.com/pokemon/cards/natu/sv4a_ja-78?variant=normal
79,5c011ce6-c612-4f40-ab12-3f4f4714e78e,ネイティオ,,https://images.scrydex.com/pokemon/sv4a_ja-79/medium,Xatu,ネイティオ,,https://images.scrydex.com/pokemon/sv4a_ja-79/medium,https://scrydex.com/pokemon/cards/xatu/sv4a_ja-79?variant=normal
80,9b01ac77-68a6-43ee-850e-105b4775e457,ラルトス,,https://images.scrydex.com/pokemon/sv4a_ja-80/medium,Ralts,ラルトス,,https://images.scrydex.com/pokemon/sv4a_ja-80/medium,https://scrydex.com/pokemon/cards/ralts/sv4a_ja-80?variant=normal
81,2aa75c57-2e69-44fd-9c0d-77301d9d4969,キルリア,,https://images.scrydex.com/pokemon/sv4a_ja-81/medium,Kirlia,キルリア,,https://images.scrydex.com/pokemon/sv4a_ja-81/medium,https://scrydex.com/pokemon/cards/kirlia/sv4a_ja-81?variant=normal
82,39f4992f-f454-49fb-86e8-3e917e847f3d,サーナイトex,RR,https://images.scrydex.com/pokemon/sv4a_ja-82/medium,Gardevoir ex,サーナイトex,S,https://images.scrydex.com/pokemon/sv4a_ja-82/medium,https://scrydex.com/pokemon/cards/gardevoir-ex/sv4a_ja-82?variant=holofoil
83,f40ef499-75a7-4399-b284-7d99865bfd76,フワンテ,,https://images.scrydex.com/pokemon/sv4a_ja-83/medium,Drifloon,フワンテ,,https://images.scrydex.com/pokemon/sv4a_ja-83/medium,https://scrydex.com/pokemon/cards/drifloon/sv4a_ja-83?variant=normal
84,dbb69430-ea1c-4194-8ec2-7562099d432c,フワライド,,https://images.scrydex.com/pokemon/sv4a_ja-84/medium,Drifblim,フワライド,,https://images.scrydex.com/pokemon/sv4a_ja-84/medium,https://scrydex.com/pokemon/cards/drifblim/sv4a_ja-84?variant=normal
85,29d43787-de53-4ad3-824c-a734ed1f5d70,マネネ,,https://images.scrydex.com/pokemon/sv4a_ja-85/medium,Mime Jr.,マネネ,,https://images.scrydex.com/pokemon/sv4a_ja-85/medium,https://scrydex.com/pokemon/cards/mime-jr/sv4a_ja-85?variant=normal
86,c47ae331-0e49-47d6-844a-d3be933a7c98,ミカルゲ,,https://images.scrydex.com/pokemon/sv4a_ja-86/medium,Spiritomb,ミカルゲ,,https://images.scrydex.com/pokemon/sv4a_ja-86/medium,https://scrydex.com/pokemon/cards/spiritomb/sv4a_ja-86?variant=holofoil
87,fd659f11-fba0-49ad-9dfd-5bfdfb5ff20f,クレッフィ,,https://images.scrydex.com/pokemon/sv4a_ja-87/medium,Klefki,クレッフィ,,https://images.scrydex.com/pokemon/sv4a_ja-87/medium,https://scrydex.com/pokemon/cards/klefki/sv4a_ja-87?variant=holofoil
88,0ae137ad-7419-4e9a-8531-c1636e445321,ミミッキュ,,https://images.scrydex.com/pokemon/sv4a_ja-88/medium,Mimikyu,ミミッキュ,,https://images.scrydex.com/pokemon/sv4a_ja-88/medium,https://scrydex.com/pokemon/cards/mimikyu/sv4a_ja-88?variant=holofoil
89,e0a04363-a531-4b4d-aea7-950cd5502043,パピモッチ,,https://images.scrydex.com/pokemon/sv4a_ja-89/medium,Fidough,パピモッチ,,https://images.scrydex.com/pokemon/sv4a_ja-89/medium,https://scrydex.com/pokemon/cards/fidough/sv4a_ja-89?variant=normal
90,84e897ea-bad8-4cb9-9280-45bedf20e3a0,バウッツェル,,https://images.scrydex.com/pokemon/sv4a_ja-90/medium,Dachsbun,バウッツェル,,https://images.scrydex.com/pokemon/sv4a_ja-90/medium,https://scrydex.com/pokemon/cards/dachsbun/sv4a_ja-90?variant=normal
91,8e15ae2e-ea58-4c6a-807e-059612a38074,ソウブレイズ,,https://images.scrydex.com/pokemon/sv4a_ja-91/medium,Ceruledge,ソウブレイズ,,https://images.scrydex.com/pokemon/sv4a_ja-91/medium,https://scrydex.com/pokemon/cards/ceruledge/sv4a_ja-91?variant=holofoil
92,a5760d54-dc66-4c08-8990-3d313c74225a,ベラカス,,https://images.scrydex.com/pokemon/sv4a_ja-92/medium,Rabsca,ベラカス,,https://images.scrydex.com/pokemon/sv4a_ja-92/medium,https://scrydex.com/pokemon/cards/rabsca/sv4a_ja-92?variant=holofoil
93,7ae52dba-72e3-43a1-bed9-433ebc502c11,ヒラヒナ,,https://images.scrydex.com/pokemon/sv4a_ja-93/medium,Flittle,ヒラヒナ,,https://images.scrydex.com/pokemon/sv4a_ja-93/medium,https://scrydex.com/pokemon/cards/flittle/sv4a_ja-93?variant=normal
94,1b113e7a-c705-4350-b417-05e9ee4fc597,カヌチャン,,https://images.scrydex.com/pokemon/sv4a_ja-94/medium,Tinkatink,カヌチャン,,https://images.scrydex.com/pokemon/sv4a_ja-94/medium,https://scrydex.com/pokemon/cards/tinkatink/sv4a_ja-94?variant=normal
95,2e8979f7-4c0b-4d8f-b048-38e53fae4df1,ナカヌチャン,,https://images.scrydex.com/pokemon/sv4a_ja-95/medium,Tinkatuff,ナカヌチャン,,https://images.scrydex.com/pokemon/sv4a_ja-95/medium,https://scrydex.com/pokemon/cards/tinkatuff/sv4a_ja-95?variant=normal
96,169c7a49-cc09-49f9-9e56-0e6142058af8,デカヌチャン,,https://images.scrydex.com/pokemon/sv4a_ja-96/medium,Tinkaton,デカヌチャン,,https://images.scrydex.com/pokemon/sv4a_ja-96/medium,https://scrydex.com/pokemon/cards/tinkaton/sv4a_ja-96?variant=holofoil
97,cfd94b25-7082-4fc8-b35d-d0115df67114,ボチ,,https://images.scrydex.com/pokemon/sv4a_ja-97/medium,Greavard,ボチ,,https://images.scrydex.com/pokemon/sv4a_ja-97/medium,https://scrydex.com/pokemon/cards/greavard/sv4a_ja-97?variant=normal
98,95917c67-d4c7-4286-bc60-58d8ac23b1c7,ハカドッグ,,https://images.scrydex.com/pokemon/sv4a_ja-98/medium,Houndstone,ハカドッグ,,https://images.scrydex.com/pokemon/sv4a_ja-98/medium,https://scrydex.com/pokemon/cards/houndstone/sv4a_ja-98?variant=holofoil
99,9b10ebc7-eab1-421b-8113-e28e4b8ebe8b,コレクレー,,https://images.scrydex.com/pokemon/sv4a_ja-99/medium,Gimmighoul,コレクレー,,https://images.scrydex.com/pokemon/sv4a_ja-99/medium,https://scrydex.com/pokemon/cards/gimmighoul/sv4a_ja-99?variant=normal
100,c2f64f36-024a-446b-9162-7ad451e67e3a,マンキー,,https://images.scrydex.com/pokemon/sv4a_ja-100/medium,Mankey,マンキー,,https://images.scrydex.com/pokemon/sv4a_ja-100/medium,https://scrydex.com/pokemon/cards/mankey/sv4a_ja-100?variant=normal
101,05f5b178-531b-4825-b190-fa3d3fe4a2e7,オコリザル,,https://images.scrydex.com/pokemon/sv4a_ja-101/medium,Primeape,オコリザル,,https://images.scrydex.com/pokemon/sv4a_ja-101/medium,https://scrydex.com/pokemon/cards/primeape/sv4a_ja-101?variant=normal
102,e2eb2f4a-b0d1-4551-b64e-b9b701c482ec,コノヨザル,,https://images.scrydex.com/pokemon/sv4a_ja-102/medium,Annihilape,コノヨザル,,https://images.scrydex.com/pokemon/sv4a_ja-102/medium,https://scrydex.com/pokemon/cards/annihilape/sv4a_ja-102?variant=holofoil
103,e35f3c63-47d2-411d-bae6-28fb7c848a02,パルデア ケンタロス,,https://images.scrydex.com/pokemon/sv4a_ja-103/medium,Paldean Tauros,パルデア ケンタロス,,https://images.scrydex.com/pokemon/sv4a_ja-103/medium,https://scrydex.com/pokemon/cards/paldean-tauros/sv4a_ja-103?variant=normal
104,624be9ff-4ab7-44a7-88d5-c2378d66abc0,リオル,,https://images.scrydex.com/pokemon/sv4a_ja-104/medium,Riolu,リオル,,https://images.scrydex.com/pokemon/sv4a_ja-104/medium,https://scrydex.com/pokemon/cards/riolu/sv4a_ja-104?variant=normal
105,13f12324-7534-496d-98ca-0ac634a413a4,ルカリオ,,https://images.scrydex.com/pokemon/sv4a_ja-105/medium,Lucario,ルカリオ,,https://images.scrydex.com/pokemon/sv4a_ja-105/medium,https://scrydex.com/pokemon/cards/lucario/sv4a_ja-105?variant=normal
106,139be18a-29b3-459a-aaa3-a0e023b42e27,ルチャブル,,https://images.scrydex.com/pokemon/sv4a_ja-106/medium,Hawlucha,ルチャブル,,https://images.scrydex.com/pokemon/sv4a_ja-106/medium,https://scrydex.com/pokemon/cards/hawlucha/sv4a_ja-106?variant=holofoil
107,848bee4e-10ad-4cb7-96fc-59e48b735187,コジオ,,https://images.scrydex.com/pokemon/sv4a_ja-107/medium,Nacli,コジオ,,https://images.scrydex.com/pokemon/sv4a_ja-107/medium,https://scrydex.com/pokemon/cards/nacli/sv4a_ja-107?variant=normal
108,2e90a21b-41cd-4114-bc6d-47cd0d56695f,ジオヅム,,https://images.scrydex.com/pokemon/sv4a_ja-108/medium,Naclstack,ジオヅム,,https://images.scrydex.com/pokemon/sv4a_ja-108/medium,https://scrydex.com/pokemon/cards/naclstack/sv4a_ja-108?variant=normal
109,5741dd5c-0438-47a8-952a-579e8277e9ea,キョジオーン,,https://images.scrydex.com/pokemon/sv4a_ja-109/medium,Garganacl,キョジオーン,,https://images.scrydex.com/pokemon/sv4a_ja-109/medium,https://scrydex.com/pokemon/cards/garganacl/sv4a_ja-109?variant=holofoil
110,f0294e7f-384f-4941-a930-d74482d8ef4d,キラーメ,,https://images.scrydex.com/pokemon/sv4a_ja-110/medium,Glimmet,キラーメ,,https://images.scrydex.com/pokemon/sv4a_ja-110/medium,https://scrydex.com/pokemon/cards/glimmet/sv4a_ja-110?variant=normal
111,f8cdadd6-f65d-4912-822b-26504e03d873,キラフロルex,RR,https://images.scrydex.com/pokemon/sv4a_ja-111/medium,Glimmora ex,キラフロルex,S,https://images.scrydex.com/pokemon/sv4a_ja-111/medium,https://scrydex.com/pokemon/cards/glimmora-ex/sv4a_ja-111?variant=holofoil
112,489e09ad-de94-4a81-83f0-d7da812ce165,イダイナキバex,RR,https://images.scrydex.com/pokemon/sv4a_ja-112/medium,Great Tusk ex,イダイナキバex,S,https://images.scrydex.com/pokemon/sv4a_ja-112/medium,https://scrydex.com/pokemon/cards/great-tusk-ex/sv4a_ja-112?variant=holofoil
113,bb485746-eee4-4bf1-a6f6-5db1bed77145,ディンルーex,RR,https://images.scrydex.com/pokemon/sv4a_ja-113/medium,Ting-Lu ex,ディンルーex,S,https://images.scrydex.com/pokemon/sv4a_ja-113/medium,https://scrydex.com/pokemon/cards/ting-lu-ex/sv4a_ja-113?variant=holofoil
114,c1dda385-8add-4b60-a91f-bc91576dcd09,コライドンex,RR,https://images.scrydex.com/pokemon/sv4a_ja-114/medium,Koraidon ex,コライドンex,S,https://images.scrydex.com/pokemon/sv4a_ja-114/medium,https://scrydex.com/pokemon/cards/koraidon-ex/sv4a_ja-114?variant=holofoil
115,70ce481a-a2eb-46c8-b917-b73eb20d2533,リザードンex,RR,https://images.scrydex.com/pokemon/sv4a_ja-115/medium,Charizard ex,リザードンex,S,https://images.scrydex.com/pokemon/sv4a_ja-115/medium,https://scrydex.com/pokemon/cards/charizard-ex/sv4a_ja-115?variant=holofoil
116,63e10dce-f008-4a3d-86e4-4c62771ab9e9,パルデア ウパー,,https://images.scrydex.com/pokemon/sv4a_ja-116/medium,Paldean Wooper,パルデア ウパー,,https://images.scrydex.com/pokemon/sv4a_ja-116/medium,https://scrydex.com/pokemon/cards/paldean-wooper/sv4a_ja-116?variant=normal
117,78b3af45-13a2-4c67-817f-b50adb92c68f,パルデア ドオーex,RR,https://images.scrydex.com/pokemon/sv4a_ja-117/medium,Paldean Clodsire ex,パルデア ドオーex,S,https://images.scrydex.com/pokemon/sv4a_ja-117/medium,https://scrydex.com/pokemon/cards/paldean-clodsire-ex/sv4a_ja-117?variant=holofoil
118,46b8a9c8-8dd2-4e04-bff8-42a27a5e61f6,ヤミカラス,,https://images.scrydex.com/pokemon/sv4a_ja-118/medium,Murkrow,ヤミカラス,,https://images.scrydex.com/pokemon/sv4a_ja-118/medium,https://scrydex.com/pokemon/cards/murkrow/sv4a_ja-118?variant=normal
119,ff172fc2-7aa8-4687-879a-3dd2ead5c457,ニューラ,,https://images.scrydex.com/pokemon/sv4a_ja-119/medium,Sneasel,ニューラ,,https://images.scrydex.com/pokemon/sv4a_ja-119/medium,https://scrydex.com/pokemon/cards/sneasel/sv4a_ja-119?variant=normal
120,e09ce141-27d4-4adf-a4b1-323baec3048d,マニューラ,,https://images.scrydex.com/pokemon/sv4a_ja-120/medium,Weavile,マニューラ,,https://images.scrydex.com/pokemon/sv4a_ja-120/medium,https://scrydex.com/pokemon/cards/weavile/sv4a_ja-120?variant=holofoil
121,e58f4601-bf6d-4ff4-b384-c11718f6e884,ヤミラミ,,https://images.scrydex.com/pokemon/sv4a_ja-121/medium,Sableye,ヤミラミ,,https://images.scrydex.com/pokemon/sv4a_ja-121/medium,https://scrydex.com/pokemon/cards/sableye/sv4a_ja-121?variant=normal
122,414c39d0-08cf-420b-9ce0-56bbf5bab63d,コマタナ,,https://images.scrydex.com/pokemon/sv4a_ja-122/medium,Pawniard,コマタナ,,https://images.scrydex.com/pokemon/sv4a_ja-122/medium,https://scrydex.com/pokemon/cards/pawniard/sv4a_ja-122?variant=normal
123,f542f4d7-5677-46d4-9381-6dc994ee06a8,キリキザン,,https://images.scrydex.com/pokemon/sv4a_ja-123/medium,Bisharp,キリキザン,,https://images.scrydex.com/pokemon/sv4a_ja-123/medium,https://scrydex.com/pokemon/cards/bisharp/sv4a_ja-123?variant=normal
124,58c9b0ab-a83b-49a6-b800-2b8e6fd3bc00,ドドゲザン,,https://images.scrydex.com/pokemon/sv4a_ja-124/medium,Kingambit,ドドゲザン,,https://images.scrydex.com/pokemon/sv4a_ja-124/medium,https://scrydex.com/pokemon/cards/kingambit/sv4a_ja-124?variant=normal
125,78c7d578-1524-467b-8f38-8546b0d21622,オラチフ,,https://images.scrydex.com/pokemon/sv4a_ja-125/medium,Maschiff,オラチフ,,https://images.scrydex.com/pokemon/sv4a_ja-125/medium,https://scrydex.com/pokemon/cards/maschiff/sv4a_ja-125?variant=normal
126,291cc48c-25a5-4886-b827-135a132810d6,マフィティフ,,https://images.scrydex.com/pokemon/sv4a_ja-126/medium,Mabosstiff,マフィティフ,,https://images.scrydex.com/pokemon/sv4a_ja-126/medium,https://scrydex.com/pokemon/cards/mabosstiff/sv4a_ja-126?variant=normal
147,7460ed38-9809-4506-aa1c-692f05650754,ペリッパー,,https://images.scrydex.com/pokemon/sv4a_ja-147/medium,Pelipper,ペリッパー,,https://images.scrydex.com/pokemon/sv4a_ja-147/medium,https://scrydex.com/pokemon/cards/pelipper/sv4a_ja-147?variant=normal
168,6569eac9-3bfd-4c25-b09a-216ff726376a,まけんきハチマキ,,https://images.scrydex.com/pokemon/sv4a_ja-168/medium,Defiance Band,まけんきハチマキ,,https://images.scrydex.com/pokemon/sv4a_ja-168/medium,https://scrydex.com/pokemon/cards/defiance-band/sv4a_ja-168?variant=normal
169,fa036f8f-ac79-416c-ac25-d3ca023f38cf,勇気のおまもり,,https://images.scrydex.com/pokemon/sv4a_ja-169/medium,Bravery Charm,勇気のおまもり,,https://images.scrydex.com/pokemon/sv4a_ja-169/medium,https://scrydex.com/pokemon/cards/bravery-charm/sv4a_ja-169?variant=normal
170,f680b79b-8cf3-44e4-8512-5be8bfaed0e7,ワザマシン かじばのいっぱつ,,https://images.scrydex.com/pokemon/sv4a_ja-170/medium,Technical Machine: Crisis Punch,ワザマシン かじばのいっぱつ,,https://images.scrydex.com/pokemon/sv4a_ja-170/medium,https://scrydex.com/pokemon/cards/technical-machine-crisis-punch/sv4a_ja-170?variant=normal
171,fcccb12c-c8a4-44bc-a952-b9338374ff81,オモダカ,,https://images.scrydex.com/pokemon/sv4a_ja-171/medium,Geeta,オモダカ,,https://images.scrydex.com/pokemon/sv4a_ja-171/medium,https://scrydex.com/pokemon/cards/geeta/sv4a_ja-171?variant=holofoil
172,82c3c4e2-7997-4c78-ac61-c9fc552d1047,クラベル,,https://images.scrydex.com/pokemon/sv4a_ja-172/medium,Clavell,クラベル,,https://images.scrydex.com/pokemon/sv4a_ja-172/medium,https://scrydex.com/pokemon/cards/clavell/sv4a_ja-172?variant=normal
173,22991279-f5cb-4b6a-ba15-d21c96653e54,サカキのカリスマ,,https://images.scrydex.com/pokemon/sv4a_ja-173/medium,Giovanni's Charisma,サカキのカリスマ,,https://images.scrydex.com/pokemon/sv4a_ja-173/medium,https://scrydex.com/pokemon/cards/giovannis-charisma/sv4a_ja-173?variant=normal
174,0fc18c63-e354-4b0c-b0b2-3399e0abde97,ナンジャモ,,https://images.scrydex.com/pokemon/sv4a_ja-174/medium,Iono,ナンジャモ,,https://images.scrydex.com/pokemon/sv4a_ja-174/medium,https://scrydex.com/pokemon/cards/iono/sv4a_ja-174?variant=normal
175,87594587-5c0e-4ac0-abaf-8daf08a27e85,ネルケ,,https://images.scrydex.com/pokemon/sv4a_ja-175/medium,Clive,ネルケ,,https://images.scrydex.com/pokemon/sv4a_ja-175/medium,https://scrydex.com/pokemon/cards/clive/sv4a_ja-175?variant=normal
176,61a8eb48-dd7a-4a16-9f34-b67f715518f0,博士の研究,,https://images.scrydex.com/pokemon/sv4a_ja-176/medium,Professor's Research,博士の研究,,https://images.scrydex.com/pokemon/sv4a_ja-176/medium,https://scrydex.com/pokemon/cards/professors-research/sv4a_ja-176?variant=holofoil
177,d4505a65-1023-4835-bfe4-370ac6abf92a,博士の研究,,https://images.scrydex.com/pokemon/sv4a_ja-177/medium,Professor's Research,博士の研究,,https://images.scrydex.com/pokemon/sv4a_ja-177/medium,https://scrydex.com/pokemon/cards/professors-research/sv4a_ja-177?variant=holofoil
178,5d7b1d4e-fa9c-4c6f-8b97-fac9a89699f3,パルデアの学生,,https://images.scrydex.com/pokemon/sv4a_ja-178/medium,Paldean Student,パルデアの学生,,https://images.scrydex.com/pokemon/sv4a_ja-178/medium,https://scrydex.com/pokemon/cards/paldean-student/sv4a_ja-178?variant=normal
179,bf65fbab-cf29-4f44-a578-a0ccf765ca7c,パルデアの学生,,https://images.scrydex.com/pokemon/sv4a_ja-179/medium,Paldean Student,パルデアの学生,,https://images.scrydex.com/pokemon/sv4a_ja-179/medium,https://scrydex.com/pokemon/cards/paldean-student/sv4a_ja-179?variant=normal
180,d10285cf-b1bc-4f94-b87c-33d1dd32867c,ペパー,,https://images.scrydex.com/pokemon/sv4a_ja-180/medium,Arven,ペパー,,https://images.scrydex.com/pokemon/sv4a_ja-180/medium,https://scrydex.com/pokemon/cards/arven/sv4a_ja-180?variant=normal
181,67a9a945-c0ae-4def-bede-f60ba0ef3ab8,ボスの指令,,https://images.scrydex.com/pokemon/sv4a_ja-181/medium,Boss's Orders,ボスの指令,,https://images.scrydex.com/pokemon/sv4a_ja-181/medium,https://scrydex.com/pokemon/cards/bosss-orders/sv4a_ja-181?variant=holofoil
182,690f5a8d-9122-49ea-8a20-66f2854aaaf4,ボタン,,https://images.scrydex.com/pokemon/sv4a_ja-182/medium,Penny,ボタン,,https://images.scrydex.com/pokemon/sv4a_ja-182/medium,https://scrydex.com/pokemon/cards/penny/sv4a_ja-182?variant=normal
183,3f77f8b7-a529-4da7-a3f2-5b3756be7e62,タウンデパート,,https://images.scrydex.com/pokemon/sv4a_ja-183/medium,Town Store,タウンデパート,,https://images.scrydex.com/pokemon/sv4a_ja-183/medium,https://scrydex.com/pokemon/cards/town-store/sv4a_ja-183?variant=normal
184,6c1381dd-05d1-4c80-ae01-f1f63c44d891,ビーチコート,,https://images.scrydex.com/pokemon/sv4a_ja-184/medium,Beach Court,ビーチコート,,https://images.scrydex.com/pokemon/sv4a_ja-184/medium,https://scrydex.com/pokemon/cards/beach-court/sv4a_ja-184?variant=normal
185,c637f40e-8fdb-4370-aa4c-377c4e280b1d,ボウルタウン,,https://images.scrydex.com/pokemon/sv4a_ja-185/medium,Artazon,ボウルタウン,,https://images.scrydex.com/pokemon/sv4a_ja-185/medium,https://scrydex.com/pokemon/cards/artazon/sv4a_ja-185?variant=normal
186,5f0190b1-83f5-4734-ab52-2b9cbca0a698,ポケモンリーグ本部,,https://images.scrydex.com/pokemon/sv4a_ja-186/medium,Pokémon League Headquarters,ポケモンリーグ本部,,https://images.scrydex.com/pokemon/sv4a_ja-186/medium,https://scrydex.com/pokemon/cards/pokmon-league-headquarters/sv4a_ja-186?variant=normal
187,79274ae4-6454-458a-8df6-9f4929058e3c,レッスンスタジオ,,https://images.scrydex.com/pokemon/sv4a_ja-187/medium,Practice Studio,レッスンスタジオ,,https://images.scrydex.com/pokemon/sv4a_ja-187/medium,https://scrydex.com/pokemon/cards/practice-studio/sv4a_ja-187?variant=normal
188,211a87ef-2d29-4002-8b06-f01da344779b,セラピーエネルギー,,https://images.scrydex.com/pokemon/sv4a_ja-188/medium,Therapeutic Energy,セラピーエネルギー,,https://images.scrydex.com/pokemon/sv4a_ja-188/medium,https://scrydex.com/pokemon/cards/therapeutic-energy/sv4a_ja-188?variant=normal
189,1f1637be-fb6b-4c81-b671-5e29be1985e0,リバーサルエネルギー,,https://images.scrydex.com/pokemon/sv4a_ja-189/medium,Reversal Energy,リバーサルエネルギー,,https://images.scrydex.com/pokemon/sv4a_ja-189/medium,https://scrydex.com/pokemon/cards/reversal-energy/sv4a_ja-189?variant=normal
190,cdcd1bde-9383-4e4f-8732-ffeffeaf3d21,ルミナスエネルギー,,https://images.scrydex.com/pokemon/sv4a_ja-190/medium,Luminous Energy,ルミナスエネルギー,,https://images.scrydex.com/pokemon/sv4a_ja-190/medium,https://scrydex.com/pokemon/cards/luminous-energy/sv4a_ja-190?variant=normal
191,a5ee7b43-0ebf-43ed-bcd6-64434e272582,ナゾノクサ,S,https://images.scrydex.com/pokemon/sv4a_ja-191/medium,Oddish,ナゾノクサ,S,https://images.scrydex.com/pokemon/sv4a_ja-191/medium,https://scrydex.com/pokemon/cards/oddish/sv4a_ja-191?variant=holofoil
192,e86d0c5b-3972-43b5-a6e1-8d986a85ea04,クサイハナ,S,https://images.scrydex.com/pokemon/sv4a_ja-192/medium,Gloom,クサイハナ,S,https://images.scrydex.com/pokemon/sv4a_ja-192/medium,https://scrydex.com/pokemon/cards/gloom/sv4a_ja-192?variant=holofoil
193,aee7e337-e5fd-40c9-9d9d-2105608a2c59,ラフレシア,S,https://images.scrydex.com/pokemon/sv4a_ja-193/medium,Vileplume,ラフレシア,S,https://images.scrydex.com/pokemon/sv4a_ja-193/medium,https://scrydex.com/pokemon/cards/vileplume/sv4a_ja-193?variant=holofoil
194,66e82ad5-38b5-472e-9e16-123d8d35316b,ストライク,S,https://images.scrydex.com/pokemon/sv4a_ja-194/medium,Scyther,ストライク,S,https://images.scrydex.com/pokemon/sv4a_ja-194/medium,https://scrydex.com/pokemon/cards/scyther/sv4a_ja-194?variant=holofoil
195,47eed260-a55b-4942-b9de-de5a2ac90c41,ハネッコ,S,https://images.scrydex.com/pokemon/sv4a_ja-195/medium,Hoppip,ハネッコ,S,https://images.scrydex.com/pokemon/sv4a_ja-195/medium,https://scrydex.com/pokemon/cards/hoppip/sv4a_ja-195?variant=holofoil
196,5afaae48-5920-454a-8aa0-31446c93563d,ポポッコ,S,https://images.scrydex.com/pokemon/sv4a_ja-196/medium,Skiploom,ポポッコ,S,https://images.scrydex.com/pokemon/sv4a_ja-196/medium,https://scrydex.com/pokemon/cards/skiploom/sv4a_ja-196?variant=holofoil
197,2697ebc3-8b9e-463b-a33f-8cf39756f09b,ワタッコ,S,https://images.scrydex.com/pokemon/sv4a_ja-197/medium,Jumpluff,ワタッコ,S,https://images.scrydex.com/pokemon/sv4a_ja-197/medium,https://scrydex.com/pokemon/cards/jumpluff/sv4a_ja-197?variant=holofoil
198,575f81ea-079a-4de4-98bf-69e0f3b35a04,クヌギダマ,S,https://images.scrydex.com/pokemon/sv4a_ja-198/medium,Pineco,クヌギダマ,S,https://images.scrydex.com/pokemon/sv4a_ja-198/medium,https://scrydex.com/pokemon/cards/pineco/sv4a_ja-198?variant=holofoil
199,21de4187-102b-4e72-9926-d3b3e34c75ed,ユキカブリ,S,https://images.scrydex.com/pokemon/sv4a_ja-199/medium,Snover,ユキカブリ,S,https://images.scrydex.com/pokemon/sv4a_ja-199/medium,https://scrydex.com/pokemon/cards/snover/sv4a_ja-199?variant=holofoil
200,f6eaa40f-357f-489c-9ed2-c75ddd9a6659,ユキノオー,S,https://images.scrydex.com/pokemon/sv4a_ja-200/medium,Abomasnow,ユキノオー,S,https://images.scrydex.com/pokemon/sv4a_ja-200/medium,https://scrydex.com/pokemon/cards/abomasnow/sv4a_ja-200?variant=holofoil
201,270b1c7d-6507-46c0-92f2-9e059923716e,ニャオハ,S,https://images.scrydex.com/pokemon/sv4a_ja-201/medium,Sprigatito,ニャオハ,S,https://images.scrydex.com/pokemon/sv4a_ja-201/medium,https://scrydex.com/pokemon/cards/sprigatito/sv4a_ja-201?variant=holofoil
202,ae752a24-7f67-4772-8707-728ce727429d,ニャローテ,S,https://images.scrydex.com/pokemon/sv4a_ja-202/medium,Floragato,ニャローテ,S,https://images.scrydex.com/pokemon/sv4a_ja-202/medium,https://scrydex.com/pokemon/cards/floragato/sv4a_ja-202?variant=holofoil
203,73e34396-27f0-4137-9436-26ad9930b87e,ミニーブ,S,https://images.scrydex.com/pokemon/sv4a_ja-203/medium,Smoliv,ミニーブ,S,https://images.scrydex.com/pokemon/sv4a_ja-203/medium,https://scrydex.com/pokemon/cards/smoliv/sv4a_ja-203?variant=holofoil
204,8e6ae726-74bc-4379-992c-c900fc82144b,オリーニョ,S,https://images.scrydex.com/pokemon/sv4a_ja-204/medium,Dolliv,オリーニョ,S,https://images.scrydex.com/pokemon/sv4a_ja-204/medium,https://scrydex.com/pokemon/cards/dolliv/sv4a_ja-204?variant=holofoil
205,9b99caae-91c2-433f-b3a7-7444205069f4,オリーヴァ,S,https://images.scrydex.com/pokemon/sv4a_ja-205/medium,Arboliva,オリーヴァ,S,https://images.scrydex.com/pokemon/sv4a_ja-205/medium,https://scrydex.com/pokemon/cards/arboliva/sv4a_ja-205?variant=holofoil
206,f641f9e7-9aff-4fcd-a53a-c498f106f8a0,ノノクラゲ,S,https://images.scrydex.com/pokemon/sv4a_ja-206/medium,Toedscool,ノノクラゲ,S,https://images.scrydex.com/pokemon/sv4a_ja-206/medium,https://scrydex.com/pokemon/cards/toedscool/sv4a_ja-206?variant=holofoil
207,9d2429f1-daa4-4e35-bbaa-d18ac8119529,カプサイジ,S,https://images.scrydex.com/pokemon/sv4a_ja-207/medium,Capsakid,カプサイジ,S,https://images.scrydex.com/pokemon/sv4a_ja-207/medium,https://scrydex.com/pokemon/cards/capsakid/sv4a_ja-207?variant=holofoil
208,963825b0-1d09-4e02-aa03-5098f6845618,スコヴィラン,S,https://images.scrydex.com/pokemon/sv4a_ja-208/medium,Scovillain,スコヴィラン,S,https://images.scrydex.com/pokemon/sv4a_ja-208/medium,https://scrydex.com/pokemon/cards/scovillain/sv4a_ja-208?variant=holofoil
209,edd57b9a-4534-4d94-83c7-53b483ffd878,シガロコ,S,https://images.scrydex.com/pokemon/sv4a_ja-209/medium,Rellor,シガロコ,S,https://images.scrydex.com/pokemon/sv4a_ja-209/medium,https://scrydex.com/pokemon/cards/rellor/sv4a_ja-209?variant=holofoil
210,41752cd7-b703-41c9-a0bd-ccc144558c47,ヒトカゲ,S,https://images.scrydex.com/pokemon/sv4a_ja-210/medium,Charmander,ヒトカゲ,S,https://images.scrydex.com/pokemon/sv4a_ja-210/medium,https://scrydex.com/pokemon/cards/charmander/sv4a_ja-210?variant=holofoil
211,1228097a-4eb7-4283-b009-cca2d4b050f7,リザード,S,https://images.scrydex.com/pokemon/sv4a_ja-211/medium,Charmeleon,リザード,S,https://images.scrydex.com/pokemon/sv4a_ja-211/medium,https://scrydex.com/pokemon/cards/charmeleon/sv4a_ja-211?variant=holofoil
212,996f23ba-7357-4866-adb0-4df61d080d3e,パルデア ケンタロス,S,https://images.scrydex.com/pokemon/sv4a_ja-212/medium,Paldean Tauros,パルデア ケンタロス,S,https://images.scrydex.com/pokemon/sv4a_ja-212/medium,https://scrydex.com/pokemon/cards/paldean-tauros/sv4a_ja-212?variant=holofoil
213,46e01f75-e328-458a-853d-ad10c7aac3d0,エンテイ,S,https://images.scrydex.com/pokemon/sv4a_ja-213/medium,Entei,エンテイ,S,https://images.scrydex.com/pokemon/sv4a_ja-213/medium,https://scrydex.com/pokemon/cards/entei/sv4a_ja-213?variant=holofoil
214,43318574-e99b-43f8-905d-84e5e0328320,オドリドリ,S,https://images.scrydex.com/pokemon/sv4a_ja-214/medium,Oricorio,オドリドリ,S,https://images.scrydex.com/pokemon/sv4a_ja-214/medium,https://scrydex.com/pokemon/cards/oricorio/sv4a_ja-214?variant=holofoil
215,4b82a53e-59f5-41dc-a16a-05262151b217,ホゲータ,S,https://images.scrydex.com/pokemon/sv4a_ja-215/medium,Fuecoco,ホゲータ,S,https://images.scrydex.com/pokemon/sv4a_ja-215/medium,https://scrydex.com/pokemon/cards/fuecoco/sv4a_ja-215?variant=holofoil
216,a0c235c7-a9d2-47e3-ba0d-7a7f028ca94c,アチゲータ,S,https://images.scrydex.com/pokemon/sv4a_ja-216/medium,Crocalor,アチゲータ,S,https://images.scrydex.com/pokemon/sv4a_ja-216/medium,https://scrydex.com/pokemon/cards/crocalor/sv4a_ja-216?variant=holofoil
217,dddcf74b-d637-4e65-bd37-83a7cd5928c3,カルボウ,S,https://images.scrydex.com/pokemon/sv4a_ja-217/medium,Charcadet,カルボウ,S,https://images.scrydex.com/pokemon/sv4a_ja-217/medium,https://scrydex.com/pokemon/cards/charcadet/sv4a_ja-217?variant=holofoil
218,457ba58c-be8a-4a63-9860-98be4b01e61f,グレンアルマ,S,https://images.scrydex.com/pokemon/sv4a_ja-218/medium,Armarouge,グレンアルマ,S,https://images.scrydex.com/pokemon/sv4a_ja-218/medium,https://scrydex.com/pokemon/cards/armarouge/sv4a_ja-218?variant=holofoil
219,6e5ebfb4-7f50-4f1f-acd5-19657ea81718,ヤドン,S,https://images.scrydex.com/pokemon/sv4a_ja-219/medium,Slowpoke,ヤドン,S,https://images.scrydex.com/pokemon/sv4a_ja-219/medium,https://scrydex.com/pokemon/cards/slowpoke/sv4a_ja-219?variant=holofoil
220,f5649471-f0fc-4c53-a66d-5e80bd52e2d8,ヤドラン,S,https://images.scrydex.com/pokemon/sv4a_ja-220/medium,Slowbro,ヤドラン,S,https://images.scrydex.com/pokemon/sv4a_ja-220/medium,https://scrydex.com/pokemon/cards/slowbro/sv4a_ja-220?variant=holofoil
221,86b36660-aec2-4b11-a1ce-d5deff2f14d8,ヒトデマン,S,https://images.scrydex.com/pokemon/sv4a_ja-221/medium,Staryu,ヒトデマン,S,https://images.scrydex.com/pokemon/sv4a_ja-221/medium,https://scrydex.com/pokemon/cards/staryu/sv4a_ja-221?variant=holofoil
222,78aa6633-fecb-4374-89ca-8d1c80ee2718,スターミー,S,https://images.scrydex.com/pokemon/sv4a_ja-222/medium,Starmie,スターミー,S,https://images.scrydex.com/pokemon/sv4a_ja-222/medium,https://scrydex.com/pokemon/cards/starmie/sv4a_ja-222?variant=holofoil
223,24b952a3-a9f8-422d-9007-0ee9f7c53d2f,パルデア ケンタロス,S,https://images.scrydex.com/pokemon/sv4a_ja-223/medium,Paldean Tauros,パルデア ケンタロス,S,https://images.scrydex.com/pokemon/sv4a_ja-223/medium,https://scrydex.com/pokemon/cards/paldean-tauros/sv4a_ja-223?variant=holofoil
224,9aa9cee7-fe64-4648-ad1c-536ac731a787,クワッス,S,https://images.scrydex.com/pokemon/sv4a_ja-224/medium,Quaxly,クワッス,S,https://images.scrydex.com/pokemon/sv4a_ja-224/medium,https://scrydex.com/pokemon/cards/quaxly/sv4a_ja-224?variant=holofoil
225,92e7f8f5-c81f-49a2-a232-6918bff5a0b0,ウェルカモ,S,https://images.scrydex.com/pokemon/sv4a_ja-225/medium,Quaxwell,ウェルカモ,S,https://images.scrydex.com/pokemon/sv4a_ja-225/medium,https://scrydex.com/pokemon/cards/quaxwell/sv4a_ja-225?variant=holofoil
226,b0a237e5-1fac-4786-bfc0-e3db261ead8b,ウミディグダ,S,https://images.scrydex.com/pokemon/sv4a_ja-226/medium,Wiglett,ウミディグダ,S,https://images.scrydex.com/pokemon/sv4a_ja-226/medium,https://scrydex.com/pokemon/cards/wiglett/sv4a_ja-226?variant=holofoil
227,9dbc2ae3-4f51-497f-8fa5-9ebde98bd814,ウミトリオ,S,https://images.scrydex.com/pokemon/sv4a_ja-227/medium,Wugtrio,ウミトリオ,S,https://images.scrydex.com/pokemon/sv4a_ja-227/medium,https://scrydex.com/pokemon/cards/wugtrio/sv4a_ja-227?variant=holofoil
228,1103dc2e-0dfc-4a86-9e19-b098d3c1bbeb,ナミイルカ,S,https://images.scrydex.com/pokemon/sv4a_ja-228/medium,Finizen,ナミイルカ,S,https://images.scrydex.com/pokemon/sv4a_ja-228/medium,https://scrydex.com/pokemon/cards/finizen/sv4a_ja-228?variant=holofoil
229,570f93c0-c5c2-4897-b236-1f7630133efa,イルカマン,S,https://images.scrydex.com/pokemon/sv4a_ja-229/medium,Palafin,イルカマン,S,https://images.scrydex.com/pokemon/sv4a_ja-229/medium,https://scrydex.com/pokemon/cards/palafin/sv4a_ja-229?variant=holofoil
230,0c73ad84-a52d-44a1-aa8a-9241f91b86ae,ミガルーサ,S,https://images.scrydex.com/pokemon/sv4a_ja-230/medium,Veluza,ミガルーサ,S,https://images.scrydex.com/pokemon/sv4a_ja-230/medium,https://scrydex.com/pokemon/cards/veluza/sv4a_ja-230?variant=holofoil
231,f5a95f4e-d806-4d2a-9358-5c896ab81675,ヘイラッシャ,S,https://images.scrydex.com/pokemon/sv4a_ja-231/medium,Dondozo,ヘイラッシャ,S,https://images.scrydex.com/pokemon/sv4a_ja-231/medium,https://scrydex.com/pokemon/cards/dondozo/sv4a_ja-231?variant=holofoil
232,6537b4de-1833-4672-bdfa-f1ab08a5f5f9,シャリタツ,S,https://images.scrydex.com/pokemon/sv4a_ja-232/medium,Tatsugiri,シャリタツ,S,https://images.scrydex.com/pokemon/sv4a_ja-232/medium,https://scrydex.com/pokemon/cards/tatsugiri/sv4a_ja-232?variant=holofoil
233,fd1b4416-9703-413a-b6d6-44fdbaba4fb9,セビエ,S,https://images.scrydex.com/pokemon/sv4a_ja-233/medium,Frigibax,セビエ,S,https://images.scrydex.com/pokemon/sv4a_ja-233/medium,https://scrydex.com/pokemon/cards/frigibax/sv4a_ja-233?variant=holofoil
234,800c4be7-385e-4514-af0b-405d33a40673,セゴール,S,https://images.scrydex.com/pokemon/sv4a_ja-234/medium,Arctibax,セゴール,S,https://images.scrydex.com/pokemon/sv4a_ja-234/medium,https://scrydex.com/pokemon/cards/arctibax/sv4a_ja-234?variant=holofoil
235,cae70857-28da-4bec-b445-94537cda36cb,セグレイブ,S,https://images.scrydex.com/pokemon/sv4a_ja-235/medium,Baxcalibur,セグレイブ,S,https://images.scrydex.com/pokemon/sv4a_ja-235/medium,https://scrydex.com/pokemon/cards/baxcalibur/sv4a_ja-235?variant=holofoil
236,7ca24cbb-7564-4feb-9667-57960b5d22a8,ピカチュウ,S,https://images.scrydex.com/pokemon/sv4a_ja-236/medium,Pikachu,ピカチュウ,S,https://images.scrydex.com/pokemon/sv4a_ja-236/medium,https://scrydex.com/pokemon/cards/pikachu/sv4a_ja-236?variant=holofoil
237,562a11ac-cabd-4659-a03f-d7db8c6eb06e,ライチュウ,S,https://images.scrydex.com/pokemon/sv4a_ja-237/medium,Raichu,ライチュウ,S,https://images.scrydex.com/pokemon/sv4a_ja-237/medium,https://scrydex.com/pokemon/cards/raichu/sv4a_ja-237?variant=holofoil
238,1ed68198-14da-4d35-9133-0ce6a9670760,ビリリダマ,S,https://images.scrydex.com/pokemon/sv4a_ja-238/medium,Voltorb,ビリリダマ,S,https://images.scrydex.com/pokemon/sv4a_ja-238/medium,https://scrydex.com/pokemon/cards/voltorb/sv4a_ja-238?variant=holofoil
239,0f77c23d-9cb5-4f37-b629-387506ae546c,マルマイン,S,https://images.scrydex.com/pokemon/sv4a_ja-239/medium,Electrode,マルマイン,S,https://images.scrydex.com/pokemon/sv4a_ja-239/medium,https://scrydex.com/pokemon/cards/electrode/sv4a_ja-239?variant=holofoil
240,1a278ce0-871f-4763-9d85-5037ebd01927,コリンク,S,https://images.scrydex.com/pokemon/sv4a_ja-240/medium,Shinx,コリンク,S,https://images.scrydex.com/pokemon/sv4a_ja-240/medium,https://scrydex.com/pokemon/cards/shinx/sv4a_ja-240?variant=holofoil
241,8338e5d7-4533-43da-9188-fb772a24d379,ルクシオ,S,https://images.scrydex.com/pokemon/sv4a_ja-241/medium,Luxio,ルクシオ,S,https://images.scrydex.com/pokemon/sv4a_ja-241/medium,https://scrydex.com/pokemon/cards/luxio/sv4a_ja-241?variant=holofoil
242,0393542b-b7eb-4566-83e9-2e75d991732f,レントラー,S,https://images.scrydex.com/pokemon/sv4a_ja-242/medium,Luxray,レントラー,S,https://images.scrydex.com/pokemon/sv4a_ja-242/medium,https://scrydex.com/pokemon/cards/luxray/sv4a_ja-242?variant=holofoil
243,233b6ad3-ee76-43fc-be8e-c7a0b3d11a72,パチリス,S,https://images.scrydex.com/pokemon/sv4a_ja-243/medium,Pachirisu,パチリス,S,https://images.scrydex.com/pokemon/sv4a_ja-243/medium,https://scrydex.com/pokemon/cards/pachirisu/sv4a_ja-243?variant=holofoil
244,cff94ab8-35f4-4755-a5c1-e7f35d7e44d4,ボルトロス,S,https://images.scrydex.com/pokemon/sv4a_ja-244/medium,Thundurus,ボルトロス,S,https://images.scrydex.com/pokemon/sv4a_ja-244/medium,https://scrydex.com/pokemon/cards/thundurus/sv4a_ja-244?variant=holofoil
245,6d2af5f6-65aa-4864-b091-2249b94807ce,エレズン,S,https://images.scrydex.com/pokemon/sv4a_ja-245/medium,Toxel,エレズン,S,https://images.scrydex.com/pokemon/sv4a_ja-245/medium,https://scrydex.com/pokemon/cards/toxel/sv4a_ja-245?variant=holofoil
246,37cc8d99-2df5-4006-85f7-73b5e339ebc7,ストリンダー,S,https://images.scrydex.com/pokemon/sv4a_ja-246/medium,Toxtricity,ストリンダー,S,https://images.scrydex.com/pokemon/sv4a_ja-246/medium,https://scrydex.com/pokemon/cards/toxtricity/sv4a_ja-246?variant=holofoil
247,fca4b44b-26fa-494d-ae92-b93ccd7bc95c,パモ,S,https://images.scrydex.com/pokemon/sv4a_ja-247/medium,Pawmi,パモ,S,https://images.scrydex.com/pokemon/sv4a_ja-247/medium,https://scrydex.com/pokemon/cards/pawmi/sv4a_ja-247?variant=holofoil
248,6b1635da-e30a-4c01-af8b-9e4433cf45a9,パモット,S,https://images.scrydex.com/pokemon/sv4a_ja-248/medium,Pawmo,パモット,S,https://images.scrydex.com/pokemon/sv4a_ja-248/medium,https://scrydex.com/pokemon/cards/pawmo/sv4a_ja-248?variant=holofoil
249,040b8b17-fff7-48b6-a949-727bef8850e1,パーモット,S,https://images.scrydex.com/pokemon/sv4a_ja-249/medium,Pawmot,パーモット,S,https://images.scrydex.com/pokemon/sv4a_ja-249/medium,https://scrydex.com/pokemon/cards/pawmot/sv4a_ja-249?variant=holofoil
250,7b3909fd-b89c-43cd-a663-8c2010a31413,カイデン,S,https://images.scrydex.com/pokemon/sv4a_ja-250/medium,Wattrel,カイデン,S,https://images.scrydex.com/pokemon/sv4a_ja-250/medium,https://scrydex.com/pokemon/cards/wattrel/sv4a_ja-250?variant=holofoil
