card_number,link_text,scrydex_card_url,scrydex_name,scrydex_japanese_name,scrydex_rarity,scrydex_image_url,final_url
1,Oddish #1 $0.14,https://scrydex.com/pokemon/cards/oddish/sv4a_ja-1?variant=normal,Oddish,ナゾノクサ,,https://images.scrydex.com/pokemon/sv4a_ja-1/medium,https://scrydex.com/pokemon/cards/oddish/sv4a_ja-1?variant=normal
2,Gloom #2 $0.07,https://scrydex.com/pokemon/cards/gloom/sv4a_ja-2?variant=normal,Gloom,クサイハナ,,https://images.scrydex.com/pokemon/sv4a_ja-2/medium,https://scrydex.com/pokemon/cards/gloom/sv4a_ja-2?variant=normal
3,Vileplume #3 $0.17,https://scrydex.com/pokemon/cards/vileplume/sv4a_ja-3?variant=holofoil,Vileplume,ラフレシア,,https://images.scrydex.com/pokemon/sv4a_ja-3/medium,https://scrydex.com/pokemon/cards/vileplume/sv4a_ja-3?variant=holofoil
4,Scyther #4 $0.11,https://scrydex.com/pokemon/cards/scyther/sv4a_ja-4?variant=normal,Scyther,ストライク,,https://images.scrydex.com/pokemon/sv4a_ja-4/medium,https://scrydex.com/pokemon/cards/scyther/sv4a_ja-4?variant=normal
5,Hoppip #5 $0.11,https://scrydex.com/pokemon/cards/hoppip/sv4a_ja-5?variant=normal,Hoppip,ハネッコ,,https://images.scrydex.com/pokemon/sv4a_ja-5/medium,https://scrydex.com/pokemon/cards/hoppip/sv4a_ja-5?variant=normal
6,Skiploom #6 $0.13,https://scrydex.com/pokemon/cards/skiploom/sv4a_ja-6?variant=normal,Skiploom,ポポッコ,,https://images.scrydex.com/pokemon/sv4a_ja-6/medium,https://scrydex.com/pokemon/cards/skiploom/sv4a_ja-6?variant=normal
7,Jumpluff #7 $0.18,https://scrydex.com/pokemon/cards/jumpluff/sv4a_ja-7?variant=holofoil,Jumpluff,ワタッコ,,https://images.scrydex.com/pokemon/sv4a_ja-7/medium,https://scrydex.com/pokemon/cards/jumpluff/sv4a_ja-7?variant=holofoil
8,Pineco #8 $0.08,https://scrydex.com/pokemon/cards/pineco/sv4a_ja-8?variant=normal,Pineco,クヌギダマ,,https://images.scrydex.com/pokemon/sv4a_ja-8/medium,https://scrydex.com/pokemon/cards/pineco/sv4a_ja-8?variant=normal
9,Forretress ex #9 $0.28,https://scrydex.com/pokemon/cards/forretress-ex/sv4a_ja-9?variant=holofoil,Forretress ex,フォレトスex,S,https://images.scrydex.com/pokemon/sv4a_ja-9/medium,https://scrydex.com/pokemon/cards/forretress-ex/sv4a_ja-9?variant=holofoil
10,Snover #10 $0.09,https://scrydex.com/pokemon/cards/snover/sv4a_ja-10?variant=normal,Snover,ユキカブリ,,https://images.scrydex.com/pokemon/sv4a_ja-10/medium,https://scrydex.com/pokemon/cards/snover/sv4a_ja-10?variant=normal
11,Abomasnow #11 $0.16,https://scrydex.com/pokemon/cards/abomasnow/sv4a_ja-11?variant=holofoil,Abomasnow,ユキノオー,,https://images.scrydex.com/pokemon/sv4a_ja-11/medium,https://scrydex.com/pokemon/cards/abomasnow/sv4a_ja-11?variant=holofoil
12,Sprigatito #12 $0.16,https://scrydex.com/pokemon/cards/sprigatito/sv4a_ja-12?variant=normal,Sprigatito,ニャオハ,,https://images.scrydex.com/pokemon/sv4a_ja-12/medium,https://scrydex.com/pokemon/cards/sprigatito/sv4a_ja-12?variant=normal
13,Floragato #13 $0.17,https://scrydex.com/pokemon/cards/floragato/sv4a_ja-13?variant=normal,Floragato,ニャローテ,,https://images.scrydex.com/pokemon/sv4a_ja-13/medium,https://scrydex.com/pokemon/cards/floragato/sv4a_ja-13?variant=normal
14,Meowscarada ex #14 $0.28,https://scrydex.com/pokemon/cards/meowscarada-ex/sv4a_ja-14?variant=holofoil,Meowscarada ex,マスカーニャex,S,https://images.scrydex.com/pokemon/sv4a_ja-14/medium,https://scrydex.com/pokemon/cards/meowscarada-ex/sv4a_ja-14?variant=holofoil
15,Smoliv #15 $0.12,https://scrydex.com/pokemon/cards/smoliv/sv4a_ja-15?variant=normal,Smoliv,ミニーブ,,https://images.scrydex.com/pokemon/sv4a_ja-15/medium,https://scrydex.com/pokemon/cards/smoliv/sv4a_ja-15?variant=normal
16,Dolliv #16 $0.14,https://scrydex.com/pokemon/cards/dolliv/sv4a_ja-16?variant=normal,Dolliv,オリーニョ,,https://images.scrydex.com/pokemon/sv4a_ja-16/medium,https://scrydex.com/pokemon/cards/dolliv/sv4a_ja-16?variant=normal
17,Arboliva #17 $0.14,https://scrydex.com/pokemon/cards/arboliva/sv4a_ja-17?variant=holofoil,Arboliva,オリーヴァ,,https://images.scrydex.com/pokemon/sv4a_ja-17/medium,https://scrydex.com/pokemon/cards/arboliva/sv4a_ja-17?variant=holofoil
18,Toedscool #18 $0.11,https://scrydex.com/pokemon/cards/toedscool/sv4a_ja-18?variant=normal,Toedscool,ノノクラゲ,,https://images.scrydex.com/pokemon/sv4a_ja-18/medium,https://scrydex.com/pokemon/cards/toedscool/sv4a_ja-18?variant=normal
19,Toedscruel ex #19 $0.27,https://scrydex.com/pokemon/cards/toedscruel-ex/sv4a_ja-19?variant=holofoil,Toedscruel ex,リククラゲex,S,https://images.scrydex.com/pokemon/sv4a_ja-19/medium,https://scrydex.com/pokemon/cards/toedscruel-ex/sv4a_ja-19?variant=holofoil
20,Capsakid #20 $0.07,https://scrydex.com/pokemon/cards/capsakid/sv4a_ja-20?variant=normal,Capsakid,カプサイジ,,https://images.scrydex.com/pokemon/sv4a_ja-20/medium,https://scrydex.com/pokemon/cards/capsakid/sv4a_ja-20?variant=normal
21,Scovillain #21 $0.12,https://scrydex.com/pokemon/cards/scovillain/sv4a_ja-21?variant=holofoil,Scovillain,スコヴィラン,,https://images.scrydex.com/pokemon/sv4a_ja-21/medium,https://scrydex.com/pokemon/cards/scovillain/sv4a_ja-21?variant=holofoil
22,Rellor #22 $0.07,https://scrydex.com/pokemon/cards/rellor/sv4a_ja-22?variant=normal,Rellor,シガロコ,,https://images.scrydex.com/pokemon/sv4a_ja-22/medium,https://scrydex.com/pokemon/cards/rellor/sv4a_ja-22?variant=normal
23,Espathra ex #23 $0.20,https://scrydex.com/pokemon/cards/espathra-ex/sv4a_ja-23?variant=holofoil,Espathra ex,クエスパトラex,S,https://images.scrydex.com/pokemon/sv4a_ja-23/medium,https://scrydex.com/pokemon/cards/espathra-ex/sv4a_ja-23?variant=holofoil
24,Wo-Chien ex #24 $0.21,https://scrydex.com/pokemon/cards/wo-chien-ex/sv4a_ja-24?variant=holofoil,Wo-Chien ex,チオンジェンex,S,https://images.scrydex.com/pokemon/sv4a_ja-24/medium,https://scrydex.com/pokemon/cards/wo-chien-ex/sv4a_ja-24?variant=holofoil
25,Charmander #25 $0.22,https://scrydex.com/pokemon/cards/charmander/sv4a_ja-25?variant=normal,Charmander,ヒトカゲ,,https://images.scrydex.com/pokemon/sv4a_ja-25/medium,https://scrydex.com/pokemon/cards/charmander/sv4a_ja-25?variant=normal
26,Charmeleon #26 $0.16,https://scrydex.com/pokemon/cards/charmeleon/sv4a_ja-26?variant=normal,Charmeleon,リザード,,https://images.scrydex.com/pokemon/sv4a_ja-26/medium,https://scrydex.com/pokemon/cards/charmeleon/sv4a_ja-26?variant=normal
27,Paldean Tauros #27 $0.10,https://scrydex.com/pokemon/cards/paldean-tauros/sv4a_ja-27?variant=normal,Paldean Tauros,パルデア ケンタロス,,https://images.scrydex.com/pokemon/sv4a_ja-27/medium,https://scrydex.com/pokemon/cards/paldean-tauros/sv4a_ja-27?variant=normal
28,Entei #28 $0.17,https://scrydex.com/pokemon/cards/entei/sv4a_ja-28?variant=holofoil,Entei,エンテイ,,https://images.scrydex.com/pokemon/sv4a_ja-28/medium,https://scrydex.com/pokemon/cards/entei/sv4a_ja-28?variant=holofoil
29,Oricorio #29 $0.12,https://scrydex.com/pokemon/cards/oricorio/sv4a_ja-29?variant=holofoil,Oricorio,オドリドリ,,https://images.scrydex.com/pokemon/sv4a_ja-29/medium,https://scrydex.com/pokemon/cards/oricorio/sv4a_ja-29?variant=holofoil
30,Fuecoco #30 $0.12,https://scrydex.com/pokemon/cards/fuecoco/sv4a_ja-30?variant=normal,Fuecoco,ホゲータ,,https://images.scrydex.com/pokemon/sv4a_ja-30/medium,https://scrydex.com/pokemon/cards/fuecoco/sv4a_ja-30?variant=normal
31,Crocalor #31 $0.08,https://scrydex.com/pokemon/cards/crocalor/sv4a_ja-31?variant=normal,Crocalor,アチゲータ,,https://images.scrydex.com/pokemon/sv4a_ja-31/medium,https://scrydex.com/pokemon/cards/crocalor/sv4a_ja-31?variant=normal
32,Skeledirge ex #32 $0.41,https://scrydex.com/pokemon/cards/skeledirge-ex/sv4a_ja-32?variant=holofoil,Skeledirge ex,ラウドボーンex,S,https://images.scrydex.com/pokemon/sv4a_ja-32/medium,https://scrydex.com/pokemon/cards/skeledirge-ex/sv4a_ja-32?variant=holofoil
33,Charcadet #33 $0.10,https://scrydex.com/pokemon/cards/charcadet/sv4a_ja-33?variant=normal,Charcadet,カルボウ,,https://images.scrydex.com/pokemon/sv4a_ja-33/medium,https://scrydex.com/pokemon/cards/charcadet/sv4a_ja-33?variant=normal
34,Armarouge #34 $0.16,https://scrydex.com/pokemon/cards/armarouge/sv4a_ja-34?variant=holofoil,Armarouge,グレンアルマ,,https://images.scrydex.com/pokemon/sv4a_ja-34/medium,https://scrydex.com/pokemon/cards/armarouge/sv4a_ja-34?variant=holofoil
35,Chi-Yu ex #35 $0.30,https://scrydex.com/pokemon/cards/chi-yu-ex/sv4a_ja-35?variant=holofoil,Chi-Yu ex,イーユイex,S,https://images.scrydex.com/pokemon/sv4a_ja-35/medium,https://scrydex.com/pokemon/cards/chi-yu-ex/sv4a_ja-35?variant=holofoil
36,Slowpoke #36 $0.12,https://scrydex.com/pokemon/cards/slowpoke/sv4a_ja-36?variant=normal,Slowpoke,ヤドン,,https://images.scrydex.com/pokemon/sv4a_ja-36/medium,https://scrydex.com/pokemon/cards/slowpoke/sv4a_ja-36?variant=normal
37,Slowbro #37 $0.26,https://scrydex.com/pokemon/cards/slowbro/sv4a_ja-37?variant=holofoil,Slowbro,ヤドラン,,https://images.scrydex.com/pokemon/sv4a_ja-37/medium,https://scrydex.com/pokemon/cards/slowbro/sv4a_ja-37?variant=holofoil
38,Staryu #38 $0.13,https://scrydex.com/pokemon/cards/staryu/sv4a_ja-38?variant=normal,Staryu,ヒトデマン,,https://images.scrydex.com/pokemon/sv4a_ja-38/medium,https://scrydex.com/pokemon/cards/staryu/sv4a_ja-38?variant=normal
39,Starmie #39 $0.18,https://scrydex.com/pokemon/cards/starmie/sv4a_ja-39?variant=holofoil,Starmie,スターミー,,https://images.scrydex.com/pokemon/sv4a_ja-39/medium,https://scrydex.com/pokemon/cards/starmie/sv4a_ja-39?variant=holofoil
40,Paldean Tauros #40 $0.14,https://scrydex.com/pokemon/cards/paldean-tauros/sv4a_ja-40?variant=normal,Paldean Tauros,パルデア ケンタロス,,https://images.scrydex.com/pokemon/sv4a_ja-40/medium,https://scrydex.com/pokemon/cards/paldean-tauros/sv4a_ja-40?variant=normal
41,Quaxly #41 $0.08,https://scrydex.com/pokemon/cards/quaxly/sv4a_ja-41?variant=normal,Quaxly,クワッス,,https://images.scrydex.com/pokemon/sv4a_ja-41/medium,https://scrydex.com/pokemon/cards/quaxly/sv4a_ja-41?variant=normal
42,Quaxwell #42 $0.13,https://scrydex.com/pokemon/cards/quaxwell/sv4a_ja-42?variant=normal,Quaxwell,ウェルカモ,,https://images.scrydex.com/pokemon/sv4a_ja-42/medium,https://scrydex.com/pokemon/cards/quaxwell/sv4a_ja-42?variant=normal
43,Quaquaval ex #43 $0.22,https://scrydex.com/pokemon/cards/quaquaval-ex/sv4a_ja-43?variant=holofoil,Quaquaval ex,ウェーニバルex,S,https://images.scrydex.com/pokemon/sv4a_ja-43/medium,https://scrydex.com/pokemon/cards/quaquaval-ex/sv4a_ja-43?variant=holofoil
44,Wiglett #44 $0.09,https://scrydex.com/pokemon/cards/wiglett/sv4a_ja-44?variant=normal,Wiglett,ウミディグダ,,https://images.scrydex.com/pokemon/sv4a_ja-44/medium,https://scrydex.com/pokemon/cards/wiglett/sv4a_ja-44?variant=normal
45,Wugtrio #45 $0.10,https://scrydex.com/pokemon/cards/wugtrio/sv4a_ja-45?variant=normal,Wugtrio,ウミトリオ,,https://images.scrydex.com/pokemon/sv4a_ja-45/medium,https://scrydex.com/pokemon/cards/wugtrio/sv4a_ja-45?variant=normal
46,Finizen #46 $0.07,https://scrydex.com/pokemon/cards/finizen/sv4a_ja-46?variant=normal,Finizen,ナミイルカ,,https://images.scrydex.com/pokemon/sv4a_ja-46/medium,https://scrydex.com/pokemon/cards/finizen/sv4a_ja-46?variant=normal
47,Palafin #47 $0.13,https://scrydex.com/pokemon/cards/palafin/sv4a_ja-47?variant=holofoil,Palafin,イルカマン,,https://images.scrydex.com/pokemon/sv4a_ja-47/medium,https://scrydex.com/pokemon/cards/palafin/sv4a_ja-47?variant=holofoil
48,Veluza #48 $0.15,https://scrydex.com/pokemon/cards/veluza/sv4a_ja-48?variant=holofoil,Veluza,ミガルーサ,,https://images.scrydex.com/pokemon/sv4a_ja-48/medium,https://scrydex.com/pokemon/cards/veluza/sv4a_ja-48?variant=holofoil
49,Dondozo #49 $0.12,https://scrydex.com/pokemon/cards/dondozo/sv4a_ja-49?variant=holofoil,Dondozo,ヘイラッシャ,,https://images.scrydex.com/pokemon/sv4a_ja-49/medium,https://scrydex.com/pokemon/cards/dondozo/sv4a_ja-49?variant=holofoil
50,Tatsugiri #50 $0.11,https://scrydex.com/pokemon/cards/tatsugiri/sv4a_ja-50?variant=normal,Tatsugiri,シャリタツ,,https://images.scrydex.com/pokemon/sv4a_ja-50/medium,https://scrydex.com/pokemon/cards/tatsugiri/sv4a_ja-50?variant=normal
51,Frigibax #51 $0.09,https://scrydex.com/pokemon/cards/frigibax/sv4a_ja-51?variant=normal,Frigibax,セビエ,,https://images.scrydex.com/pokemon/sv4a_ja-51/medium,https://scrydex.com/pokemon/cards/frigibax/sv4a_ja-51?variant=normal
52,Arctibax #52 $0.11,https://scrydex.com/pokemon/cards/arctibax/sv4a_ja-52?variant=normal,Arctibax,セゴール,,https://images.scrydex.com/pokemon/sv4a_ja-52/medium,https://scrydex.com/pokemon/cards/arctibax/sv4a_ja-52?variant=normal
53,Baxcalibur #53 $0.21,https://scrydex.com/pokemon/cards/baxcalibur/sv4a_ja-53?variant=holofoil,Baxcalibur,セグレイブ,,https://images.scrydex.com/pokemon/sv4a_ja-53/medium,https://scrydex.com/pokemon/cards/baxcalibur/sv4a_ja-53?variant=holofoil
54,Chien-Pao ex #54 $0.25,https://scrydex.com/pokemon/cards/chien-pao-ex/sv4a_ja-54?variant=holofoil,Chien-Pao ex,パオジアンex,S,https://images.scrydex.com/pokemon/sv4a_ja-54/medium,https://scrydex.com/pokemon/cards/chien-pao-ex/sv4a_ja-54?variant=holofoil
55,Pikachu #55 $0.27,https://scrydex.com/pokemon/cards/pikachu/sv4a_ja-55?variant=normal,Pikachu,ピカチュウ,,https://images.scrydex.com/pokemon/sv4a_ja-55/medium,https://scrydex.com/pokemon/cards/pikachu/sv4a_ja-55?variant=normal
56,Raichu #56 $0.20,https://scrydex.com/pokemon/cards/raichu/sv4a_ja-56?variant=holofoil,Raichu,ライチュウ,,https://images.scrydex.com/pokemon/sv4a_ja-56/medium,https://scrydex.com/pokemon/cards/raichu/sv4a_ja-56?variant=holofoil
57,Voltorb #57 $0.07,https://scrydex.com/pokemon/cards/voltorb/sv4a_ja-57?variant=normal,Voltorb,ビリリダマ,,https://images.scrydex.com/pokemon/sv4a_ja-57/medium,https://scrydex.com/pokemon/cards/voltorb/sv4a_ja-57?variant=normal
58,Electrode #58 $0.13,https://scrydex.com/pokemon/cards/electrode/sv4a_ja-58?variant=holofoil,Electrode,マルマイン,,https://images.scrydex.com/pokemon/sv4a_ja-58/medium,https://scrydex.com/pokemon/cards/electrode/sv4a_ja-58?variant=holofoil
59,Shinx #59 $0.19,https://scrydex.com/pokemon/cards/shinx/sv4a_ja-59?variant=normal,Shinx,コリンク,,https://images.scrydex.com/pokemon/sv4a_ja-59/medium,https://scrydex.com/pokemon/cards/shinx/sv4a_ja-59?variant=normal
60,Luxio #60 $0.15,https://scrydex.com/pokemon/cards/luxio/sv4a_ja-60?variant=normal,Luxio,ルクシオ,,https://images.scrydex.com/pokemon/sv4a_ja-60/medium,https://scrydex.com/pokemon/cards/luxio/sv4a_ja-60?variant=normal
61,Luxray #61 $0.25,https://scrydex.com/pokemon/cards/luxray/sv4a_ja-61?variant=holofoil,Luxray,レントラー,,https://images.scrydex.com/pokemon/sv4a_ja-61/medium,https://scrydex.com/pokemon/cards/luxray/sv4a_ja-61?variant=holofoil
62,Pachirisu #62 $0.10,https://scrydex.com/pokemon/cards/pachirisu/sv4a_ja-62?variant=normal,Pachirisu,パチリス,,https://images.scrydex.com/pokemon/sv4a_ja-62/medium,https://scrydex.com/pokemon/cards/pachirisu/sv4a_ja-62?variant=normal
63,Thundurus #63 $0.14,https://scrydex.com/pokemon/cards/thundurus/sv4a_ja-63?variant=holofoil,Thundurus,ボルトロス,,https://images.scrydex.com/pokemon/sv4a_ja-63/medium,https://scrydex.com/pokemon/cards/thundurus/sv4a_ja-63?variant=holofoil
64,Toxel #64 $0.09,https://scrydex.com/pokemon/cards/toxel/sv4a_ja-64?variant=normal,Toxel,エレズン,,https://images.scrydex.com/pokemon/sv4a_ja-64/medium,https://scrydex.com/pokemon/cards/toxel/sv4a_ja-64?variant=normal
65,Toxtricity #65 $0.17,https://scrydex.com/pokemon/cards/toxtricity/sv4a_ja-65?variant=holofoil,Toxtricity,ストリンダー,,https://images.scrydex.com/pokemon/sv4a_ja-65/medium,https://scrydex.com/pokemon/cards/toxtricity/sv4a_ja-65?variant=holofoil
66,Pawmi #66 $0.08,https://scrydex.com/pokemon/cards/pawmi/sv4a_ja-66?variant=normal,Pawmi,パモ,,https://images.scrydex.com/pokemon/sv4a_ja-66/medium,https://scrydex.com/pokemon/cards/pawmi/sv4a_ja-66?variant=normal
67,Pawmo #67 $0.12,https://scrydex.com/pokemon/cards/pawmo/sv4a_ja-67?variant=normal,Pawmo,パモット,,https://images.scrydex.com/pokemon/sv4a_ja-67/medium,https://scrydex.com/pokemon/cards/pawmo/sv4a_ja-67?variant=normal
68,Pawmot #68 $0.24,https://scrydex.com/pokemon/cards/pawmot/sv4a_ja-68?variant=holofoil,Pawmot,パーモット,,https://images.scrydex.com/pokemon/sv4a_ja-68/medium,https://scrydex.com/pokemon/cards/pawmot/sv4a_ja-68?variant=holofoil
69,Wattrel #69 $0.08,https://scrydex.com/pokemon/cards/wattrel/sv4a_ja-69?variant=normal,Wattrel,カイデン,,https://images.scrydex.com/pokemon/sv4a_ja-69/medium,https://scrydex.com/pokemon/cards/wattrel/sv4a_ja-69?variant=normal
70,Kilowattrel #70 $0.12,https://scrydex.com/pokemon/cards/kilowattrel/sv4a_ja-70?variant=normal,Kilowattrel,タイカイデン,,https://images.scrydex.com/pokemon/sv4a_ja-70/medium,https://scrydex.com/pokemon/cards/kilowattrel/sv4a_ja-70?variant=normal
71,Miraidon ex #71 $0.21,https://scrydex.com/pokemon/cards/miraidon-ex/sv4a_ja-71?variant=holofoil,Miraidon ex,ミライドンex,S,https://images.scrydex.com/pokemon/sv4a_ja-71/medium,https://scrydex.com/pokemon/cards/miraidon-ex/sv4a_ja-71?variant=holofoil
72,Wigglytuff #72 $0.24,https://scrydex.com/pokemon/cards/wigglytuff/sv4a_ja-72?variant=holofoil,Wigglytuff,プクリン,,https://images.scrydex.com/pokemon/sv4a_ja-72/medium,https://scrydex.com/pokemon/cards/wigglytuff/sv4a_ja-72?variant=holofoil
73,Abra #73 $0.09,https://scrydex.com/pokemon/cards/abra/sv4a_ja-73?variant=normal,Abra,ケーシィ,,https://images.scrydex.com/pokemon/sv4a_ja-73/medium,https://scrydex.com/pokemon/cards/abra/sv4a_ja-73?variant=normal
74,Kadabra #74 $0.28,https://scrydex.com/pokemon/cards/kadabra/sv4a_ja-74?variant=normal,Kadabra,ユンゲラー,,https://images.scrydex.com/pokemon/sv4a_ja-74/medium,https://scrydex.com/pokemon/cards/kadabra/sv4a_ja-74?variant=normal
75,Alakazam ex #75 $0.36,https://scrydex.com/pokemon/cards/alakazam-ex/sv4a_ja-75?variant=holofoil,Alakazam ex,フーディンex,S,https://images.scrydex.com/pokemon/sv4a_ja-75/medium,https://scrydex.com/pokemon/cards/alakazam-ex/sv4a_ja-75?variant=holofoil
76,Mew ex #76 $1.63,https://scrydex.com/pokemon/cards/mew-ex/sv4a_ja-76?variant=holofoil,Mew ex,ミュウex,S,https://images.scrydex.com/pokemon/sv4a_ja-76/medium,https://scrydex.com/pokemon/cards/mew-ex/sv4a_ja-76?variant=holofoil
77,Cleffa #77 $0.34,https://scrydex.com/pokemon/cards/cleffa/sv4a_ja-77?variant=normal,Cleffa,ピィ,,https://images.scrydex.com/pokemon/sv4a_ja-77/medium,https://scrydex.com/pokemon/cards/cleffa/sv4a_ja-77?variant=normal
78,Natu #78 $0.07,https://scrydex.com/pokemon/cards/natu/sv4a_ja-78?variant=normal,Natu,ネイティ,,https://images.scrydex.com/pokemon/sv4a_ja-78/medium,https://scrydex.com/pokemon/cards/natu/sv4a_ja-78?variant=normal
79,Xatu #79 $0.15,https://scrydex.com/pokemon/cards/xatu/sv4a_ja-79?variant=normal,Xatu,ネイティオ,,https://images.scrydex.com/pokemon/sv4a_ja-79/medium,https://scrydex.com/pokemon/cards/xatu/sv4a_ja-79?variant=normal
80,Ralts #80 $0.12,https://scrydex.com/pokemon/cards/ralts/sv4a_ja-80?variant=normal,Ralts,ラルトス,,https://images.scrydex.com/pokemon/sv4a_ja-80/medium,https://scrydex.com/pokemon/cards/ralts/sv4a_ja-80?variant=normal
81,Kirlia #81 $0.25,https://scrydex.com/pokemon/cards/kirlia/sv4a_ja-81?variant=normal,Kirlia,キルリア,,https://images.scrydex.com/pokemon/sv4a_ja-81/medium,https://scrydex.com/pokemon/cards/kirlia/sv4a_ja-81?variant=normal
82,Gardevoir ex #82 $0.29,https://scrydex.com/pokemon/cards/gardevoir-ex/sv4a_ja-82?variant=holofoil,Gardevoir ex,サーナイトex,S,https://images.scrydex.com/pokemon/sv4a_ja-82/medium,https://scrydex.com/pokemon/cards/gardevoir-ex/sv4a_ja-82?variant=holofoil
83,Drifloon #83 $0.11,https://scrydex.com/pokemon/cards/drifloon/sv4a_ja-83?variant=normal,Drifloon,フワンテ,,https://images.scrydex.com/pokemon/sv4a_ja-83/medium,https://scrydex.com/pokemon/cards/drifloon/sv4a_ja-83?variant=normal
84,Drifblim #84 $0.07,https://scrydex.com/pokemon/cards/drifblim/sv4a_ja-84?variant=normal,Drifblim,フワライド,,https://images.scrydex.com/pokemon/sv4a_ja-84/medium,https://scrydex.com/pokemon/cards/drifblim/sv4a_ja-84?variant=normal
85,Mime Jr. #85 $0.16,https://scrydex.com/pokemon/cards/mime-jr/sv4a_ja-85?variant=normal,Mime Jr.,マネネ,,https://images.scrydex.com/pokemon/sv4a_ja-85/medium,https://scrydex.com/pokemon/cards/mime-jr/sv4a_ja-85?variant=normal
86,Spiritomb #86 $0.15,https://scrydex.com/pokemon/cards/spiritomb/sv4a_ja-86?variant=holofoil,Spiritomb,ミカルゲ,,https://images.scrydex.com/pokemon/sv4a_ja-86/medium,https://scrydex.com/pokemon/cards/spiritomb/sv4a_ja-86?variant=holofoil
87,Klefki #87 $0.17,https://scrydex.com/pokemon/cards/klefki/sv4a_ja-87?variant=holofoil,Klefki,クレッフィ,,https://images.scrydex.com/pokemon/sv4a_ja-87/medium,https://scrydex.com/pokemon/cards/klefki/sv4a_ja-87?variant=holofoil
88,Mimikyu #88 $0.39,https://scrydex.com/pokemon/cards/mimikyu/sv4a_ja-88?variant=holofoil,Mimikyu,ミミッキュ,,https://images.scrydex.com/pokemon/sv4a_ja-88/medium,https://scrydex.com/pokemon/cards/mimikyu/sv4a_ja-88?variant=holofoil
89,Fidough #89 $0.14,https://scrydex.com/pokemon/cards/fidough/sv4a_ja-89?variant=normal,Fidough,パピモッチ,,https://images.scrydex.com/pokemon/sv4a_ja-89/medium,https://scrydex.com/pokemon/cards/fidough/sv4a_ja-89?variant=normal
90,Dachsbun #90 $0.15,https://scrydex.com/pokemon/cards/dachsbun/sv4a_ja-90?variant=normal,Dachsbun,バウッツェル,,https://images.scrydex.com/pokemon/sv4a_ja-90/medium,https://scrydex.com/pokemon/cards/dachsbun/sv4a_ja-90?variant=normal
91,Ceruledge #91 $0.22,https://scrydex.com/pokemon/cards/ceruledge/sv4a_ja-91?variant=holofoil,Ceruledge,ソウブレイズ,,https://images.scrydex.com/pokemon/sv4a_ja-91/medium,https://scrydex.com/pokemon/cards/ceruledge/sv4a_ja-91?variant=holofoil
92,Rabsca #92 $0.16,https://scrydex.com/pokemon/cards/rabsca/sv4a_ja-92?variant=holofoil,Rabsca,ベラカス,,https://images.scrydex.com/pokemon/sv4a_ja-92/medium,https://scrydex.com/pokemon/cards/rabsca/sv4a_ja-92?variant=holofoil
93,Flittle #93 $0.09,https://scrydex.com/pokemon/cards/flittle/sv4a_ja-93?variant=normal,Flittle,ヒラヒナ,,https://images.scrydex.com/pokemon/sv4a_ja-93/medium,https://scrydex.com/pokemon/cards/flittle/sv4a_ja-93?variant=normal
94,Tinkatink #94 $0.13,https://scrydex.com/pokemon/cards/tinkatink/sv4a_ja-94?variant=normal,Tinkatink,カヌチャン,,https://images.scrydex.com/pokemon/sv4a_ja-94/medium,https://scrydex.com/pokemon/cards/tinkatink/sv4a_ja-94?variant=normal
95,Tinkatuff #95 $0.14,https://scrydex.com/pokemon/cards/tinkatuff/sv4a_ja-95?variant=normal,Tinkatuff,ナカヌチャン,,https://images.scrydex.com/pokemon/sv4a_ja-95/medium,https://scrydex.com/pokemon/cards/tinkatuff/sv4a_ja-95?variant=normal
96,Tinkaton #96 $0.24,https://scrydex.com/pokemon/cards/tinkaton/sv4a_ja-96?variant=holofoil,Tinkaton,デカヌチャン,,https://images.scrydex.com/pokemon/sv4a_ja-96/medium,https://scrydex.com/pokemon/cards/tinkaton/sv4a_ja-96?variant=holofoil
97,Greavard #97 $0.11,https://scrydex.com/pokemon/cards/greavard/sv4a_ja-97?variant=normal,Greavard,ボチ,,https://images.scrydex.com/pokemon/sv4a_ja-97/medium,https://scrydex.com/pokemon/cards/greavard/sv4a_ja-97?variant=normal
98,Houndstone #98 $0.10,https://scrydex.com/pokemon/cards/houndstone/sv4a_ja-98?variant=holofoil,Houndstone,ハカドッグ,,https://images.scrydex.com/pokemon/sv4a_ja-98/medium,https://scrydex.com/pokemon/cards/houndstone/sv4a_ja-98?variant=holofoil
99,Gimmighoul #99 $0.10,https://scrydex.com/pokemon/cards/gimmighoul/sv4a_ja-99?variant=normal,Gimmighoul,コレクレー,,https://images.scrydex.com/pokemon/sv4a_ja-99/medium,https://scrydex.com/pokemon/cards/gimmighoul/sv4a_ja-99?variant=normal
100,Mankey #100 $0.08,https://scrydex.com/pokemon/cards/mankey/sv4a_ja-100?variant=normal,Mankey,マンキー,,https://images.scrydex.com/pokemon/sv4a_ja-100/medium,https://scrydex.com/pokemon/cards/mankey/sv4a_ja-100?variant=normal
101,Primeape #101 $0.09,https://scrydex.com/pokemon/cards/primeape/sv4a_ja-101?variant=normal,Primeape,オコリザル,,https://images.scrydex.com/pokemon/sv4a_ja-101/medium,https://scrydex.com/pokemon/cards/primeape/sv4a_ja-101?variant=normal
102,Annihilape #102 $0.11,https://scrydex.com/pokemon/cards/annihilape/sv4a_ja-102?variant=holofoil,Annihilape,コノヨザル,,https://images.scrydex.com/pokemon/sv4a_ja-102/medium,https://scrydex.com/pokemon/cards/annihilape/sv4a_ja-102?variant=holofoil
103,Paldean Tauros #103 $0.07,https://scrydex.com/pokemon/cards/paldean-tauros/sv4a_ja-103?variant=normal,Paldean Tauros,パルデア ケンタロス,,https://images.scrydex.com/pokemon/sv4a_ja-103/medium,https://scrydex.com/pokemon/cards/paldean-tauros/sv4a_ja-103?variant=normal
104,Riolu #104 $0.12,https://scrydex.com/pokemon/cards/riolu/sv4a_ja-104?variant=normal,Riolu,リオル,,https://images.scrydex.com/pokemon/sv4a_ja-104/medium,https://scrydex.com/pokemon/cards/riolu/sv4a_ja-104?variant=normal
105,Lucario #105 $0.16,https://scrydex.com/pokemon/cards/lucario/sv4a_ja-105?variant=normal,Lucario,ルカリオ,,https://images.scrydex.com/pokemon/sv4a_ja-105/medium,https://scrydex.com/pokemon/cards/lucario/sv4a_ja-105?variant=normal
106,Hawlucha #106 $0.19,https://scrydex.com/pokemon/cards/hawlucha/sv4a_ja-106?variant=holofoil,Hawlucha,ルチャブル,,https://images.scrydex.com/pokemon/sv4a_ja-106/medium,https://scrydex.com/pokemon/cards/hawlucha/sv4a_ja-106?variant=holofoil
107,Nacli #107 $0.06,https://scrydex.com/pokemon/cards/nacli/sv4a_ja-107?variant=normal,Nacli,コジオ,,https://images.scrydex.com/pokemon/sv4a_ja-107/medium,https://scrydex.com/pokemon/cards/nacli/sv4a_ja-107?variant=normal
108,Naclstack #108 $0.12,https://scrydex.com/pokemon/cards/naclstack/sv4a_ja-108?variant=normal,Naclstack,ジオヅム,,https://images.scrydex.com/pokemon/sv4a_ja-108/medium,https://scrydex.com/pokemon/cards/naclstack/sv4a_ja-108?variant=normal
109,Garganacl #109 $0.16,https://scrydex.com/pokemon/cards/garganacl/sv4a_ja-109?variant=holofoil,Garganacl,キョジオーン,,https://images.scrydex.com/pokemon/sv4a_ja-109/medium,https://scrydex.com/pokemon/cards/garganacl/sv4a_ja-109?variant=holofoil
110,Glimmet #110 $0.06,https://scrydex.com/pokemon/cards/glimmet/sv4a_ja-110?variant=normal,Glimmet,キラーメ,,https://images.scrydex.com/pokemon/sv4a_ja-110/medium,https://scrydex.com/pokemon/cards/glimmet/sv4a_ja-110?variant=normal
111,Glimmora ex #111 $0.25,https://scrydex.com/pokemon/cards/glimmora-ex/sv4a_ja-111?variant=holofoil,Glimmora ex,キラフロルex,S,https://images.scrydex.com/pokemon/sv4a_ja-111/medium,https://scrydex.com/pokemon/cards/glimmora-ex/sv4a_ja-111?variant=holofoil
112,Great Tusk ex #112 $0.22,https://scrydex.com/pokemon/cards/great-tusk-ex/sv4a_ja-112?variant=holofoil,Great Tusk ex,イダイナキバex,S,https://images.scrydex.com/pokemon/sv4a_ja-112/medium,https://scrydex.com/pokemon/cards/great-tusk-ex/sv4a_ja-112?variant=holofoil
113,Ting-Lu ex #113 $0.20,https://scrydex.com/pokemon/cards/ting-lu-ex/sv4a_ja-113?variant=holofoil,Ting-Lu ex,ディンルーex,S,https://images.scrydex.com/pokemon/sv4a_ja-113/medium,https://scrydex.com/pokemon/cards/ting-lu-ex/sv4a_ja-113?variant=holofoil
114,Koraidon ex #114 $0.23,https://scrydex.com/pokemon/cards/koraidon-ex/sv4a_ja-114?variant=holofoil,Koraidon ex,コライドンex,S,https://images.scrydex.com/pokemon/sv4a_ja-114/medium,https://scrydex.com/pokemon/cards/koraidon-ex/sv4a_ja-114?variant=holofoil
115,Charizard ex #115 $2.57,https://scrydex.com/pokemon/cards/charizard-ex/sv4a_ja-115?variant=holofoil,Charizard ex,リザードンex,S,https://images.scrydex.com/pokemon/sv4a_ja-115/medium,https://scrydex.com/pokemon/cards/charizard-ex/sv4a_ja-115?variant=holofoil
116,Paldean Wooper #116 $0.15,https://scrydex.com/pokemon/cards/paldean-wooper/sv4a_ja-116?variant=normal,Paldean Wooper,パルデア ウパー,,https://images.scrydex.com/pokemon/sv4a_ja-116/medium,https://scrydex.com/pokemon/cards/paldean-wooper/sv4a_ja-116?variant=normal
117,Paldean Clodsire ex #117 $0.26,https://scrydex.com/pokemon/cards/paldean-clodsire-ex/sv4a_ja-117?variant=holofoil,Paldean Clodsire ex,パルデア ドオーex,S,https://images.scrydex.com/pokemon/sv4a_ja-117/medium,https://scrydex.com/pokemon/cards/paldean-clodsire-ex/sv4a_ja-117?variant=holofoil
118,Murkrow #118 $0.12,https://scrydex.com/pokemon/cards/murkrow/sv4a_ja-118?variant=normal,Murkrow,ヤミカラス,,https://images.scrydex.com/pokemon/sv4a_ja-118/medium,https://scrydex.com/pokemon/cards/murkrow/sv4a_ja-118?variant=normal
119,Sneasel #119 $0.10,https://scrydex.com/pokemon/cards/sneasel/sv4a_ja-119?variant=normal,Sneasel,ニューラ,,https://images.scrydex.com/pokemon/sv4a_ja-119/medium,https://scrydex.com/pokemon/cards/sneasel/sv4a_ja-119?variant=normal
120,Weavile #120 $0.20,https://scrydex.com/pokemon/cards/weavile/sv4a_ja-120?variant=holofoil,Weavile,マニューラ,,https://images.scrydex.com/pokemon/sv4a_ja-120/medium,https://scrydex.com/pokemon/cards/weavile/sv4a_ja-120?variant=holofoil
121,Sableye #121 ¥50,https://scrydex.com/pokemon/cards/sableye/sv4a_ja-121?variant=normal,Sableye,ヤミラミ,,https://images.scrydex.com/pokemon/sv4a_ja-121/medium,https://scrydex.com/pokemon/cards/sableye/sv4a_ja-121?variant=normal
122,Pawniard #122 $0.07,https://scrydex.com/pokemon/cards/pawniard/sv4a_ja-122?variant=normal,Pawniard,コマタナ,,https://images.scrydex.com/pokemon/sv4a_ja-122/medium,https://scrydex.com/pokemon/cards/pawniard/sv4a_ja-122?variant=normal
123,Bisharp #123 $0.14,https://scrydex.com/pokemon/cards/bisharp/sv4a_ja-123?variant=normal,Bisharp,キリキザン,,https://images.scrydex.com/pokemon/sv4a_ja-123/medium,https://scrydex.com/pokemon/cards/bisharp/sv4a_ja-123?variant=normal
124,Kingambit #124 $0.17,https://scrydex.com/pokemon/cards/kingambit/sv4a_ja-124?variant=normal,Kingambit,ドドゲザン,,https://images.scrydex.com/pokemon/sv4a_ja-124/medium,https://scrydex.com/pokemon/cards/kingambit/sv4a_ja-124?variant=normal
125,Maschiff #125 $0.22,https://scrydex.com/pokemon/cards/maschiff/sv4a_ja-125?variant=normal,Maschiff,オラチフ,,https://images.scrydex.com/pokemon/sv4a_ja-125/medium,https://scrydex.com/pokemon/cards/maschiff/sv4a_ja-125?variant=normal
126,Mabosstiff #126 $0.10,https://scrydex.com/pokemon/cards/mabosstiff/sv4a_ja-126?variant=normal,Mabosstiff,マフィティフ,,https://images.scrydex.com/pokemon/sv4a_ja-126/medium,https://scrydex.com/pokemon/cards/mabosstiff/sv4a_ja-126?variant=normal
127,Shroodle #127 $0.07,https://scrydex.com/pokemon/cards/shroodle/sv4a_ja-127?variant=normal,Shroodle,シルシュルー,,https://images.scrydex.com/pokemon/sv4a_ja-127/medium,https://scrydex.com/pokemon/cards/shroodle/sv4a_ja-127?variant=normal
128,Grafaiai #128 $0.06,https://scrydex.com/pokemon/cards/grafaiai/sv4a_ja-128?variant=normal,Grafaiai,タギングル,,https://images.scrydex.com/pokemon/sv4a_ja-128/medium,https://scrydex.com/pokemon/cards/grafaiai/sv4a_ja-128?variant=normal
129,Scizor #129 $0.22,https://scrydex.com/pokemon/cards/scizor/sv4a_ja-129?variant=holofoil,Scizor,ハッサム,,https://images.scrydex.com/pokemon/sv4a_ja-129/medium,https://scrydex.com/pokemon/cards/scizor/sv4a_ja-129?variant=holofoil
130,Varoom #130 $0.10,https://scrydex.com/pokemon/cards/varoom/sv4a_ja-130?variant=normal,Varoom,ブロロン,,https://images.scrydex.com/pokemon/sv4a_ja-130/medium,https://scrydex.com/pokemon/cards/varoom/sv4a_ja-130?variant=normal
131,Revavroom #131 $0.14,https://scrydex.com/pokemon/cards/revavroom/sv4a_ja-131?variant=holofoil,Revavroom,ブロロローム,,https://images.scrydex.com/pokemon/sv4a_ja-131/medium,https://scrydex.com/pokemon/cards/revavroom/sv4a_ja-131?variant=holofoil
132,Iron Treads ex #132 $0.22,https://scrydex.com/pokemon/cards/iron-treads-ex/sv4a_ja-132?variant=holofoil,Iron Treads ex,テツノワダチex,S,https://images.scrydex.com/pokemon/sv4a_ja-132/medium,https://scrydex.com/pokemon/cards/iron-treads-ex/sv4a_ja-132?variant=holofoil
133,Gholdengo #133 $0.09,https://scrydex.com/pokemon/cards/gholdengo/sv4a_ja-133?variant=normal,Gholdengo,サーフゴー,,https://images.scrydex.com/pokemon/sv4a_ja-133/medium,https://scrydex.com/pokemon/cards/gholdengo/sv4a_ja-133?variant=normal
134,Noibat #134 $0.08,https://scrydex.com/pokemon/cards/noibat/sv4a_ja-134?variant=normal,Noibat,オンバット,,https://images.scrydex.com/pokemon/sv4a_ja-134/medium,https://scrydex.com/pokemon/cards/noibat/sv4a_ja-134?variant=normal
135,Noivern ex #135 $0.24,https://scrydex.com/pokemon/cards/noivern-ex/sv4a_ja-135?variant=holofoil,Noivern ex,オンバーンex,S,https://images.scrydex.com/pokemon/sv4a_ja-135/medium,https://scrydex.com/pokemon/cards/noivern-ex/sv4a_ja-135?variant=holofoil
136,Cyclizar #136 $0.03,https://scrydex.com/pokemon/cards/cyclizar/sv4a_ja-136?variant=normal,Cyclizar,モトトカゲ,,https://images.scrydex.com/pokemon/sv4a_ja-136/medium,https://scrydex.com/pokemon/cards/cyclizar/sv4a_ja-136?variant=normal
137,Pidgey #137 $0.08,https://scrydex.com/pokemon/cards/pidgey/sv4a_ja-137?variant=normal,Pidgey,ポッポ,,https://images.scrydex.com/pokemon/sv4a_ja-137/medium,https://scrydex.com/pokemon/cards/pidgey/sv4a_ja-137?variant=normal
138,Pidgeotto #138 $0.13,https://scrydex.com/pokemon/cards/pidgeotto/sv4a_ja-138?variant=normal,Pidgeotto,ピジョン,,https://images.scrydex.com/pokemon/sv4a_ja-138/medium,https://scrydex.com/pokemon/cards/pidgeotto/sv4a_ja-138?variant=normal
139,Pidgeot ex #139 $0.28,https://scrydex.com/pokemon/cards/pidgeot-ex/sv4a_ja-139?variant=holofoil,Pidgeot ex,ピジョットex,S,https://images.scrydex.com/pokemon/sv4a_ja-139/medium,https://scrydex.com/pokemon/cards/pidgeot-ex/sv4a_ja-139?variant=holofoil
140,Jigglypuff #140 $0.14,https://scrydex.com/pokemon/cards/jigglypuff/sv4a_ja-140?variant=normal,Jigglypuff,プリン,,https://images.scrydex.com/pokemon/sv4a_ja-140/medium,https://scrydex.com/pokemon/cards/jigglypuff/sv4a_ja-140?variant=normal
141,Wigglytuff ex #141 $0.27,https://scrydex.com/pokemon/cards/wigglytuff-ex/sv4a_ja-141?variant=holofoil,Wigglytuff ex,プクリンex,S,https://images.scrydex.com/pokemon/sv4a_ja-141/medium,https://scrydex.com/pokemon/cards/wigglytuff-ex/sv4a_ja-141?variant=holofoil
142,Doduo #142 $0.10,https://scrydex.com/pokemon/cards/doduo/sv4a_ja-142?variant=normal,Doduo,ドードー,,https://images.scrydex.com/pokemon/sv4a_ja-142/medium,https://scrydex.com/pokemon/cards/doduo/sv4a_ja-142?variant=normal
143,Dodrio #143 $0.11,https://scrydex.com/pokemon/cards/dodrio/sv4a_ja-143?variant=holofoil,Dodrio,ドードリオ,,https://images.scrydex.com/pokemon/sv4a_ja-143/medium,https://scrydex.com/pokemon/cards/dodrio/sv4a_ja-143?variant=holofoil
144,Ditto #144 $0.32,https://scrydex.com/pokemon/cards/ditto/sv4a_ja-144?variant=holofoil,Ditto,メタモン,,https://images.scrydex.com/pokemon/sv4a_ja-144/medium,https://scrydex.com/pokemon/cards/ditto/sv4a_ja-144?variant=holofoil
145,Snorlax #145 $0.18,https://scrydex.com/pokemon/cards/snorlax/sv4a_ja-145?variant=normal,Snorlax,カビゴン,,https://images.scrydex.com/pokemon/sv4a_ja-145/medium,https://scrydex.com/pokemon/cards/snorlax/sv4a_ja-145?variant=normal
146,Wingull #146 $0.07,https://scrydex.com/pokemon/cards/wingull/sv4a_ja-146?variant=normal,Wingull,キャモメ,,https://images.scrydex.com/pokemon/sv4a_ja-146/medium,https://scrydex.com/pokemon/cards/wingull/sv4a_ja-146?variant=normal
147,Pelipper #147 $0.09,https://scrydex.com/pokemon/cards/pelipper/sv4a_ja-147?variant=normal,Pelipper,ペリッパー,,https://images.scrydex.com/pokemon/sv4a_ja-147/medium,https://scrydex.com/pokemon/cards/pelipper/sv4a_ja-147?variant=normal
148,Skwovet #148 $0.22,https://scrydex.com/pokemon/cards/skwovet/sv4a_ja-148?variant=normal,Skwovet,ホシガリス,,https://images.scrydex.com/pokemon/sv4a_ja-148/medium,https://scrydex.com/pokemon/cards/skwovet/sv4a_ja-148?variant=normal
149,Greedent #149 $0.11,https://scrydex.com/pokemon/cards/greedent/sv4a_ja-149?variant=normal,Greedent,ヨクバリス,,https://images.scrydex.com/pokemon/sv4a_ja-149/medium,https://scrydex.com/pokemon/cards/greedent/sv4a_ja-149?variant=normal
150,Lechonk #150 $0.16,https://scrydex.com/pokemon/cards/lechonk/sv4a_ja-150?variant=normal,Lechonk,グルトン,,https://images.scrydex.com/pokemon/sv4a_ja-150/medium,https://scrydex.com/pokemon/cards/lechonk/sv4a_ja-150?variant=normal
151,Oinkologne #151 $0.12,https://scrydex.com/pokemon/cards/oinkologne/sv4a_ja-151?variant=normal,Oinkologne,パフュートン,,https://images.scrydex.com/pokemon/sv4a_ja-151/medium,https://scrydex.com/pokemon/cards/oinkologne/sv4a_ja-151?variant=normal
152,Tandemaus #152 $0.18,https://scrydex.com/pokemon/cards/tandemaus/sv4a_ja-152?variant=normal,Tandemaus,ワッカネズミ,,https://images.scrydex.com/pokemon/sv4a_ja-152/medium,https://scrydex.com/pokemon/cards/tandemaus/sv4a_ja-152?variant=normal
153,Maushold #153 $0.23,https://scrydex.com/pokemon/cards/maushold/sv4a_ja-153?variant=normal,Maushold,イッカネズミ,,https://images.scrydex.com/pokemon/sv4a_ja-153/medium,https://scrydex.com/pokemon/cards/maushold/sv4a_ja-153?variant=normal
154,Squawkabilly ex #154 $0.21,https://scrydex.com/pokemon/cards/squawkabilly-ex/sv4a_ja-154?variant=holofoil,Squawkabilly ex,イキリンコex,S,https://images.scrydex.com/pokemon/sv4a_ja-154/medium,https://scrydex.com/pokemon/cards/squawkabilly-ex/sv4a_ja-154?variant=holofoil
155,Flamigo #155 $0.07,https://scrydex.com/pokemon/cards/flamigo/sv4a_ja-155?variant=normal,Flamigo,カラミンゴ,,https://images.scrydex.com/pokemon/sv4a_ja-155/medium,https://scrydex.com/pokemon/cards/flamigo/sv4a_ja-155?variant=normal
156,Electric Generator #156 $0.04,https://scrydex.com/pokemon/cards/electric-generator/sv4a_ja-156?variant=normal,Electric Generator,エレキジェネレーター,,https://images.scrydex.com/pokemon/sv4a_ja-156/medium,https://scrydex.com/pokemon/cards/electric-generator/sv4a_ja-156?variant=normal
157,Superior Energy Retrieval #157 $0.10,https://scrydex.com/pokemon/cards/superior-energy-retrieval/sv4a_ja-157?variant=normal,Superior Energy Retrieval,スーパーエネルギー回収,,https://images.scrydex.com/pokemon/sv4a_ja-157/medium,https://scrydex.com/pokemon/cards/superior-energy-retrieval/sv4a_ja-157?variant=normal
158,Super Rod #158 $0.20,https://scrydex.com/pokemon/cards/super-rod/sv4a_ja-158?variant=normal,Super Rod,すごいつりざお,,https://images.scrydex.com/pokemon/sv4a_ja-158/medium,https://scrydex.com/pokemon/cards/super-rod/sv4a_ja-158?variant=normal
159,Nest Ball #159 $0.34,https://scrydex.com/pokemon/cards/nest-ball/sv4a_ja-159?variant=normal,Nest Ball,ネストボール,,https://images.scrydex.com/pokemon/sv4a_ja-159/medium,https://scrydex.com/pokemon/cards/nest-ball/sv4a_ja-159?variant=normal
160,Nemona's Backpack #160 $0.04,https://scrydex.com/pokemon/cards/nemonas-backpack/sv4a_ja-160?variant=normal,Nemona's Backpack,ネモのリュック,,https://images.scrydex.com/pokemon/sv4a_ja-160/medium,https://scrydex.com/pokemon/cards/nemonas-backpack/sv4a_ja-160?variant=normal
161,Ultra Ball #161 $0.32,https://scrydex.com/pokemon/cards/ultra-ball/sv4a_ja-161?variant=normal,Ultra Ball,ハイパーボール,,https://images.scrydex.com/pokemon/sv4a_ja-161/medium,https://scrydex.com/pokemon/cards/ultra-ball/sv4a_ja-161?variant=normal
162,Letter of Encouragement #162 $0.08,https://scrydex.com/pokemon/cards/letter-of-encouragement/sv4a_ja-162?variant=normal,Letter of Encouragement,はげましのてがみ,,https://images.scrydex.com/pokemon/sv4a_ja-162/medium,https://scrydex.com/pokemon/cards/letter-of-encouragement/sv4a_ja-162?variant=normal
163,Rare Candy #163 $0.22,https://scrydex.com/pokemon/cards/rare-candy/sv4a_ja-163?variant=normal,Rare Candy,ふしぎなアメ,,https://images.scrydex.com/pokemon/sv4a_ja-163/medium,https://scrydex.com/pokemon/cards/rare-candy/sv4a_ja-163?variant=normal
164,Rock Chestplate #164 $0.05,https://scrydex.com/pokemon/cards/rock-chestplate/sv4a_ja-164?variant=normal,Rock Chestplate,岩のむねあて,,https://images.scrydex.com/pokemon/sv4a_ja-164/medium,https://scrydex.com/pokemon/cards/rock-chestplate/sv4a_ja-164?variant=normal
165,Big Air Balloon #165 $0.05,https://scrydex.com/pokemon/cards/big-air-balloon/sv4a_ja-165?variant=normal,Big Air Balloon,大きなふうせん,,https://images.scrydex.com/pokemon/sv4a_ja-165/medium,https://scrydex.com/pokemon/cards/big-air-balloon/sv4a_ja-165?variant=normal
166,Rigid Band #166 $0.07,https://scrydex.com/pokemon/cards/rigid-band/sv4a_ja-166?variant=normal,Rigid Band,ガチガチバンド,,https://images.scrydex.com/pokemon/sv4a_ja-166/medium,https://scrydex.com/pokemon/cards/rigid-band/sv4a_ja-166?variant=normal
167,Leftovers #167 $0.06,https://scrydex.com/pokemon/cards/leftovers/sv4a_ja-167?variant=normal,Leftovers,たべのこし,,https://images.scrydex.com/pokemon/sv4a_ja-167/medium,https://scrydex.com/pokemon/cards/leftovers/sv4a_ja-167?variant=normal
168,Defiance Band #168 $0.10,https://scrydex.com/pokemon/cards/defiance-band/sv4a_ja-168?variant=normal,Defiance Band,まけんきハチマキ,,https://images.scrydex.com/pokemon/sv4a_ja-168/medium,https://scrydex.com/pokemon/cards/defiance-band/sv4a_ja-168?variant=normal
169,Bravery Charm #169 $0.11,https://scrydex.com/pokemon/cards/bravery-charm/sv4a_ja-169?variant=normal,Bravery Charm,勇気のおまもり,,https://images.scrydex.com/pokemon/sv4a_ja-169/medium,https://scrydex.com/pokemon/cards/bravery-charm/sv4a_ja-169?variant=normal
170,Technical Machine: Crisis Punch #170 $0.09,https://scrydex.com/pokemon/cards/technical-machine-crisis-punch/sv4a_ja-170?variant=normal,Technical Machine: Crisis Punch,ワザマシン かじばのいっぱつ,,https://images.scrydex.com/pokemon/sv4a_ja-170/medium,https://scrydex.com/pokemon/cards/technical-machine-crisis-punch/sv4a_ja-170?variant=normal
171,Geeta #171 $0.11,https://scrydex.com/pokemon/cards/geeta/sv4a_ja-171?variant=holofoil,Geeta,オモダカ,,https://images.scrydex.com/pokemon/sv4a_ja-171/medium,https://scrydex.com/pokemon/cards/geeta/sv4a_ja-171?variant=holofoil
172,Clavell #172 $0.04,https://scrydex.com/pokemon/cards/clavell/sv4a_ja-172?variant=normal,Clavell,クラベル,,https://images.scrydex.com/pokemon/sv4a_ja-172/medium,https://scrydex.com/pokemon/cards/clavell/sv4a_ja-172?variant=normal
173,Giovanni's Charisma #173 $0.15,https://scrydex.com/pokemon/cards/giovannis-charisma/sv4a_ja-173?variant=normal,Giovanni's Charisma,サカキのカリスマ,,https://images.scrydex.com/pokemon/sv4a_ja-173/medium,https://scrydex.com/pokemon/cards/giovannis-charisma/sv4a_ja-173?variant=normal
174,Iono #174 $0.15,https://scrydex.com/pokemon/cards/iono/sv4a_ja-174?variant=normal,Iono,ナンジャモ,,https://images.scrydex.com/pokemon/sv4a_ja-174/medium,https://scrydex.com/pokemon/cards/iono/sv4a_ja-174?variant=normal
175,Clive #175 $0.04,https://scrydex.com/pokemon/cards/clive/sv4a_ja-175?variant=normal,Clive,ネルケ,,https://images.scrydex.com/pokemon/sv4a_ja-175/medium,https://scrydex.com/pokemon/cards/clive/sv4a_ja-175?variant=normal
176,Professor's Research #176 $0.15,https://scrydex.com/pokemon/cards/professors-research/sv4a_ja-176?variant=holofoil,Professor's Research,博士の研究,,https://images.scrydex.com/pokemon/sv4a_ja-176/medium,https://scrydex.com/pokemon/cards/professors-research/sv4a_ja-176?variant=holofoil
177,Professor's Research #177 $0.12,https://scrydex.com/pokemon/cards/professors-research/sv4a_ja-177?variant=holofoil,Professor's Research,博士の研究,,https://images.scrydex.com/pokemon/sv4a_ja-177/medium,https://scrydex.com/pokemon/cards/professors-research/sv4a_ja-177?variant=holofoil
178,Paldean Student #178 $0.06,https://scrydex.com/pokemon/cards/paldean-student/sv4a_ja-178?variant=normal,Paldean Student,パルデアの学生,,https://images.scrydex.com/pokemon/sv4a_ja-178/medium,https://scrydex.com/pokemon/cards/paldean-student/sv4a_ja-178?variant=normal
179,Paldean Student #179 $0.05,https://scrydex.com/pokemon/cards/paldean-student/sv4a_ja-179?variant=normal,Paldean Student,パルデアの学生,,https://images.scrydex.com/pokemon/sv4a_ja-179/medium,https://scrydex.com/pokemon/cards/paldean-student/sv4a_ja-179?variant=normal
180,Arven #180 $0.81,https://scrydex.com/pokemon/cards/arven/sv4a_ja-180?variant=normal,Arven,ペパー,,https://images.scrydex.com/pokemon/sv4a_ja-180/medium,https://scrydex.com/pokemon/cards/arven/sv4a_ja-180?variant=normal
181,Boss's Orders #181 $0.18,https://scrydex.com/pokemon/cards/bosss-orders/sv4a_ja-181?variant=holofoil,Boss's Orders,ボスの指令,,https://images.scrydex.com/pokemon/sv4a_ja-181/medium,https://scrydex.com/pokemon/cards/bosss-orders/sv4a_ja-181?variant=holofoil
182,Penny #182 $0.10,https://scrydex.com/pokemon/cards/penny/sv4a_ja-182?variant=normal,Penny,ボタン,,https://images.scrydex.com/pokemon/sv4a_ja-182/medium,https://scrydex.com/pokemon/cards/penny/sv4a_ja-182?variant=normal
183,Town Store #183 $0.05,https://scrydex.com/pokemon/cards/town-store/sv4a_ja-183?variant=normal,Town Store,タウンデパート,,https://images.scrydex.com/pokemon/sv4a_ja-183/medium,https://scrydex.com/pokemon/cards/town-store/sv4a_ja-183?variant=normal
184,Beach Court #184 $0.04,https://scrydex.com/pokemon/cards/beach-court/sv4a_ja-184?variant=normal,Beach Court,ビーチコート,,https://images.scrydex.com/pokemon/sv4a_ja-184/medium,https://scrydex.com/pokemon/cards/beach-court/sv4a_ja-184?variant=normal
185,Artazon #185 $0.05,https://scrydex.com/pokemon/cards/artazon/sv4a_ja-185?variant=normal,Artazon,ボウルタウン,,https://images.scrydex.com/pokemon/sv4a_ja-185/medium,https://scrydex.com/pokemon/cards/artazon/sv4a_ja-185?variant=normal
186,Pokémon League Headquarters #186 $0.05,https://scrydex.com/pokemon/cards/pokmon-league-headquarters/sv4a_ja-186?variant=normal,Pokémon League Headquarters,ポケモンリーグ本部,,https://images.scrydex.com/pokemon/sv4a_ja-186/medium,https://scrydex.com/pokemon/cards/pokmon-league-headquarters/sv4a_ja-186?variant=normal
187,Practice Studio #187 $0.04,https://scrydex.com/pokemon/cards/practice-studio/sv4a_ja-187?variant=normal,Practice Studio,レッスンスタジオ,,https://images.scrydex.com/pokemon/sv4a_ja-187/medium,https://scrydex.com/pokemon/cards/practice-studio/sv4a_ja-187?variant=normal
188,Therapeutic Energy #188 $0.04,https://scrydex.com/pokemon/cards/therapeutic-energy/sv4a_ja-188?variant=normal,Therapeutic Energy,セラピーエネルギー,,https://images.scrydex.com/pokemon/sv4a_ja-188/medium,https://scrydex.com/pokemon/cards/therapeutic-energy/sv4a_ja-188?variant=normal
189,Reversal Energy #189 $0.08,https://scrydex.com/pokemon/cards/reversal-energy/sv4a_ja-189?variant=normal,Reversal Energy,リバーサルエネルギー,,https://images.scrydex.com/pokemon/sv4a_ja-189/medium,https://scrydex.com/pokemon/cards/reversal-energy/sv4a_ja-189?variant=normal
190,Luminous Energy #190 $0.19,https://scrydex.com/pokemon/cards/luminous-energy/sv4a_ja-190?variant=normal,Luminous Energy,ルミナスエネルギー,,https://images.scrydex.com/pokemon/sv4a_ja-190/medium,https://scrydex.com/pokemon/cards/luminous-energy/sv4a_ja-190?variant=normal
191,Oddish #191 $1.95,https://scrydex.com/pokemon/cards/oddish/sv4a_ja-191?variant=holofoil,Oddish,ナゾノクサ,S,https://images.scrydex.com/pokemon/sv4a_ja-191/medium,https://scrydex.com/pokemon/cards/oddish/sv4a_ja-191?variant=holofoil
192,Gloom #192 $1.49,https://scrydex.com/pokemon/cards/gloom/sv4a_ja-192?variant=holofoil,Gloom,クサイハナ,S,https://images.scrydex.com/pokemon/sv4a_ja-192/medium,https://scrydex.com/pokemon/cards/gloom/sv4a_ja-192?variant=holofoil
193,Vileplume #193 $1.74,https://scrydex.com/pokemon/cards/vileplume/sv4a_ja-193?variant=holofoil,Vileplume,ラフレシア,S,https://images.scrydex.com/pokemon/sv4a_ja-193/medium,https://scrydex.com/pokemon/cards/vileplume/sv4a_ja-193?variant=holofoil
194,Scyther #194 $2.39,https://scrydex.com/pokemon/cards/scyther/sv4a_ja-194?variant=holofoil,Scyther,ストライク,S,https://images.scrydex.com/pokemon/sv4a_ja-194/medium,https://scrydex.com/pokemon/cards/scyther/sv4a_ja-194?variant=holofoil
195,Hoppip #195 $1.58,https://scrydex.com/pokemon/cards/hoppip/sv4a_ja-195?variant=holofoil,Hoppip,ハネッコ,S,https://images.scrydex.com/pokemon/sv4a_ja-195/medium,https://scrydex.com/pokemon/cards/hoppip/sv4a_ja-195?variant=holofoil
196,Skiploom #196 $1.10,https://scrydex.com/pokemon/cards/skiploom/sv4a_ja-196?variant=holofoil,Skiploom,ポポッコ,S,https://images.scrydex.com/pokemon/sv4a_ja-196/medium,https://scrydex.com/pokemon/cards/skiploom/sv4a_ja-196?variant=holofoil
197,Jumpluff #197 $1.91,https://scrydex.com/pokemon/cards/jumpluff/sv4a_ja-197?variant=holofoil,Jumpluff,ワタッコ,S,https://images.scrydex.com/pokemon/sv4a_ja-197/medium,https://scrydex.com/pokemon/cards/jumpluff/sv4a_ja-197?variant=holofoil
198,Pineco #198 $0.94,https://scrydex.com/pokemon/cards/pineco/sv4a_ja-198?variant=holofoil,Pineco,クヌギダマ,S,https://images.scrydex.com/pokemon/sv4a_ja-198/medium,https://scrydex.com/pokemon/cards/pineco/sv4a_ja-198?variant=holofoil
199,Snover #199 $1.03,https://scrydex.com/pokemon/cards/snover/sv4a_ja-199?variant=holofoil,Snover,ユキカブリ,S,https://images.scrydex.com/pokemon/sv4a_ja-199/medium,https://scrydex.com/pokemon/cards/snover/sv4a_ja-199?variant=holofoil
200,Abomasnow #200 $1.02,https://scrydex.com/pokemon/cards/abomasnow/sv4a_ja-200?variant=holofoil,Abomasnow,ユキノオー,S,https://images.scrydex.com/pokemon/sv4a_ja-200/medium,https://scrydex.com/pokemon/cards/abomasnow/sv4a_ja-200?variant=holofoil
201,Sprigatito #201 $5.94,https://scrydex.com/pokemon/cards/sprigatito/sv4a_ja-201?variant=holofoil,Sprigatito,ニャオハ,S,https://images.scrydex.com/pokemon/sv4a_ja-201/medium,https://scrydex.com/pokemon/cards/sprigatito/sv4a_ja-201?variant=holofoil
202,Floragato #202 $1.46,https://scrydex.com/pokemon/cards/floragato/sv4a_ja-202?variant=holofoil,Floragato,ニャローテ,S,https://images.scrydex.com/pokemon/sv4a_ja-202/medium,https://scrydex.com/pokemon/cards/floragato/sv4a_ja-202?variant=holofoil
203,Smoliv #203 $1.64,https://scrydex.com/pokemon/cards/smoliv/sv4a_ja-203?variant=holofoil,Smoliv,ミニーブ,S,https://images.scrydex.com/pokemon/sv4a_ja-203/medium,https://scrydex.com/pokemon/cards/smoliv/sv4a_ja-203?variant=holofoil
204,Dolliv #204 $1.22,https://scrydex.com/pokemon/cards/dolliv/sv4a_ja-204?variant=holofoil,Dolliv,オリーニョ,S,https://images.scrydex.com/pokemon/sv4a_ja-204/medium,https://scrydex.com/pokemon/cards/dolliv/sv4a_ja-204?variant=holofoil
205,Arboliva #205 $1.02,https://scrydex.com/pokemon/cards/arboliva/sv4a_ja-205?variant=holofoil,Arboliva,オリーヴァ,S,https://images.scrydex.com/pokemon/sv4a_ja-205/medium,https://scrydex.com/pokemon/cards/arboliva/sv4a_ja-205?variant=holofoil
206,Toedscool #206 $1.08,https://scrydex.com/pokemon/cards/toedscool/sv4a_ja-206?variant=holofoil,Toedscool,ノノクラゲ,S,https://images.scrydex.com/pokemon/sv4a_ja-206/medium,https://scrydex.com/pokemon/cards/toedscool/sv4a_ja-206?variant=holofoil
207,Capsakid #207 $0.87,https://scrydex.com/pokemon/cards/capsakid/sv4a_ja-207?variant=holofoil,Capsakid,カプサイジ,S,https://images.scrydex.com/pokemon/sv4a_ja-207/medium,https://scrydex.com/pokemon/cards/capsakid/sv4a_ja-207?variant=holofoil
208,Scovillain #208 $0.79,https://scrydex.com/pokemon/cards/scovillain/sv4a_ja-208?variant=holofoil,Scovillain,スコヴィラン,S,https://images.scrydex.com/pokemon/sv4a_ja-208/medium,https://scrydex.com/pokemon/cards/scovillain/sv4a_ja-208?variant=holofoil
209,Rellor #209 $0.86,https://scrydex.com/pokemon/cards/rellor/sv4a_ja-209?variant=holofoil,Rellor,シガロコ,S,https://images.scrydex.com/pokemon/sv4a_ja-209/medium,https://scrydex.com/pokemon/cards/rellor/sv4a_ja-209?variant=holofoil
210,Charmander #210 $13.41,https://scrydex.com/pokemon/cards/charmander/sv4a_ja-210?variant=holofoil,Charmander,ヒトカゲ,S,https://images.scrydex.com/pokemon/sv4a_ja-210/medium,https://scrydex.com/pokemon/cards/charmander/sv4a_ja-210?variant=holofoil
211,Charmeleon #211 $6.72,https://scrydex.com/pokemon/cards/charmeleon/sv4a_ja-211?variant=holofoil,Charmeleon,リザード,S,https://images.scrydex.com/pokemon/sv4a_ja-211/medium,https://scrydex.com/pokemon/cards/charmeleon/sv4a_ja-211?variant=holofoil
212,Paldean Tauros #212 $1.22,https://scrydex.com/pokemon/cards/paldean-tauros/sv4a_ja-212?variant=holofoil,Paldean Tauros,パルデア ケンタロス,S,https://images.scrydex.com/pokemon/sv4a_ja-212/medium,https://scrydex.com/pokemon/cards/paldean-tauros/sv4a_ja-212?variant=holofoil
213,Entei #213 $6.05,https://scrydex.com/pokemon/cards/entei/sv4a_ja-213?variant=holofoil,Entei,エンテイ,S,https://images.scrydex.com/pokemon/sv4a_ja-213/medium,https://scrydex.com/pokemon/cards/entei/sv4a_ja-213?variant=holofoil
214,Oricorio #214 $1.28,https://scrydex.com/pokemon/cards/oricorio/sv4a_ja-214?variant=holofoil,Oricorio,オドリドリ,S,https://images.scrydex.com/pokemon/sv4a_ja-214/medium,https://scrydex.com/pokemon/cards/oricorio/sv4a_ja-214?variant=holofoil
215,Fuecoco #215 $2.02,https://scrydex.com/pokemon/cards/fuecoco/sv4a_ja-215?variant=holofoil,Fuecoco,ホゲータ,S,https://images.scrydex.com/pokemon/sv4a_ja-215/medium,https://scrydex.com/pokemon/cards/fuecoco/sv4a_ja-215?variant=holofoil
216,Crocalor #216 $1.18,https://scrydex.com/pokemon/cards/crocalor/sv4a_ja-216?variant=holofoil,Crocalor,アチゲータ,S,https://images.scrydex.com/pokemon/sv4a_ja-216/medium,https://scrydex.com/pokemon/cards/crocalor/sv4a_ja-216?variant=holofoil
217,Charcadet #217 $1.77,https://scrydex.com/pokemon/cards/charcadet/sv4a_ja-217?variant=holofoil,Charcadet,カルボウ,S,https://images.scrydex.com/pokemon/sv4a_ja-217/medium,https://scrydex.com/pokemon/cards/charcadet/sv4a_ja-217?variant=holofoil
218,Armarouge #218 $1.94,https://scrydex.com/pokemon/cards/armarouge/sv4a_ja-218?variant=holofoil,Armarouge,グレンアルマ,S,https://images.scrydex.com/pokemon/sv4a_ja-218/medium,https://scrydex.com/pokemon/cards/armarouge/sv4a_ja-218?variant=holofoil
219,Slowpoke #219 $8.54,https://scrydex.com/pokemon/cards/slowpoke/sv4a_ja-219?variant=holofoil,Slowpoke,ヤドン,S,https://images.scrydex.com/pokemon/sv4a_ja-219/medium,https://scrydex.com/pokemon/cards/slowpoke/sv4a_ja-219?variant=holofoil
220,Slowbro #220 $4.64,https://scrydex.com/pokemon/cards/slowbro/sv4a_ja-220?variant=holofoil,Slowbro,ヤドラン,S,https://images.scrydex.com/pokemon/sv4a_ja-220/medium,https://scrydex.com/pokemon/cards/slowbro/sv4a_ja-220?variant=holofoil
221,Staryu #221 $1.68,https://scrydex.com/pokemon/cards/staryu/sv4a_ja-221?variant=holofoil,Staryu,ヒトデマン,S,https://images.scrydex.com/pokemon/sv4a_ja-221/medium,https://scrydex.com/pokemon/cards/staryu/sv4a_ja-221?variant=holofoil
222,Starmie #222 $1.71,https://scrydex.com/pokemon/cards/starmie/sv4a_ja-222?variant=holofoil,Starmie,スターミー,S,https://images.scrydex.com/pokemon/sv4a_ja-222/medium,https://scrydex.com/pokemon/cards/starmie/sv4a_ja-222?variant=holofoil
223,Paldean Tauros #223 $1.30,https://scrydex.com/pokemon/cards/paldean-tauros/sv4a_ja-223?variant=holofoil,Paldean Tauros,パルデア ケンタロス,S,https://images.scrydex.com/pokemon/sv4a_ja-223/medium,https://scrydex.com/pokemon/cards/paldean-tauros/sv4a_ja-223?variant=holofoil
224,Quaxly #224 $0.91,https://scrydex.com/pokemon/cards/quaxly/sv4a_ja-224?variant=holofoil,Quaxly,クワッス,S,https://images.scrydex.com/pokemon/sv4a_ja-224/medium,https://scrydex.com/pokemon/cards/quaxly/sv4a_ja-224?variant=holofoil
225,Quaxwell #225 $0.92,https://scrydex.com/pokemon/cards/quaxwell/sv4a_ja-225?variant=holofoil,Quaxwell,ウェルカモ,S,https://images.scrydex.com/pokemon/sv4a_ja-225/medium,https://scrydex.com/pokemon/cards/quaxwell/sv4a_ja-225?variant=holofoil
226,Wiglett #226 $1.41,https://scrydex.com/pokemon/cards/wiglett/sv4a_ja-226?variant=holofoil,Wiglett,ウミディグダ,S,https://images.scrydex.com/pokemon/sv4a_ja-226/medium,https://scrydex.com/pokemon/cards/wiglett/sv4a_ja-226?variant=holofoil
227,Wugtrio #227 $1.25,https://scrydex.com/pokemon/cards/wugtrio/sv4a_ja-227?variant=holofoil,Wugtrio,ウミトリオ,S,https://images.scrydex.com/pokemon/sv4a_ja-227/medium,https://scrydex.com/pokemon/cards/wugtrio/sv4a_ja-227?variant=holofoil
228,Finizen #228 $1.47,https://scrydex.com/pokemon/cards/finizen/sv4a_ja-228?variant=holofoil,Finizen,ナミイルカ,S,https://images.scrydex.com/pokemon/sv4a_ja-228/medium,https://scrydex.com/pokemon/cards/finizen/sv4a_ja-228?variant=holofoil
229,Palafin #229 $1.16,https://scrydex.com/pokemon/cards/palafin/sv4a_ja-229?variant=holofoil,Palafin,イルカマン,S,https://images.scrydex.com/pokemon/sv4a_ja-229/medium,https://scrydex.com/pokemon/cards/palafin/sv4a_ja-229?variant=holofoil
230,Veluza #230 $0.84,https://scrydex.com/pokemon/cards/veluza/sv4a_ja-230?variant=holofoil,Veluza,ミガルーサ,S,https://images.scrydex.com/pokemon/sv4a_ja-230/medium,https://scrydex.com/pokemon/cards/veluza/sv4a_ja-230?variant=holofoil
231,Dondozo #231 $1.04,https://scrydex.com/pokemon/cards/dondozo/sv4a_ja-231?variant=holofoil,Dondozo,ヘイラッシャ,S,https://images.scrydex.com/pokemon/sv4a_ja-231/medium,https://scrydex.com/pokemon/cards/dondozo/sv4a_ja-231?variant=holofoil
232,Tatsugiri #232 $2.54,https://scrydex.com/pokemon/cards/tatsugiri/sv4a_ja-232?variant=holofoil,Tatsugiri,シャリタツ,S,https://images.scrydex.com/pokemon/sv4a_ja-232/medium,https://scrydex.com/pokemon/cards/tatsugiri/sv4a_ja-232?variant=holofoil
233,Frigibax #233 $1.27,https://scrydex.com/pokemon/cards/frigibax/sv4a_ja-233?variant=holofoil,Frigibax,セビエ,S,https://images.scrydex.com/pokemon/sv4a_ja-233/medium,https://scrydex.com/pokemon/cards/frigibax/sv4a_ja-233?variant=holofoil
234,Arctibax #234 $1.06,https://scrydex.com/pokemon/cards/arctibax/sv4a_ja-234?variant=holofoil,Arctibax,セゴール,S,https://images.scrydex.com/pokemon/sv4a_ja-234/medium,https://scrydex.com/pokemon/cards/arctibax/sv4a_ja-234?variant=holofoil
235,Baxcalibur #235 $1.37,https://scrydex.com/pokemon/cards/baxcalibur/sv4a_ja-235?variant=holofoil,Baxcalibur,セグレイブ,S,https://images.scrydex.com/pokemon/sv4a_ja-235/medium,https://scrydex.com/pokemon/cards/baxcalibur/sv4a_ja-235?variant=holofoil
236,Pikachu #236 $47.87,https://scrydex.com/pokemon/cards/pikachu/sv4a_ja-236?variant=holofoil,Pikachu,ピカチュウ,S,https://images.scrydex.com/pokemon/sv4a_ja-236/medium,https://scrydex.com/pokemon/cards/pikachu/sv4a_ja-236?variant=holofoil
237,Raichu #237 $8.62,https://scrydex.com/pokemon/cards/raichu/sv4a_ja-237?variant=holofoil,Raichu,ライチュウ,S,https://images.scrydex.com/pokemon/sv4a_ja-237/medium,https://scrydex.com/pokemon/cards/raichu/sv4a_ja-237?variant=holofoil
238,Voltorb #238 $1.40,https://scrydex.com/pokemon/cards/voltorb/sv4a_ja-238?variant=holofoil,Voltorb,ビリリダマ,S,https://images.scrydex.com/pokemon/sv4a_ja-238/medium,https://scrydex.com/pokemon/cards/voltorb/sv4a_ja-238?variant=holofoil
239,Electrode #239 $1.41,https://scrydex.com/pokemon/cards/electrode/sv4a_ja-239?variant=holofoil,Electrode,マルマイン,S,https://images.scrydex.com/pokemon/sv4a_ja-239/medium,https://scrydex.com/pokemon/cards/electrode/sv4a_ja-239?variant=holofoil
240,Shinx #240 $4.02,https://scrydex.com/pokemon/cards/shinx/sv4a_ja-240?variant=holofoil,Shinx,コリンク,S,https://images.scrydex.com/pokemon/sv4a_ja-240/medium,https://scrydex.com/pokemon/cards/shinx/sv4a_ja-240?variant=holofoil
241,Luxio #241 $2.03,https://scrydex.com/pokemon/cards/luxio/sv4a_ja-241?variant=holofoil,Luxio,ルクシオ,S,https://images.scrydex.com/pokemon/sv4a_ja-241/medium,https://scrydex.com/pokemon/cards/luxio/sv4a_ja-241?variant=holofoil
242,Luxray #242 $3.58,https://scrydex.com/pokemon/cards/luxray/sv4a_ja-242?variant=holofoil,Luxray,レントラー,S,https://images.scrydex.com/pokemon/sv4a_ja-242/medium,https://scrydex.com/pokemon/cards/luxray/sv4a_ja-242?variant=holofoil
243,Pachirisu #243 $3.13,https://scrydex.com/pokemon/cards/pachirisu/sv4a_ja-243?variant=holofoil,Pachirisu,パチリス,S,https://images.scrydex.com/pokemon/sv4a_ja-243/medium,https://scrydex.com/pokemon/cards/pachirisu/sv4a_ja-243?variant=holofoil
244,Thundurus #244 $1.23,https://scrydex.com/pokemon/cards/thundurus/sv4a_ja-244?variant=holofoil,Thundurus,ボルトロス,S,https://images.scrydex.com/pokemon/sv4a_ja-244/medium,https://scrydex.com/pokemon/cards/thundurus/sv4a_ja-244?variant=holofoil
245,Toxel #245 $1.13,https://scrydex.com/pokemon/cards/toxel/sv4a_ja-245?variant=holofoil,Toxel,エレズン,S,https://images.scrydex.com/pokemon/sv4a_ja-245/medium,https://scrydex.com/pokemon/cards/toxel/sv4a_ja-245?variant=holofoil
246,Toxtricity #246 $1.04,https://scrydex.com/pokemon/cards/toxtricity/sv4a_ja-246?variant=holofoil,Toxtricity,ストリンダー,S,https://images.scrydex.com/pokemon/sv4a_ja-246/medium,https://scrydex.com/pokemon/cards/toxtricity/sv4a_ja-246?variant=holofoil
247,Pawmi #247 $1.21,https://scrydex.com/pokemon/cards/pawmi/sv4a_ja-247?variant=holofoil,Pawmi,パモ,S,https://images.scrydex.com/pokemon/sv4a_ja-247/medium,https://scrydex.com/pokemon/cards/pawmi/sv4a_ja-247?variant=holofoil
248,Pawmo #248 $1.39,https://scrydex.com/pokemon/cards/pawmo/sv4a_ja-248?variant=holofoil,Pawmo,パモット,S,https://images.scrydex.com/pokemon/sv4a_ja-248/medium,https://scrydex.com/pokemon/cards/pawmo/sv4a_ja-248?variant=holofoil
249,Pawmot #249 $1.54,https://scrydex.com/pokemon/cards/pawmot/sv4a_ja-249?variant=holofoil,Pawmot,パーモット,S,https://images.scrydex.com/pokemon/sv4a_ja-249/medium,https://scrydex.com/pokemon/cards/pawmot/sv4a_ja-249?variant=holofoil
250,Wattrel #250 $0.96,https://scrydex.com/pokemon/cards/wattrel/sv4a_ja-250?variant=holofoil,Wattrel,カイデン,S,https://images.scrydex.com/pokemon/sv4a_ja-250/medium,https://scrydex.com/pokemon/cards/wattrel/sv4a_ja-250?variant=holofoil
