set_code,set_name,card_number,db_name,db_rarity,db_image_url,scrydex_id,scrydex_set_url
SV4a,シャイニートレジャーex,251,タイカイデン,,"https://images.scrydex.com/magicthegathering/HOB-251/small"",""medium"":""https://images.scrydex.com/magicthegathering/HOB-251/medium"",""large"":""https://images.scrydex.com/magicthegathering/HOB-251/large""}],""rulings"":[],""printings"":[""HOB""],""availability"":[""arena"",""mtgo"",""paper""],""expansion"":{""id"":""HOB"",""name"":""The",sv4a_ja,https://scrydex.com/pokemon/expansions/shiny-treasure-ex/sv4a_ja
SV4a,シャイニートレジャーex,252,プクリン,,"https://images.scrydex.com/magicthegathering/HOB-252/small"",""medium"":""https://images.scrydex.com/magicthegathering/HOB-252/medium"",""large"":""https://images.scrydex.com/magicthegathering/HOB-252/large""}],""rulings"":[],""printings"":[""HOB""],""availability"":[""arena"",""mtgo"",""paper""],""expansion"":{""id"":""HOB"",""name"":""The",sv4a_ja,https://scrydex.com/pokemon/expansions/shiny-treasure-ex/sv4a_ja
SV4a,シャイニートレジャーex,253,ケーシィ,,"https://images.scrydex.com/magicthegathering/HOB-253/small"",""medium"":""https://images.scrydex.com/magicthegathering/HOB-253/medium"",""large"":""https://images.scrydex.com/magicthegathering/HOB-253/large""}],""rulings"":[],""printings"":[""HOB""],""availability"":[""arena"",""mtgo"",""paper""],""expansion"":{""id"":""HOB"",""name"":""The",sv4a_ja,https://scrydex.com/pokemon/expansions/shiny-treasure-ex/sv4a_ja
SV4a,シャイニートレジャーex,254,ユンゲラー,,"https://images.scrydex.com/magicthegathering/HOB-254/small"",""medium"":""https://images.scrydex.com/magicthegathering/HOB-254/medium"",""large"":""https://images.scrydex.com/magicthegathering/HOB-254/large""}],""rulings"":[],""printings"":[""HOB"",""PW26""],""availability"":[""arena"",""mtgo"",""paper""],""expansion"":{""id"":""HOB"",""name"":""The",sv4a_ja,https://scrydex.com/pokemon/expansions/shiny-treasure-ex/sv4a_ja
SV4a,シャイニートレジャーex,255,ピィ,,"https://images.scrydex.com/magicthegathering/HOB-255/small"",""medium"":""https://images.scrydex.com/magicthegathering/HOB-255/medium"",""large"":""https://images.scrydex.com/magicthegathering/HOB-255/large""}],""rulings"":[],""printings"":[""HOB""],""availability"":[""arena"",""mtgo"",""paper""],""expansion"":{""id"":""HOB"",""name"":""The",sv4a_ja,https://scrydex.com/pokemon/expansions/shiny-treasure-ex/sv4a_ja
SV4a,シャイニートレジャーex,256,ネイティ,,"https://images.scrydex.com/magicthegathering/HOB-256/small"",""medium"":""https://images.scrydex.com/magicthegathering/HOB-256/medium"",""large"":""https://images.scrydex.com/magicthegathering/HOB-256/large""}],""rulings"":[],""printings"":[""HOB""],""availability"":[""arena"",""mtgo"",""paper""],""expansion"":{""id"":""HOB"",""name"":""The",sv4a_ja,https://scrydex.com/pokemon/expansions/shiny-treasure-ex/sv4a_ja
SV4a,シャイニートレジャーex,257,ネイティオ,,"https://images.scrydex.com/magicthegathering/HOB-257/small"",""medium"":""https://images.scrydex.com/magicthegathering/HOB-257/medium"",""large"":""https://images.scrydex.com/magicthegathering/HOB-257/large""}],""rulings"":[],""printings"":[""HOB""],""availability"":[""arena"",""mtgo"",""paper""],""expansion"":{""id"":""HOB"",""name"":""The",sv4a_ja,https://scrydex.com/pokemon/expansions/shiny-treasure-ex/sv4a_ja
SV4a,シャイニートレジャーex,258,ラルトス,,"https://images.scrydex.com/magicthegathering/HOB-258/small"",""medium"":""https://images.scrydex.com/magicthegathering/HOB-258/medium"",""large"":""https://images.scrydex.com/magicthegathering/HOB-258/large""}],""rulings"":[],""printings"":[""HOB""],""availability"":[""arena"",""mtgo"",""paper""],""expansion"":{""id"":""HOB"",""name"":""The",sv4a_ja,https://scrydex.com/pokemon/expansions/shiny-treasure-ex/sv4a_ja
SV4a,シャイニートレジャーex,259,キルリア,,"https://images.scrydex.com/magicthegathering/HOB-259/small"",""medium"":""https://images.scrydex.com/magicthegathering/HOB-259/medium"",""large"":""https://images.scrydex.com/magicthegathering/HOB-259/large""}],""rulings"":[],""printings"":[""HOB""],""availability"":[""arena"",""mtgo"",""paper""],""expansion"":{""id"":""HOB"",""name"":""The",sv4a_ja,https://scrydex.com/pokemon/expansions/shiny-treasure-ex/sv4a_ja
SV4a,シャイニートレジャーex,260,フワンテ,,"https://images.scrydex.com/magicthegathering/HOB-260/small"",""medium"":""https://images.scrydex.com/magicthegathering/HOB-260/medium"",""large"":""https://images.scrydex.com/magicthegathering/HOB-260/large""}],""rulings"":[],""printings"":[""HOB""],""availability"":[""arena"",""mtgo"",""paper""],""expansion"":{""id"":""HOB"",""name"":""The",sv4a_ja,https://scrydex.com/pokemon/expansions/shiny-treasure-ex/sv4a_ja
SV4a,シャイニートレジャーex,261,フワライド,,"https://images.scrydex.com/magicthegathering/HOB-261/small"",""medium"":""https://images.scrydex.com/magicthegathering/HOB-261/medium"",""large"":""https://images.scrydex.com/magicthegathering/HOB-261/large""}],""rulings"":[],""printings"":[""HOB""],""availability"":[""arena"",""mtgo"",""paper""],""expansion"":{""id"":""HOB"",""name"":""The",sv4a_ja,https://scrydex.com/pokemon/expansions/shiny-treasure-ex/sv4a_ja
SV4a,シャイニートレジャーex,262,マネネ,,"https://images.scrydex.com/magicthegathering/HOB-262/small"",""medium"":""https://images.scrydex.com/magicthegathering/HOB-262/medium"",""large"":""https://images.scrydex.com/magicthegathering/HOB-262/large""}],""rulings"":[],""printings"":[""HOB""],""availability"":[""arena"",""mtgo"",""paper""],""expansion"":{""id"":""HOB"",""name"":""The",sv4a_ja,https://scrydex.com/pokemon/expansions/shiny-treasure-ex/sv4a_ja
SV4a,シャイニートレジャーex,263,ミカルゲ,,"https://images.scrydex.com/magicthegathering/HOB-263/small"",""medium"":""https://images.scrydex.com/magicthegathering/HOB-263/medium"",""large"":""https://images.scrydex.com/magicthegathering/HOB-263/large""}],""rulings"":[],""printings"":[""HOB""],""availability"":[""arena"",""mtgo"",""paper""],""expansion"":{""id"":""HOB"",""name"":""The",sv4a_ja,https://scrydex.com/pokemon/expansions/shiny-treasure-ex/sv4a_ja
SV4a,シャイニートレジャーex,264,クレッフィ,,"https://images.scrydex.com/pokemon/swsh8-264/small"",""medium"":""https://images.scrydex.com/pokemon/swsh8-264/medium"",""large"":""https://images.scrydex.com/pokemon/swsh8-264/large""}],""expansion"":{""id"":""swsh8"",""name"":""Fusion",sv4a_ja,https://scrydex.com/pokemon/expansions/shiny-treasure-ex/sv4a_ja
SV4a,シャイニートレジャーex,265,ミミッキュ,,"https://images.scrydex.com/magicthegathering/HOB-265/small"",""medium"":""https://images.scrydex.com/magicthegathering/HOB-265/medium"",""large"":""https://images.scrydex.com/magicthegathering/HOB-265/large""}],""rulings"":[],""printings"":[""HOB""],""availability"":[""arena"",""mtgo"",""paper""],""expansion"":{""id"":""HOB"",""name"":""The",sv4a_ja,https://scrydex.com/pokemon/expansions/shiny-treasure-ex/sv4a_ja
SV4a,シャイニートレジャーex,266,パピモッチ,,"https://images.scrydex.com/magicthegathering/HOB-266/small"",""medium"":""https://images.scrydex.com/magicthegathering/HOB-266/medium"",""large"":""https://images.scrydex.com/magicthegathering/HOB-266/large""}],""rulings"":[],""printings"":[""HOB""],""availability"":[""arena"",""mtgo"",""paper""],""expansion"":{""id"":""HOB"",""name"":""The",sv4a_ja,https://scrydex.com/pokemon/expansions/shiny-treasure-ex/sv4a_ja
SV4a,シャイニートレジャーex,267,バウッツェル,,"https://images.scrydex.com/magicthegathering/HOB-267/small"",""medium"":""https://images.scrydex.com/magicthegathering/HOB-267/medium"",""large"":""https://images.scrydex.com/magicthegathering/HOB-267/large""}],""rulings"":[],""printings"":[""HOB""],""availability"":[""arena"",""mtgo"",""paper""],""expansion"":{""id"":""HOB"",""name"":""The",sv4a_ja,https://scrydex.com/pokemon/expansions/shiny-treasure-ex/sv4a_ja
SV4a,シャイニートレジャーex,268,ソウブレイズ,,"https://images.scrydex.com/magicthegathering/HOB-268/small"",""medium"":""https://images.scrydex.com/magicthegathering/HOB-268/medium"",""large"":""https://images.scrydex.com/magicthegathering/HOB-268/large""}],""rulings"":[],""printings"":[""HOB""],""availability"":[""arena"",""mtgo"",""paper""],""expansion"":{""id"":""HOB"",""name"":""The",sv4a_ja,https://scrydex.com/pokemon/expansions/shiny-treasure-ex/sv4a_ja
SV4a,シャイニートレジャーex,269,ベラカス,,"https://images.scrydex.com/magicthegathering/HOB-269/small"",""medium"":""https://images.scrydex.com/magicthegathering/HOB-269/medium"",""large"":""https://images.scrydex.com/magicthegathering/HOB-269/large""}],""rulings"":[],""printings"":[""HOB""],""availability"":[""arena"",""mtgo"",""paper""],""expansion"":{""id"":""HOB"",""name"":""The",sv4a_ja,https://scrydex.com/pokemon/expansions/shiny-treasure-ex/sv4a_ja
SV4a,シャイニートレジャーex,270,ヒラヒナ,,"https://images.scrydex.com/magicthegathering/HOB-270/small"",""medium"":""https://images.scrydex.com/magicthegathering/HOB-270/medium"",""large"":""https://images.scrydex.com/magicthegathering/HOB-270/large""}],""rulings"":[],""printings"":[""HOB""],""availability"":[""arena"",""mtgo"",""paper""],""expansion"":{""id"":""HOB"",""name"":""The",sv4a_ja,https://scrydex.com/pokemon/expansions/shiny-treasure-ex/sv4a_ja
SV4a,シャイニートレジャーex,271,カヌチャン,,"https://images.scrydex.com/magicthegathering/HOB-271/small"",""medium"":""https://images.scrydex.com/magicthegathering/HOB-271/medium"",""large"":""https://images.scrydex.com/magicthegathering/HOB-271/large""}],""rulings"":[],""printings"":[""HOB""],""availability"":[""arena"",""mtgo"",""paper""],""expansion"":{""id"":""HOB"",""name"":""The",sv4a_ja,https://scrydex.com/pokemon/expansions/shiny-treasure-ex/sv4a_ja
SV4a,シャイニートレジャーex,272,ナカヌチャン,,"https://images.scrydex.com/magicthegathering/HOB-272/small"",""medium"":""https://images.scrydex.com/magicthegathering/HOB-272/medium"",""large"":""https://images.scrydex.com/magicthegathering/HOB-272/large""}],""rulings"":[],""printings"":[""HOB""],""availability"":[""arena"",""mtgo"",""paper""],""expansion"":{""id"":""HOB"",""name"":""The",sv4a_ja,https://scrydex.com/pokemon/expansions/shiny-treasure-ex/sv4a_ja
SV4a,シャイニートレジャーex,273,デカヌチャン,,"https://images.scrydex.com/magicthegathering/HOB-273/small"",""medium"":""https://images.scrydex.com/magicthegathering/HOB-273/medium"",""large"":""https://images.scrydex.com/magicthegathering/HOB-273/large""}],""rulings"":[],""printings"":[""HOB""],""availability"":[""arena"",""mtgo"",""paper""],""expansion"":{""id"":""HOB"",""name"":""The",sv4a_ja,https://scrydex.com/pokemon/expansions/shiny-treasure-ex/sv4a_ja
SV4a,シャイニートレジャーex,274,ボチ,,"https://images.scrydex.com/magicthegathering/HOB-274/small"",""medium"":""https://images.scrydex.com/magicthegathering/HOB-274/medium"",""large"":""https://images.scrydex.com/magicthegathering/HOB-274/large""}],""rulings"":[],""printings"":[""HOB""],""availability"":[""arena"",""mtgo"",""paper""],""expansion"":{""id"":""HOB"",""name"":""The",sv4a_ja,https://scrydex.com/pokemon/expansions/shiny-treasure-ex/sv4a_ja
SV4a,シャイニートレジャーex,275,ハカドッグ,,"https://images.scrydex.com/magicthegathering/HOB-275/small"",""medium"":""https://images.scrydex.com/magicthegathering/HOB-275/medium"",""large"":""https://images.scrydex.com/magicthegathering/HOB-275/large""}],""rulings"":[],""printings"":[""HOB""],""availability"":[""arena"",""mtgo"",""paper""],""expansion"":{""id"":""HOB"",""name"":""The",sv4a_ja,https://scrydex.com/pokemon/expansions/shiny-treasure-ex/sv4a_ja
SV4a,シャイニートレジャーex,276,マンキー,,"https://images.scrydex.com/magicthegathering/HOB-276/small"",""medium"":""https://images.scrydex.com/magicthegathering/HOB-276/medium"",""large"":""https://images.scrydex.com/magicthegathering/HOB-276/large""}],""rulings"":[],""printings"":[""HOB""],""availability"":[""arena"",""mtgo"",""paper""],""expansion"":{""id"":""HOB"",""name"":""The",sv4a_ja,https://scrydex.com/pokemon/expansions/shiny-treasure-ex/sv4a_ja
SV4a,シャイニートレジャーex,277,オコリザル,,"https://images.scrydex.com/magicthegathering/HOB-277/small"",""medium"":""https://images.scrydex.com/magicthegathering/HOB-277/medium"",""large"":""https://images.scrydex.com/magicthegathering/HOB-277/large""}],""rulings"":[],""printings"":[""HOB""],""availability"":[""arena"",""mtgo"",""paper""],""expansion"":{""id"":""HOB"",""name"":""The",sv4a_ja,https://scrydex.com/pokemon/expansions/shiny-treasure-ex/sv4a_ja
SV4a,シャイニートレジャーex,278,コノヨザル,,"https://images.scrydex.com/magicthegathering/HOB-278/small"",""medium"":""https://images.scrydex.com/magicthegathering/HOB-278/medium"",""large"":""https://images.scrydex.com/magicthegathering/HOB-278/large""}],""rulings"":[],""printings"":[""HOB""],""availability"":[""arena"",""mtgo"",""paper""],""expansion"":{""id"":""HOB"",""name"":""The",sv4a_ja,https://scrydex.com/pokemon/expansions/shiny-treasure-ex/sv4a_ja
SV4a,シャイニートレジャーex,279,パルデア ケンタロス,,"https://images.scrydex.com/magicthegathering/HOB-279/small"",""medium"":""https://images.scrydex.com/magicthegathering/HOB-279/medium"",""large"":""https://images.scrydex.com/magicthegathering/HOB-279/large""}],""rulings"":[],""printings"":[""HOB""],""availability"":[""arena"",""mtgo"",""paper""],""expansion"":{""id"":""HOB"",""name"":""The",sv4a_ja,https://scrydex.com/pokemon/expansions/shiny-treasure-ex/sv4a_ja
SV4a,シャイニートレジャーex,280,リオル,,"https://images.scrydex.com/magicthegathering/HOB-280/small"",""medium"":""https://images.scrydex.com/magicthegathering/HOB-280/medium"",""large"":""https://images.scrydex.com/magicthegathering/HOB-280/large""}],""rulings"":[],""printings"":[""HOB""],""availability"":[""arena"",""mtgo"",""paper""],""expansion"":{""id"":""HOB"",""name"":""The",sv4a_ja,https://scrydex.com/pokemon/expansions/shiny-treasure-ex/sv4a_ja
SV4a,シャイニートレジャーex,281,ルカリオ,,"https://images.scrydex.com/magicthegathering/HOB-281/small"",""medium"":""https://images.scrydex.com/magicthegathering/HOB-281/medium"",""large"":""https://images.scrydex.com/magicthegathering/HOB-281/large""}],""rulings"":[],""printings"":[""HOB""],""availability"":[""arena"",""mtgo"",""paper""],""expansion"":{""id"":""HOB"",""name"":""The",sv4a_ja,https://scrydex.com/pokemon/expansions/shiny-treasure-ex/sv4a_ja
SV4a,シャイニートレジャーex,282,ルチャブル,,"https://images.scrydex.com/magicthegathering/HOB-282/small"",""medium"":""https://images.scrydex.com/magicthegathering/HOB-282/medium"",""large"":""https://images.scrydex.com/magicthegathering/HOB-282/large""}],""rulings"":[],""printings"":[""HOB""],""availability"":[""arena"",""mtgo"",""paper""],""expansion"":{""id"":""HOB"",""name"":""The",sv4a_ja,https://scrydex.com/pokemon/expansions/shiny-treasure-ex/sv4a_ja
SV4a,シャイニートレジャーex,283,コジオ,,"https://images.scrydex.com/magicthegathering/HOB-283/small"",""medium"":""https://images.scrydex.com/magicthegathering/HOB-283/medium"",""large"":""https://images.scrydex.com/magicthegathering/HOB-283/large""}],""rulings"":[],""printings"":[""HOB""],""availability"":[""arena"",""mtgo"",""paper""],""expansion"":{""id"":""HOB"",""name"":""The",sv4a_ja,https://scrydex.com/pokemon/expansions/shiny-treasure-ex/sv4a_ja
SV4a,シャイニートレジャーex,284,ジオヅム,,"https://images.scrydex.com/magicthegathering/HOB-284/small"",""medium"":""https://images.scrydex.com/magicthegathering/HOB-284/medium"",""large"":""https://images.scrydex.com/magicthegathering/HOB-284/large""}],""rulings"":[],""printings"":[""HOB""],""availability"":[""arena"",""mtgo"",""paper""],""expansion"":{""id"":""HOB"",""name"":""The",sv4a_ja,https://scrydex.com/pokemon/expansions/shiny-treasure-ex/sv4a_ja
SV4a,シャイニートレジャーex,285,キョジオーン,,"https://images.scrydex.com/magicthegathering/HOB-285/small"",""medium"":""https://images.scrydex.com/magicthegathering/HOB-285/medium"",""large"":""https://images.scrydex.com/magicthegathering/HOB-285/large""}],""rulings"":[],""printings"":[""HOB""],""availability"":[""arena"",""mtgo"",""paper""],""expansion"":{""id"":""HOB"",""name"":""The",sv4a_ja,https://scrydex.com/pokemon/expansions/shiny-treasure-ex/sv4a_ja
SV4a,シャイニートレジャーex,286,キラーメ,,"https://images.scrydex.com/magicthegathering/HOB-286/small"",""medium"":""https://images.scrydex.com/magicthegathering/HOB-286/medium"",""large"":""https://images.scrydex.com/magicthegathering/HOB-286/large""}],""rulings"":[],""printings"":[""HOB""],""availability"":[""arena"",""mtgo"",""paper""],""expansion"":{""id"":""HOB"",""name"":""The",sv4a_ja,https://scrydex.com/pokemon/expansions/shiny-treasure-ex/sv4a_ja
SV4a,シャイニートレジャーex,287,パルデア ウパー,,"https://images.scrydex.com/magicthegathering/HOB-287/small"",""medium"":""https://images.scrydex.com/magicthegathering/HOB-287/medium"",""large"":""https://images.scrydex.com/magicthegathering/HOB-287/large""}],""rulings"":[],""printings"":[""HOB""],""availability"":[""arena"",""mtgo"",""paper""],""expansion"":{""id"":""HOB"",""name"":""The",sv4a_ja,https://scrydex.com/pokemon/expansions/shiny-treasure-ex/sv4a_ja
SV4a,シャイニートレジャーex,288,ヤミカラス,,"https://images.scrydex.com/magicthegathering/HOB-288/small"",""medium"":""https://images.scrydex.com/magicthegathering/HOB-288/medium"",""large"":""https://images.scrydex.com/magicthegathering/HOB-288/large""}],""rulings"":[{""date"":""2017/09/29"",""text"":""Settle",sv4a_ja,https://scrydex.com/pokemon/expansions/shiny-treasure-ex/sv4a_ja
SV4a,シャイニートレジャーex,289,ニューラ,,"https://images.scrydex.com/magicthegathering/HOB-289/small"",""medium"":""https://images.scrydex.com/magicthegathering/HOB-289/medium"",""large"":""https://images.scrydex.com/magicthegathering/HOB-289/large""}],""rulings"":[],""printings"":[""HOB"",""PW26""],""availability"":[""arena"",""mtgo"",""paper""],""expansion"":{""id"":""HOB"",""name"":""The",sv4a_ja,https://scrydex.com/pokemon/expansions/shiny-treasure-ex/sv4a_ja
SV4a,シャイニートレジャーex,290,マニューラ,,"https://images.scrydex.com/magicthegathering/HOB-290/small"",""medium"":""https://images.scrydex.com/magicthegathering/HOB-290/medium"",""large"":""https://images.scrydex.com/magicthegathering/HOB-290/large""}],""rulings"":[],""printings"":[""HOB""],""availability"":[""arena"",""mtgo"",""paper""],""expansion"":{""id"":""HOB"",""name"":""The",sv4a_ja,https://scrydex.com/pokemon/expansions/shiny-treasure-ex/sv4a_ja
SV4a,シャイニートレジャーex,291,ヤミラミ,,"https://images.scrydex.com/magicthegathering/HOB-291/small"",""medium"":""https://images.scrydex.com/magicthegathering/HOB-291/medium"",""large"":""https://images.scrydex.com/magicthegathering/HOB-291/large""}],""rulings"":[],""printings"":[""HOB""],""availability"":[""arena"",""mtgo"",""paper""],""expansion"":{""id"":""HOB"",""name"":""The",sv4a_ja,https://scrydex.com/pokemon/expansions/shiny-treasure-ex/sv4a_ja
SV4a,シャイニートレジャーex,292,コマタナ,,"https://images.scrydex.com/magicthegathering/HOB-292/small"",""medium"":""https://images.scrydex.com/magicthegathering/HOB-292/medium"",""large"":""https://images.scrydex.com/magicthegathering/HOB-292/large""}],""rulings"":[],""printings"":[""HOB"",""PSPL""],""availability"":[""arena"",""mtgo"",""paper""],""expansion"":{""id"":""HOB"",""name"":""The",sv4a_ja,https://scrydex.com/pokemon/expansions/shiny-treasure-ex/sv4a_ja
SV4a,シャイニートレジャーex,293,キリキザン,,"https://images.scrydex.com/magicthegathering/HOB-293/small"",""medium"":""https://images.scrydex.com/magicthegathering/HOB-293/medium"",""large"":""https://images.scrydex.com/magicthegathering/HOB-293/large""}],""rulings"":[],""printings"":[""HOB""],""availability"":[""arena"",""mtgo"",""paper""],""expansion"":{""id"":""HOB"",""name"":""The",sv4a_ja,https://scrydex.com/pokemon/expansions/shiny-treasure-ex/sv4a_ja
SV4a,シャイニートレジャーex,294,ドドゲザン,,"https://images.scrydex.com/magicthegathering/HOB-294/small"",""medium"":""https://images.scrydex.com/magicthegathering/HOB-294/medium"",""large"":""https://images.scrydex.com/magicthegathering/HOB-294/large""}],""rulings"":[],""printings"":[""HOB""],""availability"":[""arena"",""mtgo"",""paper""],""expansion"":{""id"":""HOB"",""name"":""The",sv4a_ja,https://scrydex.com/pokemon/expansions/shiny-treasure-ex/sv4a_ja
SV4a,シャイニートレジャーex,295,オラチフ,,"https://images.scrydex.com/magicthegathering/HOB-295/small"",""medium"":""https://images.scrydex.com/magicthegathering/HOB-295/medium"",""large"":""https://images.scrydex.com/magicthegathering/HOB-295/large""}],""rulings"":[],""printings"":[""HOB""],""availability"":[""arena"",""mtgo"",""paper""],""expansion"":{""id"":""HOB"",""name"":""The",sv4a_ja,https://scrydex.com/pokemon/expansions/shiny-treasure-ex/sv4a_ja
SV4a,シャイニートレジャーex,296,マフィティフ,,"https://images.scrydex.com/magicthegathering/HOB-296/small"",""medium"":""https://images.scrydex.com/magicthegathering/HOB-296/medium"",""large"":""https://images.scrydex.com/magicthegathering/HOB-296/large""}],""rulings"":[],""printings"":[""HOB""],""availability"":[""arena"",""mtgo"",""paper""],""expansion"":{""id"":""HOB"",""name"":""The",sv4a_ja,https://scrydex.com/pokemon/expansions/shiny-treasure-ex/sv4a_ja
SV4a,シャイニートレジャーex,297,シルシュルー,,"https://images.scrydex.com/magicthegathering/HOB-297/small"",""medium"":""https://images.scrydex.com/magicthegathering/HOB-297/medium"",""large"":""https://images.scrydex.com/magicthegathering/HOB-297/large""}],""rulings"":[],""printings"":[""HOB""],""availability"":[""arena"",""mtgo"",""paper""],""expansion"":{""id"":""HOB"",""name"":""The",sv4a_ja,https://scrydex.com/pokemon/expansions/shiny-treasure-ex/sv4a_ja
SV4a,シャイニートレジャーex,298,タギングル,,"https://images.scrydex.com/riftbound/OGN-298/small"",""medium"":""https://images.scrydex.com/riftbound/OGN-298/medium"",""large"":""https://images.scrydex.com/riftbound/OGN-298/large""}],""expansion"":{""id"":""OGN"",""name"":""Origins"",""type"":""Main"",""code"":""OGN"",""total"":352,""printed_total"":298,""release_date"":""2025/10/31"",""logo"":""https://images.scrydex.com/riftbound/OGN-logo/logo"",""symbol"":null,""language"":""English"",""language_code"":""EN""},""language"":""English"",""language_code"":""EN"",""expansion_sort_order"":328,""variants"":[{""name"":""normal"",""images"":[],""marketplaces"":[{""name"":""tcgplayer"",""product_id"":""653092"",""purchase_url"":""https://scrydex.com/riftbound/cards/OGN-298/purchase?type=tcgplayer",sv4a_ja,https://scrydex.com/pokemon/expansions/shiny-treasure-ex/sv4a_ja
SV4a,シャイニートレジャーex,299,ハッサム,,"https://images.scrydex.com/magicthegathering/HOB-299/small"",""medium"":""https://images.scrydex.com/magicthegathering/HOB-299/medium"",""large"":""https://images.scrydex.com/magicthegathering/HOB-299/large""}],""rulings"":[],""printings"":[""HOB""],""availability"":[""arena"",""mtgo"",""paper""],""expansion"":{""id"":""HOB"",""name"":""The",sv4a_ja,https://scrydex.com/pokemon/expansions/shiny-treasure-ex/sv4a_ja
SV4a,シャイニートレジャーex,300,ブロロン,,"https://images.scrydex.com/magicthegathering/HOB-300/small"",""medium"":""https://images.scrydex.com/magicthegathering/HOB-300/medium"",""large"":""https://images.scrydex.com/magicthegathering/HOB-300/large""}],""rulings"":[],""printings"":[""HOB""],""availability"":[""arena"",""mtgo"",""paper""],""expansion"":{""id"":""HOB"",""name"":""The",sv4a_ja,https://scrydex.com/pokemon/expansions/shiny-treasure-ex/sv4a_ja
SV4a,シャイニートレジャーex,301,ブロロローム,,"https://images.scrydex.com/magicthegathering/HOB-301/small"",""medium"":""https://images.scrydex.com/magicthegathering/HOB-301/medium"",""large"":""https://images.scrydex.com/magicthegathering/HOB-301/large""}],""rulings"":[],""printings"":[""HOB""],""availability"":[""arena"",""mtgo"",""paper""],""expansion"":{""id"":""HOB"",""name"":""The",sv4a_ja,https://scrydex.com/pokemon/expansions/shiny-treasure-ex/sv4a_ja
SV4a,シャイニートレジャーex,302,オンバット,,"https://images.scrydex.com/magicthegathering/HOB-302/small"",""medium"":""https://images.scrydex.com/magicthegathering/HOB-302/medium"",""large"":""https://images.scrydex.com/magicthegathering/HOB-302/large""}],""rulings"":[],""printings"":[""HOB"",""PMEI""],""availability"":[""arena"",""mtgo"",""paper""],""expansion"":{""id"":""HOB"",""name"":""The",sv4a_ja,https://scrydex.com/pokemon/expansions/shiny-treasure-ex/sv4a_ja
SV4a,シャイニートレジャーex,303,モトトカゲ,,"https://images.scrydex.com/magicthegathering/HOB-303/small"",""medium"":""https://images.scrydex.com/magicthegathering/HOB-303/medium"",""large"":""https://images.scrydex.com/magicthegathering/HOB-303/large""}],""rulings"":[],""printings"":[""HOB""],""availability"":[""arena"",""mtgo"",""paper""],""expansion"":{""id"":""HOB"",""name"":""The",sv4a_ja,https://scrydex.com/pokemon/expansions/shiny-treasure-ex/sv4a_ja
SV4a,シャイニートレジャーex,304,ポッポ,,"https://images.scrydex.com/magicthegathering/HOB-304/small"",""medium"":""https://images.scrydex.com/magicthegathering/HOB-304/medium"",""large"":""https://images.scrydex.com/magicthegathering/HOB-304/large""}],""rulings"":[],""printings"":[""HOB""],""availability"":[""arena"",""mtgo"",""paper""],""expansion"":{""id"":""HOB"",""name"":""The",sv4a_ja,https://scrydex.com/pokemon/expansions/shiny-treasure-ex/sv4a_ja
SV4a,シャイニートレジャーex,305,ピジョン,,"https://images.scrydex.com/magicthegathering/HOB-305/small"",""medium"":""https://images.scrydex.com/magicthegathering/HOB-305/medium"",""large"":""https://images.scrydex.com/magicthegathering/HOB-305/large""}],""rulings"":[],""printings"":[""HOB""],""availability"":[""arena"",""mtgo"",""paper""],""expansion"":{""id"":""HOB"",""name"":""The",sv4a_ja,https://scrydex.com/pokemon/expansions/shiny-treasure-ex/sv4a_ja
SV4a,シャイニートレジャーex,306,プリン,,"https://images.scrydex.com/magicthegathering/HOB-306/small"",""medium"":""https://images.scrydex.com/magicthegathering/HOB-306/medium"",""large"":""https://images.scrydex.com/magicthegathering/HOB-306/large""}],""rulings"":[],""printings"":[""HOB""],""availability"":[""arena"",""mtgo"",""paper""],""expansion"":{""id"":""HOB"",""name"":""The",sv4a_ja,https://scrydex.com/pokemon/expansions/shiny-treasure-ex/sv4a_ja
SV4a,シャイニートレジャーex,307,ドードー,,"https://images.scrydex.com/magicthegathering/HOB-307/small"",""medium"":""https://images.scrydex.com/magicthegathering/HOB-307/medium"",""large"":""https://images.scrydex.com/magicthegathering/HOB-307/large""}],""rulings"":[],""printings"":[""HOB""],""availability"":[""arena"",""mtgo"",""paper""],""expansion"":{""id"":""HOB"",""name"":""The",sv4a_ja,https://scrydex.com/pokemon/expansions/shiny-treasure-ex/sv4a_ja
SV4a,シャイニートレジャーex,308,ドードリオ,,"https://images.scrydex.com/magicthegathering/HOB-308/small"",""medium"":""https://images.scrydex.com/magicthegathering/HOB-308/medium"",""large"":""https://images.scrydex.com/magicthegathering/HOB-308/large""}],""rulings"":[],""printings"":[""HOB""],""availability"":[""arena"",""mtgo"",""paper""],""expansion"":{""id"":""HOB"",""name"":""The",sv4a_ja,https://scrydex.com/pokemon/expansions/shiny-treasure-ex/sv4a_ja
SV4a,シャイニートレジャーex,309,メタモン,,"https://images.scrydex.com/magicthegathering/HOB-309/small"",""medium"":""https://images.scrydex.com/magicthegathering/HOB-309/medium"",""large"":""https://images.scrydex.com/magicthegathering/HOB-309/large""}],""rulings"":[],""printings"":[""HOB""],""availability"":[""arena"",""mtgo"",""paper""],""expansion"":{""id"":""HOB"",""name"":""The",sv4a_ja,https://scrydex.com/pokemon/expansions/shiny-treasure-ex/sv4a_ja
SV4a,シャイニートレジャーex,310,カビゴン,,"https://images.scrydex.com/magicthegathering/HOB-310/small"",""medium"":""https://images.scrydex.com/magicthegathering/HOB-310/medium"",""large"":""https://images.scrydex.com/magicthegathering/HOB-310/large""}],""rulings"":[],""printings"":[""HOB""],""availability"":[""arena"",""mtgo"",""paper""],""expansion"":{""id"":""HOB"",""name"":""The",sv4a_ja,https://scrydex.com/pokemon/expansions/shiny-treasure-ex/sv4a_ja
SV4a,シャイニートレジャーex,311,キャモメ,,"https://images.scrydex.com/magicthegathering/HOB-311/small"",""medium"":""https://images.scrydex.com/magicthegathering/HOB-311/medium"",""large"":""https://images.scrydex.com/magicthegathering/HOB-311/large""}],""rulings"":[],""printings"":[""HOB""],""availability"":[""arena"",""mtgo"",""paper""],""expansion"":{""id"":""HOB"",""name"":""The",sv4a_ja,https://scrydex.com/pokemon/expansions/shiny-treasure-ex/sv4a_ja
SV4a,シャイニートレジャーex,312,ペリッパー,,"https://images.scrydex.com/magicthegathering/HOB-312/small"",""medium"":""https://images.scrydex.com/magicthegathering/HOB-312/medium"",""large"":""https://images.scrydex.com/magicthegathering/HOB-312/large""}],""rulings"":[],""printings"":[""HOB"",""PURL""],""availability"":[""arena"",""mtgo"",""paper""],""expansion"":{""id"":""HOB"",""name"":""The",sv4a_ja,https://scrydex.com/pokemon/expansions/shiny-treasure-ex/sv4a_ja
SV4a,シャイニートレジャーex,313,ホシガリス,,"https://images.scrydex.com/magicthegathering/HOB-313/small"",""medium"":""https://images.scrydex.com/magicthegathering/HOB-313/medium"",""large"":""https://images.scrydex.com/magicthegathering/HOB-313/large""}],""rulings"":[],""printings"":[""10E"",""2ED"",""2XM"",""30A"",""3ED"",""40K"",""4BB"",""4ED"",""5ED"",""6ED"",""7ED"",""8ED"",""9ED"",""ACR"",""AFR"",""AKH"",""AKR"",""ALA"",""ANA"",""ANB"",""ARC"",""ATH"",""AVR"",""BBD"",""BFZ"",""BLB"",""BRB"",""BRC"",""BRO"",""C13"",""C14"",""C15"",""C16"",""C17"",""C18"",""C19"",""CED"",""CEI"",""CHK"",""CLB"",""CLU"",""CM2"",""CMA"",""CMD"",""CMM"",""CMR"",""CST"",""DDC"",""DDE"",""DDF"",""DDG"",""DDH"",""DDI"",""DDK"",""DDL"",""DDN"",""DDO"",""DDP"",""DDQ"",""DFT"",""DMR"",""DMU"",""DOM"",""DSK"",""DTK"",""DVD"",""E01"",""ECL"",""ELD"",""EOE"",""FBB"",""FDN"",""FIC"",""FIN"",""FRF"",""G17"",""GK1"",""GK2"",""GN2"",""GN3"",""GNT"",""GRN"",""GS1"",""H09"",""HBG"",""HOB"",""HOP"",""HOU"",""ICE"",""IKO"",""INR"",""INV"",""ISD"",""ITP"",""J14"",""J22"",""J25"",""JMP"",""KHM"",""KLD"",""KLR"",""KTK"",""LCI"",""LEA"",""LEB"",""LRW"",""LTR"",""M10"",""M11"",""M12"",""M13"",""M14"",""M15"",""M19"",""M20"",""M21"",""MBS"",""MD1"",""ME1"",""ME3"",""MH2"",""MH3"",""MID"",""MIR"",""MKM"",""MMQ"",""MOM"",""MRD"",""MSC"",""MSH"",""NEO"",""NPH"",""ODY"",""OLEP"",""ONE"",""ONS"",""ORI"",""OTJ"",""P02"",""P23"",""PAL00"",""PAL01"",""PAL03"",""PAL04"",""PAL05"",""PAL06"",""PAL99"",""PALP"",""PANA"",""PARL"",""PC2"",""PCA"",""PDGM"",""PELP"",""PF19"",""PF20"",""PGPX"",""PGRU"",""PIP"",""PL26"",""PLST"",""PMPS"",""PMPS06"",""PMPS07"",""PMPS08"",""PMPS09"",""PMPS10"",""PMPS11"",""POR"",""PPP1"",""PRM"",""PRW2"",""PRWK"",""PS11"",""PSAL"",""PSS2"",""PSS3"",""PSS4"",""PTC"",""PTK"",""PZ2"",""RAV"",""REX"",""RIX"",""RNA"",""ROE"",""RQS"",""RTR"",""S99"",""SCD"",""SHM"",""SIR"",""SLD"",""SLP"",""SNC"",""SOI"",""SOM"",""SOS"",""SPM"",""STX"",""SUM"",""TD0"",""TD2"",""TDM"",""THB"",""THS"",""TLA"",""TLE"",""TMP"",""TMT"",""TPR"",""TSP"",""UGL"",""UND"",""UNF"",""UNH"",""USG"",""UST"",""VOW"",""WAR"",""WC00"",""WC02"",""WC03"",""WC04"",""WC97"",""WC98"",""WHO"",""WOE"",""XANA"",""XLN"",""ZEN"",""ZNR""],""availability"":[""arena"",""mtgo"",""paper""],""expansion"":{""id"":""HOB"",""name"":""The",sv4a_ja,https://scrydex.com/pokemon/expansions/shiny-treasure-ex/sv4a_ja
SV4a,シャイニートレジャーex,314,ヨクバリス,,"https://images.scrydex.com/magicthegathering/HOB-314/small"",""medium"":""https://images.scrydex.com/magicthegathering/HOB-314/medium"",""large"":""https://images.scrydex.com/magicthegathering/HOB-314/large""}],""rulings"":[],""printings"":[""10E"",""2ED"",""2XM"",""30A"",""3ED"",""40K"",""4BB"",""4ED"",""5ED"",""6ED"",""7ED"",""8ED"",""9ED"",""ACR"",""AFR"",""AKH"",""AKR"",""ALA"",""ANA"",""ANB"",""ARC"",""ATH"",""AVR"",""BBD"",""BFZ"",""BLB"",""BRB"",""BRC"",""BRO"",""C13"",""C14"",""C15"",""C16"",""C17"",""C18"",""C19"",""CED"",""CEI"",""CHK"",""CLB"",""CLU"",""CM2"",""CMA"",""CMD"",""CMM"",""CMR"",""CST"",""DDC"",""DDE"",""DDF"",""DDG"",""DDH"",""DDI"",""DDK"",""DDL"",""DDN"",""DDO"",""DDP"",""DDQ"",""DFT"",""DMR"",""DMU"",""DOM"",""DSK"",""DTK"",""DVD"",""E01"",""ECL"",""ELD"",""EOE"",""FBB"",""FDN"",""FIC"",""FIN"",""FRF"",""G17"",""GK1"",""GK2"",""GN2"",""GN3"",""GNT"",""GRN"",""GS1"",""H09"",""HBG"",""HOB"",""HOP"",""HOU"",""ICE"",""IKO"",""INR"",""INV"",""ISD"",""ITP"",""J14"",""J22"",""J25"",""JMP"",""KHM"",""KLD"",""KLR"",""KTK"",""LCI"",""LEA"",""LEB"",""LRW"",""LTR"",""M10"",""M11"",""M12"",""M13"",""M14"",""M15"",""M19"",""M20"",""M21"",""MBS"",""MD1"",""ME1"",""ME3"",""MH2"",""MH3"",""MID"",""MIR"",""MKM"",""MMQ"",""MOM"",""MRD"",""MSC"",""MSH"",""NEO"",""NPH"",""ODY"",""OLEP"",""ONE"",""ONS"",""ORI"",""OTJ"",""P02"",""P23"",""PAL00"",""PAL01"",""PAL03"",""PAL04"",""PAL05"",""PAL06"",""PAL99"",""PALP"",""PANA"",""PARL"",""PC2"",""PCA"",""PDGM"",""PELP"",""PF19"",""PF20"",""PGPX"",""PGRU"",""PIP"",""PL26"",""PLST"",""PMPS"",""PMPS06"",""PMPS07"",""PMPS08"",""PMPS09"",""PMPS10"",""PMPS11"",""POR"",""PPP1"",""PRM"",""PRW2"",""PRWK"",""PS11"",""PSAL"",""PSS2"",""PSS3"",""PSS4"",""PTC"",""PTK"",""PZ2"",""RAV"",""REX"",""RIX"",""RNA"",""ROE"",""RQS"",""RTR"",""S99"",""SCD"",""SHM"",""SIR"",""SLD"",""SLP"",""SNC"",""SOI"",""SOM"",""SOS"",""SPM"",""STX"",""SUM"",""TD0"",""TD2"",""TDM"",""THB"",""THS"",""TLA"",""TLE"",""TMP"",""TMT"",""TPR"",""TSP"",""UGL"",""UND"",""UNF"",""UNH"",""USG"",""UST"",""VOW"",""WAR"",""WC00"",""WC02"",""WC03"",""WC04"",""WC97"",""WC98"",""WHO"",""WOE"",""XANA"",""XLN"",""ZEN"",""ZNR""],""availability"":[""arena"",""mtgo"",""paper""],""expansion"":{""id"":""HOB"",""name"":""The",sv4a_ja,https://scrydex.com/pokemon/expansions/shiny-treasure-ex/sv4a_ja
SV4a,シャイニートレジャーex,315,グルトン,,"https://images.scrydex.com/magicthegathering/HOB-315/small"",""medium"":""https://images.scrydex.com/magicthegathering/HOB-315/medium"",""large"":""https://images.scrydex.com/magicthegathering/HOB-315/large""}],""rulings"":[],""printings"":[""10E"",""2ED"",""2XM"",""30A"",""3ED"",""40K"",""4BB"",""4ED"",""5ED"",""6ED"",""7ED"",""8ED"",""9ED"",""ACR"",""AFR"",""AKH"",""AKR"",""ALA"",""ANA"",""ANB"",""ARC"",""ATH"",""AVR"",""BBD"",""BFZ"",""BLB"",""BRB"",""BRC"",""BRO"",""C13"",""C14"",""C15"",""C16"",""C17"",""C18"",""C19"",""CED"",""CEI"",""CHK"",""CLB"",""CLU"",""CM2"",""CMA"",""CMD"",""CMM"",""CMR"",""CST"",""DDC"",""DDE"",""DDF"",""DDG"",""DDH"",""DDI"",""DDK"",""DDL"",""DDN"",""DDO"",""DDP"",""DDQ"",""DFT"",""DMR"",""DMU"",""DOM"",""DSK"",""DTK"",""DVD"",""E01"",""ECL"",""ELD"",""EOE"",""FBB"",""FDN"",""FIC"",""FIN"",""FRF"",""G17"",""GK1"",""GK2"",""GN2"",""GN3"",""GNT"",""GRN"",""GS1"",""H09"",""HBG"",""HOB"",""HOP"",""HOU"",""ICE"",""IKO"",""INR"",""INV"",""ISD"",""ITP"",""J14"",""J22"",""J25"",""JMP"",""KHM"",""KLD"",""KLR"",""KTK"",""LCI"",""LEA"",""LEB"",""LRW"",""LTR"",""M10"",""M11"",""M12"",""M13"",""M14"",""M15"",""M19"",""M20"",""M21"",""MBS"",""MD1"",""ME1"",""ME3"",""MH2"",""MH3"",""MID"",""MIR"",""MKM"",""MMQ"",""MOM"",""MRD"",""MSC"",""MSH"",""NEO"",""NPH"",""ODY"",""OLEP"",""ONE"",""ONS"",""ORI"",""OTJ"",""P02"",""P23"",""PAL00"",""PAL01"",""PAL03"",""PAL04"",""PAL05"",""PAL06"",""PAL99"",""PALP"",""PANA"",""PARL"",""PC2"",""PCA"",""PDGM"",""PELP"",""PF19"",""PF20"",""PGPX"",""PGRU"",""PIP"",""PL26"",""PLST"",""PMPS"",""PMPS06"",""PMPS07"",""PMPS08"",""PMPS09"",""PMPS10"",""PMPS11"",""POR"",""PPP1"",""PRM"",""PRW2"",""PRWK"",""PS11"",""PSAL"",""PSS2"",""PSS3"",""PSS4"",""PTC"",""PTK"",""PZ2"",""RAV"",""REX"",""RIX"",""RNA"",""ROE"",""RQS"",""RTR"",""S99"",""SCD"",""SHM"",""SIR"",""SLD"",""SLP"",""SNC"",""SOI"",""SOM"",""SOS"",""SPM"",""STX"",""SUM"",""TD0"",""TD2"",""TDM"",""THB"",""THS"",""TLA"",""TLE"",""TMP"",""TMT"",""TPR"",""TSP"",""UGL"",""UND"",""UNF"",""UNH"",""USG"",""UST"",""VOW"",""WAR"",""WC00"",""WC02"",""WC03"",""WC04"",""WC97"",""WC98"",""WHO"",""WOE"",""XANA"",""XLN"",""ZEN"",""ZNR""],""availability"":[""arena"",""mtgo"",""paper""],""expansion"":{""id"":""HOB"",""name"":""The",sv4a_ja,https://scrydex.com/pokemon/expansions/shiny-treasure-ex/sv4a_ja
SV4a,シャイニートレジャーex,316,パフュートン,,"https://images.scrydex.com/magicthegathering/HOB-316/small"",""medium"":""https://images.scrydex.com/magicthegathering/HOB-316/medium"",""large"":""https://images.scrydex.com/magicthegathering/HOB-316/large""}],""rulings"":[],""printings"":[""10E"",""2ED"",""2XM"",""30A"",""3ED"",""40K"",""4BB"",""4ED"",""5ED"",""6ED"",""7ED"",""8ED"",""9ED"",""ACR"",""AFR"",""AKH"",""AKR"",""ALA"",""ANA"",""ANB"",""ARC"",""ATH"",""AVR"",""BBD"",""BFZ"",""BLB"",""BRB"",""BRC"",""BRO"",""C13"",""C14"",""C15"",""C16"",""C17"",""C18"",""C19"",""CED"",""CEI"",""CHK"",""CLB"",""CLU"",""CM2"",""CMA"",""CMD"",""CMM"",""CMR"",""CST"",""DDC"",""DDE"",""DDF"",""DDG"",""DDH"",""DDI"",""DDK"",""DDL"",""DDN"",""DDO"",""DDP"",""DDQ"",""DFT"",""DMR"",""DMU"",""DOM"",""DSK"",""DTK"",""DVD"",""E01"",""ECL"",""ELD"",""EOE"",""FBB"",""FDN"",""FIC"",""FIN"",""FRF"",""G17"",""GK1"",""GK2"",""GN2"",""GN3"",""GNT"",""GRN"",""GS1"",""H09"",""HBG"",""HOB"",""HOP"",""HOU"",""ICE"",""IKO"",""INR"",""INV"",""ISD"",""ITP"",""J14"",""J22"",""J25"",""JMP"",""KHM"",""KLD"",""KLR"",""KTK"",""LCI"",""LEA"",""LEB"",""LRW"",""LTR"",""M10"",""M11"",""M12"",""M13"",""M14"",""M15"",""M19"",""M20"",""M21"",""MBS"",""MD1"",""ME1"",""ME3"",""MH2"",""MH3"",""MID"",""MIR"",""MKM"",""MMQ"",""MOM"",""MRD"",""MSC"",""MSH"",""NEO"",""NPH"",""ODY"",""OLEP"",""ONE"",""ONS"",""ORI"",""OTJ"",""P02"",""P23"",""PAL00"",""PAL01"",""PAL03"",""PAL04"",""PAL05"",""PAL06"",""PAL99"",""PALP"",""PANA"",""PARL"",""PC2"",""PCA"",""PDGM"",""PELP"",""PF19"",""PF20"",""PGPX"",""PGRU"",""PIP"",""PL26"",""PLST"",""PMPS"",""PMPS06"",""PMPS07"",""PMPS08"",""PMPS09"",""PMPS10"",""PMPS11"",""POR"",""PPP1"",""PRM"",""PRW2"",""PRWK"",""PS11"",""PSAL"",""PSS2"",""PSS3"",""PSS4"",""PTC"",""PTK"",""PZ2"",""RAV"",""REX"",""RIX"",""RNA"",""ROE"",""RQS"",""RTR"",""S99"",""SCD"",""SHM"",""SIR"",""SLD"",""SLP"",""SNC"",""SOI"",""SOM"",""SOS"",""SPM"",""STX"",""SUM"",""TD0"",""TD2"",""TDM"",""THB"",""THS"",""TLA"",""TLE"",""TMP"",""TMT"",""TPR"",""TSP"",""UGL"",""UND"",""UNF"",""UNH"",""USG"",""UST"",""VOW"",""WAR"",""WC00"",""WC02"",""WC03"",""WC04"",""WC97"",""WC98"",""WHO"",""WOE"",""XANA"",""XLN"",""ZEN"",""ZNR""],""availability"":[""arena"",""mtgo"",""paper""],""expansion"":{""id"":""HOB"",""name"":""The",sv4a_ja,https://scrydex.com/pokemon/expansions/shiny-treasure-ex/sv4a_ja
SV4a,シャイニートレジャーex,317,ワッカネズミ,,"https://images.scrydex.com/magicthegathering/HOB-317/small"",""medium"":""https://images.scrydex.com/magicthegathering/HOB-317/medium"",""large"":""https://images.scrydex.com/magicthegathering/HOB-317/large""}],""rulings"":[],""printings"":[""10E"",""2ED"",""2XM"",""30A"",""3ED"",""40K"",""4BB"",""4ED"",""5ED"",""6ED"",""7ED"",""8ED"",""9ED"",""ACR"",""AFR"",""AKH"",""AKR"",""ALA"",""ANA"",""ANB"",""ARC"",""ATH"",""AVR"",""BBD"",""BFZ"",""BLB"",""BRB"",""BRC"",""BRO"",""C13"",""C14"",""C15"",""C16"",""C17"",""C18"",""C19"",""CED"",""CEI"",""CHK"",""CLB"",""CLU"",""CM2"",""CMA"",""CMD"",""CMM"",""CMR"",""CST"",""DDC"",""DDE"",""DDF"",""DDG"",""DDH"",""DDI"",""DDK"",""DDL"",""DDN"",""DDO"",""DDP"",""DDQ"",""DFT"",""DMR"",""DMU"",""DOM"",""DSK"",""DTK"",""DVD"",""E01"",""ECL"",""ELD"",""EOE"",""FBB"",""FDN"",""FIC"",""FIN"",""FRF"",""G17"",""GK1"",""GK2"",""GN2"",""GN3"",""GNT"",""GRN"",""GS1"",""H09"",""HBG"",""HOB"",""HOP"",""HOU"",""ICE"",""IKO"",""INR"",""INV"",""ISD"",""ITP"",""J14"",""J22"",""J25"",""JMP"",""KHM"",""KLD"",""KLR"",""KTK"",""LCI"",""LEA"",""LEB"",""LRW"",""LTR"",""M10"",""M11"",""M12"",""M13"",""M14"",""M15"",""M19"",""M20"",""M21"",""MBS"",""MD1"",""ME1"",""ME3"",""MH2"",""MH3"",""MID"",""MIR"",""MKM"",""MMQ"",""MOM"",""MRD"",""MSC"",""MSH"",""NEO"",""NPH"",""ODY"",""OLEP"",""ONE"",""ONS"",""ORI"",""OTJ"",""P02"",""P23"",""PAL00"",""PAL01"",""PAL03"",""PAL04"",""PAL05"",""PAL06"",""PAL99"",""PALP"",""PANA"",""PARL"",""PC2"",""PCA"",""PDGM"",""PELP"",""PF19"",""PF20"",""PGPX"",""PGRU"",""PIP"",""PL26"",""PLST"",""PMPS"",""PMPS06"",""PMPS07"",""PMPS08"",""PMPS09"",""PMPS10"",""PMPS11"",""POR"",""PPP1"",""PRM"",""PRW2"",""PRWK"",""PS11"",""PSAL"",""PSS2"",""PSS3"",""PSS4"",""PTC"",""PTK"",""PZ2"",""RAV"",""REX"",""RIX"",""RNA"",""ROE"",""RQS"",""RTR"",""S99"",""SCD"",""SHM"",""SIR"",""SLD"",""SLP"",""SNC"",""SOI"",""SOM"",""SOS"",""SPM"",""STX"",""SUM"",""TD0"",""TD2"",""TDM"",""THB"",""THS"",""TLA"",""TLE"",""TMP"",""TMT"",""TPR"",""TSP"",""UGL"",""UND"",""UNF"",""UNH"",""USG"",""UST"",""VOW"",""WAR"",""WC00"",""WC02"",""WC03"",""WC04"",""WC97"",""WC98"",""WHO"",""WOE"",""XANA"",""XLN"",""ZEN"",""ZNR""],""availability"":[""arena"",""mtgo"",""paper""],""expansion"":{""id"":""HOB"",""name"":""The",sv4a_ja,https://scrydex.com/pokemon/expansions/shiny-treasure-ex/sv4a_ja
SV4a,シャイニートレジャーex,318,イッカネズミ,,"https://images.scrydex.com/magicthegathering/HOB-318/small"",""medium"":""https://images.scrydex.com/magicthegathering/HOB-318/medium"",""large"":""https://images.scrydex.com/magicthegathering/HOB-318/large""}],""rulings"":[],""printings"":[""10E"",""2ED"",""2XM"",""30A"",""3ED"",""40K"",""4BB"",""4ED"",""5ED"",""6ED"",""7ED"",""8ED"",""9ED"",""ACR"",""AFR"",""AKH"",""AKR"",""ALA"",""ANA"",""ANB"",""ARC"",""ATH"",""AVR"",""BBD"",""BFZ"",""BLB"",""BRB"",""BRC"",""BRO"",""C13"",""C14"",""C15"",""C16"",""C17"",""C18"",""C19"",""CED"",""CEI"",""CHK"",""CLB"",""CLU"",""CM2"",""CMA"",""CMD"",""CMM"",""CMR"",""CST"",""DDC"",""DDE"",""DDF"",""DDG"",""DDH"",""DDI"",""DDK"",""DDL"",""DDN"",""DDO"",""DDP"",""DDQ"",""DFT"",""DMR"",""DMU"",""DOM"",""DSK"",""DTK"",""DVD"",""E01"",""ECL"",""ELD"",""EOE"",""FBB"",""FDN"",""FIC"",""FIN"",""FRF"",""G17"",""GK1"",""GK2"",""GN2"",""GN3"",""GNT"",""GRN"",""GS1"",""H09"",""HBG"",""HOB"",""HOP"",""HOU"",""ICE"",""IKO"",""INR"",""INV"",""ISD"",""ITP"",""J14"",""J22"",""J25"",""JMP"",""KHM"",""KLD"",""KLR"",""KTK"",""LCI"",""LEA"",""LEB"",""LRW"",""LTR"",""M10"",""M11"",""M12"",""M13"",""M14"",""M15"",""M19"",""M20"",""M21"",""MBS"",""MD1"",""ME1"",""ME3"",""MH2"",""MH3"",""MID"",""MIR"",""MKM"",""MMQ"",""MOM"",""MRD"",""MSC"",""MSH"",""NEO"",""NPH"",""ODY"",""OLEP"",""ONE"",""ONS"",""ORI"",""OTJ"",""P02"",""P23"",""PAL00"",""PAL01"",""PAL03"",""PAL04"",""PAL05"",""PAL06"",""PAL99"",""PALP"",""PANA"",""PARL"",""PC2"",""PCA"",""PDGM"",""PELP"",""PF19"",""PF20"",""PGPX"",""PGRU"",""PIP"",""PL26"",""PLST"",""PMPS"",""PMPS06"",""PMPS07"",""PMPS08"",""PMPS09"",""PMPS10"",""PMPS11"",""POR"",""PPP1"",""PRM"",""PRW2"",""PRWK"",""PS11"",""PSAL"",""PSS2"",""PSS3"",""PSS4"",""PTC"",""PTK"",""PZ2"",""RAV"",""REX"",""RIX"",""RNA"",""ROE"",""RQS"",""RTR"",""S99"",""SCD"",""SHM"",""SIR"",""SLD"",""SLP"",""SNC"",""SOI"",""SOM"",""SOS"",""SPM"",""STX"",""SUM"",""TD0"",""TD2"",""TDM"",""THB"",""THS"",""TLA"",""TLE"",""TMP"",""TMT"",""TPR"",""TSP"",""UGL"",""UND"",""UNF"",""UNH"",""USG"",""UST"",""VOW"",""WAR"",""WC00"",""WC02"",""WC03"",""WC04"",""WC97"",""WC98"",""WHO"",""WOE"",""XANA"",""XLN"",""ZEN"",""ZNR""],""availability"":[""arena"",""mtgo"",""paper""],""expansion"":{""id"":""HOB"",""name"":""The",sv4a_ja,https://scrydex.com/pokemon/expansions/shiny-treasure-ex/sv4a_ja
SV4a,シャイニートレジャーex,319,カラミンゴ,,"https://images.scrydex.com/magicthegathering/HOB-319/small"",""medium"":""https://images.scrydex.com/magicthegathering/HOB-319/medium"",""large"":""https://images.scrydex.com/magicthegathering/HOB-319/large""}],""rulings"":[],""printings"":[""10E"",""2ED"",""2XM"",""30A"",""3ED"",""40K"",""4BB"",""4ED"",""5ED"",""6ED"",""7ED"",""8ED"",""9ED"",""ACR"",""AFR"",""AKH"",""AKR"",""ALA"",""ANA"",""ANB"",""ARC"",""ATH"",""AVR"",""BBD"",""BFZ"",""BLB"",""BRB"",""BRC"",""BRO"",""C13"",""C14"",""C15"",""C16"",""C17"",""C18"",""C19"",""CED"",""CEI"",""CHK"",""CLB"",""CLU"",""CM2"",""CMA"",""CMD"",""CMM"",""CMR"",""CST"",""DDC"",""DDE"",""DDF"",""DDG"",""DDH"",""DDI"",""DDK"",""DDL"",""DDN"",""DDO"",""DDP"",""DDQ"",""DFT"",""DMR"",""DMU"",""DOM"",""DSK"",""DTK"",""DVD"",""E01"",""ECL"",""ELD"",""EOE"",""FBB"",""FDN"",""FIC"",""FIN"",""FRF"",""G17"",""GK1"",""GK2"",""GN2"",""GN3"",""GNT"",""GRN"",""GS1"",""H09"",""HBG"",""HOB"",""HOP"",""HOU"",""ICE"",""IKO"",""INR"",""INV"",""ISD"",""ITP"",""J14"",""J22"",""J25"",""JMP"",""KHM"",""KLD"",""KLR"",""KTK"",""LCI"",""LEA"",""LEB"",""LRW"",""LTR"",""M10"",""M11"",""M12"",""M13"",""M14"",""M15"",""M19"",""M20"",""M21"",""MBS"",""MD1"",""ME1"",""ME3"",""MH2"",""MH3"",""MID"",""MIR"",""MKM"",""MMQ"",""MOM"",""MRD"",""MSC"",""MSH"",""NEO"",""NPH"",""ODY"",""OLEP"",""ONE"",""ONS"",""ORI"",""OTJ"",""P02"",""P23"",""PAL00"",""PAL01"",""PAL03"",""PAL04"",""PAL05"",""PAL06"",""PAL99"",""PALP"",""PANA"",""PARL"",""PC2"",""PCA"",""PDGM"",""PELP"",""PF19"",""PF20"",""PGPX"",""PGRU"",""PIP"",""PL26"",""PLST"",""PMPS"",""PMPS06"",""PMPS07"",""PMPS08"",""PMPS09"",""PMPS10"",""PMPS11"",""POR"",""PPP1"",""PRM"",""PRW2"",""PRWK"",""PS11"",""PSAL"",""PSS2"",""PSS3"",""PSS4"",""PTC"",""PTK"",""PZ2"",""RAV"",""REX"",""RIX"",""RNA"",""ROE"",""RQS"",""RTR"",""S99"",""SCD"",""SHM"",""SIR"",""SLD"",""SLP"",""SNC"",""SOI"",""SOM"",""SOS"",""SPM"",""STX"",""SUM"",""TD0"",""TD2"",""TDM"",""THB"",""THS"",""TLA"",""TLE"",""TMP"",""TMT"",""TPR"",""TSP"",""UGL"",""UND"",""UNF"",""UNH"",""USG"",""UST"",""VOW"",""WAR"",""WC00"",""WC02"",""WC03"",""WC04"",""WC97"",""WC98"",""WHO"",""WOE"",""XANA"",""XLN"",""ZEN"",""ZNR""],""availability"":[""arena"",""mtgo"",""paper""],""expansion"":{""id"":""HOB"",""name"":""The",sv4a_ja,https://scrydex.com/pokemon/expansions/shiny-treasure-ex/sv4a_ja
SV4a,シャイニートレジャーex,320,フォレトスex,,"https://images.scrydex.com/magicthegathering/HOB-320/small"",""medium"":""https://images.scrydex.com/magicthegathering/HOB-320/medium"",""large"":""https://images.scrydex.com/magicthegathering/HOB-320/large""}],""rulings"":[],""printings"":[""10E"",""2ED"",""2XM"",""30A"",""3ED"",""40K"",""4BB"",""4ED"",""5ED"",""6ED"",""7ED"",""8ED"",""9ED"",""ACR"",""AFR"",""AKH"",""AKR"",""ALA"",""ANA"",""ANB"",""ARC"",""ATH"",""AVR"",""BBD"",""BFZ"",""BLB"",""BRB"",""BRC"",""BRO"",""C13"",""C14"",""C15"",""C16"",""C17"",""C18"",""C19"",""CED"",""CEI"",""CHK"",""CLB"",""CLU"",""CM2"",""CMA"",""CMD"",""CMM"",""CMR"",""CST"",""DDC"",""DDE"",""DDF"",""DDG"",""DDH"",""DDI"",""DDK"",""DDL"",""DDN"",""DDO"",""DDP"",""DDQ"",""DFT"",""DMR"",""DMU"",""DOM"",""DSK"",""DTK"",""DVD"",""E01"",""ECL"",""ELD"",""EOE"",""FBB"",""FDN"",""FIC"",""FIN"",""FRF"",""G17"",""GK1"",""GK2"",""GN2"",""GN3"",""GNT"",""GRN"",""GS1"",""H09"",""HBG"",""HOB"",""HOP"",""HOU"",""ICE"",""IKO"",""INR"",""INV"",""ISD"",""ITP"",""J14"",""J22"",""J25"",""JMP"",""KHM"",""KLD"",""KLR"",""KTK"",""LCI"",""LEA"",""LEB"",""LRW"",""LTR"",""M10"",""M11"",""M12"",""M13"",""M14"",""M15"",""M19"",""M20"",""M21"",""MBS"",""MD1"",""ME1"",""ME3"",""MH2"",""MH3"",""MID"",""MIR"",""MKM"",""MMQ"",""MOM"",""MRD"",""MSC"",""MSH"",""NEO"",""NPH"",""ODY"",""OLEP"",""ONE"",""ONS"",""ORI"",""OTJ"",""P02"",""P23"",""PAL00"",""PAL01"",""PAL03"",""PAL04"",""PAL05"",""PAL06"",""PAL99"",""PALP"",""PANA"",""PARL"",""PC2"",""PCA"",""PDGM"",""PELP"",""PF19"",""PF20"",""PGPX"",""PGRU"",""PIP"",""PL26"",""PLST"",""PMPS"",""PMPS06"",""PMPS07"",""PMPS08"",""PMPS09"",""PMPS10"",""PMPS11"",""POR"",""PPP1"",""PRM"",""PRW2"",""PRWK"",""PS11"",""PSAL"",""PSS2"",""PSS3"",""PSS4"",""PTC"",""PTK"",""PZ2"",""RAV"",""REX"",""RIX"",""RNA"",""ROE"",""RQS"",""RTR"",""S99"",""SCD"",""SHM"",""SIR"",""SLD"",""SLP"",""SNC"",""SOI"",""SOM"",""SOS"",""SPM"",""STX"",""SUM"",""TD0"",""TD2"",""TDM"",""THB"",""THS"",""TLA"",""TLE"",""TMP"",""TMT"",""TPR"",""TSP"",""UGL"",""UND"",""UNF"",""UNH"",""USG"",""UST"",""VOW"",""WAR"",""WC00"",""WC02"",""WC03"",""WC04"",""WC97"",""WC98"",""WHO"",""WOE"",""XANA"",""XLN"",""ZEN"",""ZNR""],""availability"":[""arena"",""mtgo"",""paper""],""expansion"":{""id"":""HOB"",""name"":""The",sv4a_ja,https://scrydex.com/pokemon/expansions/shiny-treasure-ex/sv4a_ja
SV4a,シャイニートレジャーex,321,マスカーニャex,,"https://images.scrydex.com/magicthegathering/HOB-321/small"",""medium"":""https://images.scrydex.com/magicthegathering/HOB-321/medium"",""large"":""https://images.scrydex.com/magicthegathering/HOB-321/large""}],""rulings"":[],""printings"":[""HOB""],""availability"":[""arena"",""mtgo"",""paper""],""expansion"":{""id"":""HOB"",""name"":""The",sv4a_ja,https://scrydex.com/pokemon/expansions/shiny-treasure-ex/sv4a_ja
SV4a,シャイニートレジャーex,322,リククラゲex,,"https://images.scrydex.com/magicthegathering/MSH-322/small"",""medium"":""https://images.scrydex.com/magicthegathering/MSH-322/medium"",""large"":""https://images.scrydex.com/magicthegathering/MSH-322/large""}],""rulings"":[],""printings"":[""MSH""],""availability"":[""mtgo"",""paper""],""expansion"":{""id"":""MSH"",""name"":""Marvel",sv4a_ja,https://scrydex.com/pokemon/expansions/shiny-treasure-ex/sv4a_ja
SV4a,シャイニートレジャーex,323,クエスパトラex,,"https://images.scrydex.com/magicthegathering/MSH-323/small"",""medium"":""https://images.scrydex.com/magicthegathering/MSH-323/medium"",""large"":""https://images.scrydex.com/magicthegathering/MSH-323/large""}],""rulings"":[],""printings"":[""MSH""],""availability"":[""mtgo"",""paper""],""expansion"":{""id"":""MSH"",""name"":""Marvel",sv4a_ja,https://scrydex.com/pokemon/expansions/shiny-treasure-ex/sv4a_ja
SV4a,シャイニートレジャーex,324,ラウドボーンex,,"https://images.scrydex.com/magicthegathering/MSH-324/small"",""medium"":""https://images.scrydex.com/magicthegathering/MSH-324/medium"",""large"":""https://images.scrydex.com/magicthegathering/MSH-324/large""}],""rulings"":[],""printings"":[""MSH""],""availability"":[""mtgo"",""paper""],""expansion"":{""id"":""MSH"",""name"":""Marvel",sv4a_ja,https://scrydex.com/pokemon/expansions/shiny-treasure-ex/sv4a_ja
SV4a,シャイニートレジャーex,325,ウェーニバルex,,"https://images.scrydex.com/magicthegathering/MSH-325/small"",""medium"":""https://images.scrydex.com/magicthegathering/MSH-325/medium"",""large"":""https://images.scrydex.com/magicthegathering/MSH-325/large""}],""rulings"":[],""printings"":[""MSH""],""availability"":[""mtgo"",""paper""],""expansion"":{""id"":""MSH"",""name"":""Marvel",sv4a_ja,https://scrydex.com/pokemon/expansions/shiny-treasure-ex/sv4a_ja
SV4a,シャイニートレジャーex,326,フーディンex,,"https://images.scrydex.com/magicthegathering/MSH-326/small"",""medium"":""https://images.scrydex.com/magicthegathering/MSH-326/medium"",""large"":""https://images.scrydex.com/magicthegathering/MSH-326/large""}],""rulings"":[],""printings"":[""MSH"",""PSPL""],""availability"":[""mtgo"",""paper""],""expansion"":{""id"":""MSH"",""name"":""Marvel",sv4a_ja,https://scrydex.com/pokemon/expansions/shiny-treasure-ex/sv4a_ja
SV4a,シャイニートレジャーex,327,ミュウex,,"https://images.scrydex.com/magicthegathering/MSH-327/small"",""medium"":""https://images.scrydex.com/magicthegathering/MSH-327/medium"",""large"":""https://images.scrydex.com/magicthegathering/MSH-327/large""}],""rulings"":[],""printings"":[""MSH""],""availability"":[""mtgo"",""paper""],""expansion"":{""id"":""MSH"",""name"":""Marvel",sv4a_ja,https://scrydex.com/pokemon/expansions/shiny-treasure-ex/sv4a_ja
SV4a,シャイニートレジャーex,328,サーナイトex,,"https://images.scrydex.com/magicthegathering/MSH-328/small"",""medium"":""https://images.scrydex.com/magicthegathering/MSH-328/medium"",""large"":""https://images.scrydex.com/magicthegathering/MSH-328/large""},{""type"":""back"",""small"":""https://images.scrydex.com/magicthegathering/MSH-328A/small"",""medium"":""https://images.scrydex.com/magicthegathering/MSH-328A/medium"",""large"":""https://images.scrydex.com/magicthegathering/MSH-328A/large""}],""rulings"":[],""printings"":[""MSH""],""availability"":[""mtgo"",""paper""],""expansion"":{""id"":""MSH"",""name"":""Marvel",sv4a_ja,https://scrydex.com/pokemon/expansions/shiny-treasure-ex/sv4a_ja
SV4a,シャイニートレジャーex,329,キラフロルex,,"https://images.scrydex.com/magicthegathering/MSH-329/small"",""medium"":""https://images.scrydex.com/magicthegathering/MSH-329/medium"",""large"":""https://images.scrydex.com/magicthegathering/MSH-329/large""}],""rulings"":[],""printings"":[""MSH""],""availability"":[""mtgo"",""paper""],""expansion"":{""id"":""MSH"",""name"":""Marvel",sv4a_ja,https://scrydex.com/pokemon/expansions/shiny-treasure-ex/sv4a_ja
SV4a,シャイニートレジャーex,330,イダイナキバex,,"https://images.scrydex.com/magicthegathering/MSH-330/small"",""medium"":""https://images.scrydex.com/magicthegathering/MSH-330/medium"",""large"":""https://images.scrydex.com/magicthegathering/MSH-330/large""}],""rulings"":[],""printings"":[""MSH""],""availability"":[""mtgo"",""paper""],""expansion"":{""id"":""MSH"",""name"":""Marvel",sv4a_ja,https://scrydex.com/pokemon/expansions/shiny-treasure-ex/sv4a_ja
SV4a,シャイニートレジャーex,331,リザードンex,,"https://images.scrydex.com/magicthegathering/MSH-331/small"",""medium"":""https://images.scrydex.com/magicthegathering/MSH-331/medium"",""large"":""https://images.scrydex.com/magicthegathering/MSH-331/large""},{""type"":""back"",""small"":""https://images.scrydex.com/magicthegathering/MSH-331A/small"",""medium"":""https://images.scrydex.com/magicthegathering/MSH-331A/medium"",""large"":""https://images.scrydex.com/magicthegathering/MSH-331A/large""}],""rulings"":[],""printings"":[""MSH""],""availability"":[""mtgo"",""paper""],""expansion"":{""id"":""MSH"",""name"":""Marvel",sv4a_ja,https://scrydex.com/pokemon/expansions/shiny-treasure-ex/sv4a_ja
SV4a,シャイニートレジャーex,332,パルデア ドオーex,,"https://images.scrydex.com/magicthegathering/MSH-332/small"",""medium"":""https://images.scrydex.com/magicthegathering/MSH-332/medium"",""large"":""https://images.scrydex.com/magicthegathering/MSH-332/large""}],""rulings"":[],""printings"":[""MSH""],""availability"":[""mtgo"",""paper""],""expansion"":{""id"":""MSH"",""name"":""Marvel",sv4a_ja,https://scrydex.com/pokemon/expansions/shiny-treasure-ex/sv4a_ja
SV4a,シャイニートレジャーex,333,テツノワダチex,,"https://images.scrydex.com/magicthegathering/MSH-333/small"",""medium"":""https://images.scrydex.com/magicthegathering/MSH-333/medium"",""large"":""https://images.scrydex.com/magicthegathering/MSH-333/large""}],""rulings"":[],""printings"":[""MSH""],""availability"":[""mtgo"",""paper""],""expansion"":{""id"":""MSH"",""name"":""Marvel",sv4a_ja,https://scrydex.com/pokemon/expansions/shiny-treasure-ex/sv4a_ja
SV4a,シャイニートレジャーex,334,オンバーンex,,"https://images.scrydex.com/magicthegathering/MSH-334/small"",""medium"":""https://images.scrydex.com/magicthegathering/MSH-334/medium"",""large"":""https://images.scrydex.com/magicthegathering/MSH-334/large""}],""rulings"":[],""printings"":[""MSH""],""availability"":[""mtgo"",""paper""],""expansion"":{""id"":""MSH"",""name"":""Marvel",sv4a_ja,https://scrydex.com/pokemon/expansions/shiny-treasure-ex/sv4a_ja
SV4a,シャイニートレジャーex,335,ピジョットex,,"https://images.scrydex.com/magicthegathering/MSH-335/small"",""medium"":""https://images.scrydex.com/magicthegathering/MSH-335/medium"",""large"":""https://images.scrydex.com/magicthegathering/MSH-335/large""}],""rulings"":[],""printings"":[""MSH""],""availability"":[""mtgo"",""paper""],""expansion"":{""id"":""MSH"",""name"":""Marvel",sv4a_ja,https://scrydex.com/pokemon/expansions/shiny-treasure-ex/sv4a_ja
SV4a,シャイニートレジャーex,336,プクリンex,,"https://images.scrydex.com/magicthegathering/MSH-336/small"",""medium"":""https://images.scrydex.com/magicthegathering/MSH-336/medium"",""large"":""https://images.scrydex.com/magicthegathering/MSH-336/large""}],""rulings"":[],""printings"":[""MSH""],""availability"":[""mtgo"",""paper""],""expansion"":{""id"":""MSH"",""name"":""Marvel",sv4a_ja,https://scrydex.com/pokemon/expansions/shiny-treasure-ex/sv4a_ja
SV4a,シャイニートレジャーex,337,イキリンコex,,"https://images.scrydex.com/magicthegathering/MSH-337/small"",""medium"":""https://images.scrydex.com/magicthegathering/MSH-337/medium"",""large"":""https://images.scrydex.com/magicthegathering/MSH-337/large""}],""rulings"":[],""printings"":[""MSH""],""availability"":[""mtgo"",""paper""],""expansion"":{""id"":""MSH"",""name"":""Marvel",sv4a_ja,https://scrydex.com/pokemon/expansions/shiny-treasure-ex/sv4a_ja
SV4a,シャイニートレジャーex,338,ウミトリオ,,"https://images.scrydex.com/magicthegathering/MSH-338/small"",""medium"":""https://images.scrydex.com/magicthegathering/MSH-338/medium"",""large"":""https://images.scrydex.com/magicthegathering/MSH-338/large""}],""rulings"":[],""printings"":[""MSH""],""availability"":[""mtgo"",""paper""],""expansion"":{""id"":""MSH"",""name"":""Marvel",sv4a_ja,https://scrydex.com/pokemon/expansions/shiny-treasure-ex/sv4a_ja
SV4a,シャイニートレジャーex,339,イルカマン,,"https://images.scrydex.com/magicthegathering/MSH-339/small"",""medium"":""https://images.scrydex.com/magicthegathering/MSH-339/medium"",""large"":""https://images.scrydex.com/magicthegathering/MSH-339/large""}],""rulings"":[],""printings"":[""MSH""],""availability"":[""mtgo"",""paper""],""expansion"":{""id"":""MSH"",""name"":""Marvel",sv4a_ja,https://scrydex.com/pokemon/expansions/shiny-treasure-ex/sv4a_ja
SV4a,シャイニートレジャーex,340,パモ,,"https://images.scrydex.com/magicthegathering/MSH-340/small"",""medium"":""https://images.scrydex.com/magicthegathering/MSH-340/medium"",""large"":""https://images.scrydex.com/magicthegathering/MSH-340/large""}],""rulings"":[{""date"":""2023/02/04"",""text"":""If",sv4a_ja,https://scrydex.com/pokemon/expansions/shiny-treasure-ex/sv4a_ja
SV4a,シャイニートレジャーex,341,ミミッキュ,,"https://images.scrydex.com/magicthegathering/MSH-341/small"",""medium"":""https://images.scrydex.com/magicthegathering/MSH-341/medium"",""large"":""https://images.scrydex.com/magicthegathering/MSH-341/large""}],""rulings"":[],""printings"":[""MSH""],""availability"":[""mtgo"",""paper""],""expansion"":{""id"":""MSH"",""name"":""Marvel",sv4a_ja,https://scrydex.com/pokemon/expansions/shiny-treasure-ex/sv4a_ja
SV4a,シャイニートレジャーex,342,ジャッジマン,,"https://images.scrydex.com/magicthegathering/MSH-342/small"",""medium"":""https://images.scrydex.com/magicthegathering/MSH-342/medium"",""large"":""https://images.scrydex.com/magicthegathering/MSH-342/large""}],""rulings"":[],""printings"":[""MSH""],""availability"":[""mtgo"",""paper""],""expansion"":{""id"":""MSH"",""name"":""Marvel",sv4a_ja,https://scrydex.com/pokemon/expansions/shiny-treasure-ex/sv4a_ja
SV4a,シャイニートレジャーex,343,ネモ,,"https://images.scrydex.com/magicthegathering/MSH-343/small"",""medium"":""https://images.scrydex.com/magicthegathering/MSH-343/medium"",""large"":""https://images.scrydex.com/magicthegathering/MSH-343/large""}],""rulings"":[],""printings"":[""MSH"",""PMEI""],""availability"":[""mtgo"",""paper""],""expansion"":{""id"":""MSH"",""name"":""Marvel",sv4a_ja,https://scrydex.com/pokemon/expansions/shiny-treasure-ex/sv4a_ja
SV4a,シャイニートレジャーex,344,ネルケ,,"https://images.scrydex.com/magicthegathering/MSH-344/small"",""medium"":""https://images.scrydex.com/magicthegathering/MSH-344/medium"",""large"":""https://images.scrydex.com/magicthegathering/MSH-344/large""}],""rulings"":[],""printings"":[""MSH""],""availability"":[""mtgo"",""paper""],""expansion"":{""id"":""MSH"",""name"":""Marvel",sv4a_ja,https://scrydex.com/pokemon/expansions/shiny-treasure-ex/sv4a_ja
SV4a,シャイニートレジャーex,345,パルデアの学生,,"https://images.scrydex.com/magicthegathering/MSH-345/small"",""medium"":""https://images.scrydex.com/magicthegathering/MSH-345/medium"",""large"":""https://images.scrydex.com/magicthegathering/MSH-345/large""},{""type"":""back"",""small"":""https://images.scrydex.com/magicthegathering/MSH-345A/small"",""medium"":""https://images.scrydex.com/magicthegathering/MSH-345A/medium"",""large"":""https://images.scrydex.com/magicthegathering/MSH-345A/large""}],""rulings"":[],""printings"":[""MSH""],""availability"":[""mtgo"",""paper""],""expansion"":{""id"":""MSH"",""name"":""Marvel",sv4a_ja,https://scrydex.com/pokemon/expansions/shiny-treasure-ex/sv4a_ja
SV4a,シャイニートレジャーex,346,パルデアの学生,,"https://images.scrydex.com/magicthegathering/MSH-346/small"",""medium"":""https://images.scrydex.com/magicthegathering/MSH-346/medium"",""large"":""https://images.scrydex.com/magicthegathering/MSH-346/large""},{""type"":""back"",""small"":""https://images.scrydex.com/magicthegathering/MSH-346A/small"",""medium"":""https://images.scrydex.com/magicthegathering/MSH-346A/medium"",""large"":""https://images.scrydex.com/magicthegathering/MSH-346A/large""}],""rulings"":[],""printings"":[""MSH""],""availability"":[""mtgo"",""paper""],""expansion"":{""id"":""MSH"",""name"":""Marvel",sv4a_ja,https://scrydex.com/pokemon/expansions/shiny-treasure-ex/sv4a_ja
SV4a,シャイニートレジャーex,347,ミュウex,,"https://images.scrydex.com/magicthegathering/MSH-347/small"",""medium"":""https://images.scrydex.com/magicthegathering/MSH-347/medium"",""large"":""https://images.scrydex.com/magicthegathering/MSH-347/large""}],""rulings"":[],""printings"":[""MSH""],""availability"":[""mtgo"",""paper""],""expansion"":{""id"":""MSH"",""name"":""Marvel",sv4a_ja,https://scrydex.com/pokemon/expansions/shiny-treasure-ex/sv4a_ja
SV4a,シャイニートレジャーex,348,サーナイトex,,"https://images.scrydex.com/magicthegathering/MSH-348/small"",""medium"":""https://images.scrydex.com/magicthegathering/MSH-348/medium"",""large"":""https://images.scrydex.com/magicthegathering/MSH-348/large""}],""rulings"":[],""printings"":[""DMU"",""J25"",""MSH"",""OTJ""],""availability"":[""mtgo"",""paper""],""expansion"":{""id"":""MSH"",""name"":""Marvel",sv4a_ja,https://scrydex.com/pokemon/expansions/shiny-treasure-ex/sv4a_ja
SV4a,シャイニートレジャーex,349,リザードンex,,"https://images.scrydex.com/magicthegathering/MSH-349/small"",""medium"":""https://images.scrydex.com/magicthegathering/MSH-349/medium"",""large"":""https://images.scrydex.com/magicthegathering/MSH-349/large""}],""rulings"":[],""printings"":[""MSH""],""availability"":[""mtgo"",""paper""],""expansion"":{""id"":""MSH"",""name"":""Marvel",sv4a_ja,https://scrydex.com/pokemon/expansions/shiny-treasure-ex/sv4a_ja
SV4a,シャイニートレジャーex,350,ナンジャモ,,"https://images.scrydex.com/magicthegathering/MSH-350/small"",""medium"":""https://images.scrydex.com/magicthegathering/MSH-350/medium"",""large"":""https://images.scrydex.com/magicthegathering/MSH-350/large""},{""type"":""back"",""small"":""https://images.scrydex.com/magicthegathering/MSH-350A/small"",""medium"":""https://images.scrydex.com/magicthegathering/MSH-350A/medium"",""large"":""https://images.scrydex.com/magicthegathering/MSH-350A/large""}],""rulings"":[],""printings"":[""MSH""],""availability"":[""mtgo"",""paper""],""expansion"":{""id"":""MSH"",""name"":""Marvel",sv4a_ja,https://scrydex.com/pokemon/expansions/shiny-treasure-ex/sv4a_ja
SV4a,シャイニートレジャーex,351,ネモ,,"https://images.scrydex.com/magicthegathering/MSH-351/small"",""medium"":""https://images.scrydex.com/magicthegathering/MSH-351/medium"",""large"":""https://images.scrydex.com/magicthegathering/MSH-351/large""}],""rulings"":[],""printings"":[""MSH""],""availability"":[""mtgo"",""paper""],""expansion"":{""id"":""MSH"",""name"":""Marvel",sv4a_ja,https://scrydex.com/pokemon/expansions/shiny-treasure-ex/sv4a_ja
SV4a,シャイニートレジャーex,352,ネルケ,,"https://images.scrydex.com/magicthegathering/MSH-352/small"",""medium"":""https://images.scrydex.com/magicthegathering/MSH-352/medium"",""large"":""https://images.scrydex.com/magicthegathering/MSH-352/large""}],""rulings"":[],""printings"":[""MSH""],""availability"":[""mtgo"",""paper""],""expansion"":{""id"":""MSH"",""name"":""Marvel",sv4a_ja,https://scrydex.com/pokemon/expansions/shiny-treasure-ex/sv4a_ja
SV4a,シャイニートレジャーex,353,ペパー,,"https://images.scrydex.com/magicthegathering/MSH-353/small"",""medium"":""https://images.scrydex.com/magicthegathering/MSH-353/medium"",""large"":""https://images.scrydex.com/magicthegathering/MSH-353/large""}],""rulings"":[],""printings"":[""MSH""],""availability"":[""mtgo"",""paper""],""expansion"":{""id"":""MSH"",""name"":""Marvel",sv4a_ja,https://scrydex.com/pokemon/expansions/shiny-treasure-ex/sv4a_ja
SV4a,シャイニートレジャーex,354,ボタン,,"https://images.scrydex.com/magicthegathering/MSH-354/small"",""medium"":""https://images.scrydex.com/magicthegathering/MSH-354/medium"",""large"":""https://images.scrydex.com/magicthegathering/MSH-354/large""}],""rulings"":[],""printings"":[""MSH""],""availability"":[""mtgo"",""paper""],""expansion"":{""id"":""MSH"",""name"":""Marvel",sv4a_ja,https://scrydex.com/pokemon/expansions/shiny-treasure-ex/sv4a_ja
SV4a,シャイニートレジャーex,355,チオンジェンex,,"https://images.scrydex.com/magicthegathering/MSH-355/small"",""medium"":""https://images.scrydex.com/magicthegathering/MSH-355/medium"",""large"":""https://images.scrydex.com/magicthegathering/MSH-355/large""},{""type"":""back"",""small"":""https://images.scrydex.com/magicthegathering/MSH-355A/small"",""medium"":""https://images.scrydex.com/magicthegathering/MSH-355A/medium"",""large"":""https://images.scrydex.com/magicthegathering/MSH-355A/large""}],""rulings"":[],""printings"":[""MSH""],""availability"":[""mtgo"",""paper""],""expansion"":{""id"":""MSH"",""name"":""Marvel",sv4a_ja,https://scrydex.com/pokemon/expansions/shiny-treasure-ex/sv4a_ja
SV4a,シャイニートレジャーex,356,イーユイex,,"https://images.scrydex.com/magicthegathering/MSH-356/small"",""medium"":""https://images.scrydex.com/magicthegathering/MSH-356/medium"",""large"":""https://images.scrydex.com/magicthegathering/MSH-356/large""},{""type"":""back"",""small"":""https://images.scrydex.com/magicthegathering/MSH-356A/small"",""medium"":""https://images.scrydex.com/magicthegathering/MSH-356A/medium"",""large"":""https://images.scrydex.com/magicthegathering/MSH-356A/large""}],""rulings"":[],""printings"":[""MSH""],""availability"":[""mtgo"",""paper""],""expansion"":{""id"":""MSH"",""name"":""Marvel",sv4a_ja,https://scrydex.com/pokemon/expansions/shiny-treasure-ex/sv4a_ja
SV4a,シャイニートレジャーex,357,パオジアンex,,"https://images.scrydex.com/magicthegathering/MSH-357/small"",""medium"":""https://images.scrydex.com/magicthegathering/MSH-357/medium"",""large"":""https://images.scrydex.com/magicthegathering/MSH-357/large""}],""rulings"":[],""printings"":[""MSH""],""availability"":[""mtgo"",""paper""],""expansion"":{""id"":""MSH"",""name"":""Marvel",sv4a_ja,https://scrydex.com/pokemon/expansions/shiny-treasure-ex/sv4a_ja
SV4a,シャイニートレジャーex,358,ミライドンex,,"https://images.scrydex.com/magicthegathering/MSH-358/small"",""medium"":""https://images.scrydex.com/magicthegathering/MSH-358/medium"",""large"":""https://images.scrydex.com/magicthegathering/MSH-358/large""}],""rulings"":[],""printings"":[""MSH""],""availability"":[""mtgo"",""paper""],""expansion"":{""id"":""MSH"",""name"":""Marvel",sv4a_ja,https://scrydex.com/pokemon/expansions/shiny-treasure-ex/sv4a_ja
SV4a,シャイニートレジャーex,359,ディンルーex,,"https://images.scrydex.com/magicthegathering/MSH-359/small"",""medium"":""https://images.scrydex.com/magicthegathering/MSH-359/medium"",""large"":""https://images.scrydex.com/magicthegathering/MSH-359/large""},{""type"":""back"",""small"":""https://images.scrydex.com/magicthegathering/MSH-359A/small"",""medium"":""https://images.scrydex.com/magicthegathering/MSH-359A/medium"",""large"":""https://images.scrydex.com/magicthegathering/MSH-359A/large""}],""rulings"":[],""printings"":[""MSH""],""availability"":[""mtgo"",""paper""],""expansion"":{""id"":""MSH"",""name"":""Marvel",sv4a_ja,https://scrydex.com/pokemon/expansions/shiny-treasure-ex/sv4a_ja
SV4a,シャイニートレジャーex,360,コライドンex,,"https://images.scrydex.com/magicthegathering/MSH-360/small"",""medium"":""https://images.scrydex.com/magicthegathering/MSH-360/medium"",""large"":""https://images.scrydex.com/magicthegathering/MSH-360/large""}],""rulings"":[],""printings"":[""MSH""],""availability"":[""mtgo"",""paper""],""expansion"":{""id"":""MSH"",""name"":""Marvel",sv4a_ja,https://scrydex.com/pokemon/expansions/shiny-treasure-ex/sv4a_ja
