set_code,set_name,scrydex_id,card_number,position_vs_db_max,db_max_number,scrydex_name,scrydex_rarity,scrydex_image_url,scrydex_card_url,scrydex_set_url
SM1p,サン&ムーン,sm1p_ja,69,INSIDE_DB_RANGE,71,,,https://images.scrydex.com/pokemon/sm1p_ja-69/medium,https://scrydex.com/pokemon/cards/grass-energy/sm1p_ja-69?variant=reverseHolofoil,https://scrydex.com/pokemon/expansions/strength-expansion-pack-sun-moon/sm1p_ja
SM1p,サン&ムーン,sm1p_ja,72,BEYOND_DB_MAX,71,,,https://images.scrydex.com/pokemon/sm1p_ja-72/medium,https://scrydex.com/pokemon/cards/metal-energy/sm1p_ja-72?variant=reverseHolofoil,https://scrydex.com/pokemon/expansions/strength-expansion-pack-sun-moon/sm1p_ja
SM1p,サン&ムーン,sm1p_ja,73,BEYOND_DB_MAX,71,,,https://images.scrydex.com/pokemon/sm1p_ja-73/medium,https://scrydex.com/pokemon/cards/fairy-energy/sm1p_ja-73?variant=reverseHolofoil,https://scrydex.com/pokemon/expansions/strength-expansion-pack-sun-moon/sm1p_ja
SV4a,シャイニートレジャーex,sv4a_ja,127,INSIDE_DB_RANGE,360,,,https://images.scrydex.com/pokemon/sv4a_ja-127/medium,https://scrydex.com/pokemon/cards/shroodle/sv4a_ja-127?variant=normal,https://scrydex.com/pokemon/expansions/shiny-treasure-ex/sv4a_ja
SV4a,シャイニートレジャーex,sv4a_ja,128,INSIDE_DB_RANGE,360,,,https://images.scrydex.com/pokemon/sv4a_ja-128/medium,https://scrydex.com/pokemon/cards/grafaiai/sv4a_ja-128?variant=normal,https://scrydex.com/pokemon/expansions/shiny-treasure-ex/sv4a_ja
SV4a,シャイニートレジャーex,sv4a_ja,129,INSIDE_DB_RANGE,360,,,https://images.scrydex.com/pokemon/sv4a_ja-129/medium,https://scrydex.com/pokemon/cards/scizor/sv4a_ja-129?variant=holofoil,https://scrydex.com/pokemon/expansions/shiny-treasure-ex/sv4a_ja
SV4a,シャイニートレジャーex,sv4a_ja,130,INSIDE_DB_RANGE,360,,,https://images.scrydex.com/pokemon/sv4a_ja-130/medium,https://scrydex.com/pokemon/cards/varoom/sv4a_ja-130?variant=normal,https://scrydex.com/pokemon/expansions/shiny-treasure-ex/sv4a_ja
SV4a,シャイニートレジャーex,sv4a_ja,131,INSIDE_DB_RANGE,360,,,https://images.scrydex.com/pokemon/sv4a_ja-131/medium,https://scrydex.com/pokemon/cards/revavroom/sv4a_ja-131?variant=holofoil,https://scrydex.com/pokemon/expansions/shiny-treasure-ex/sv4a_ja
SV4a,シャイニートレジャーex,sv4a_ja,132,INSIDE_DB_RANGE,360,,RR,https://images.scrydex.com/pokemon/sv4a_ja-132/medium,https://scrydex.com/pokemon/cards/iron-treads-ex/sv4a_ja-132?variant=holofoil,https://scrydex.com/pokemon/expansions/shiny-treasure-ex/sv4a_ja
SV4a,シャイニートレジャーex,sv4a_ja,133,INSIDE_DB_RANGE,360,,,https://images.scrydex.com/pokemon/sv4a_ja-133/medium,https://scrydex.com/pokemon/cards/gholdengo/sv4a_ja-133?variant=normal,https://scrydex.com/pokemon/expansions/shiny-treasure-ex/sv4a_ja
SV4a,シャイニートレジャーex,sv4a_ja,134,INSIDE_DB_RANGE,360,,,https://images.scrydex.com/pokemon/sv4a_ja-134/medium,https://scrydex.com/pokemon/cards/noibat/sv4a_ja-134?variant=normal,https://scrydex.com/pokemon/expansions/shiny-treasure-ex/sv4a_ja
SV4a,シャイニートレジャーex,sv4a_ja,135,INSIDE_DB_RANGE,360,,RR,https://images.scrydex.com/pokemon/sv4a_ja-135/medium,https://scrydex.com/pokemon/cards/noivern-ex/sv4a_ja-135?variant=holofoil,https://scrydex.com/pokemon/expansions/shiny-treasure-ex/sv4a_ja
SV4a,シャイニートレジャーex,sv4a_ja,136,INSIDE_DB_RANGE,360,,,https://images.scrydex.com/pokemon/sv4a_ja-136/medium,https://scrydex.com/pokemon/cards/cyclizar/sv4a_ja-136?variant=normal,https://scrydex.com/pokemon/expansions/shiny-treasure-ex/sv4a_ja
SV4a,シャイニートレジャーex,sv4a_ja,137,INSIDE_DB_RANGE,360,,,https://images.scrydex.com/pokemon/sv4a_ja-137/medium,https://scrydex.com/pokemon/cards/pidgey/sv4a_ja-137?variant=normal,https://scrydex.com/pokemon/expansions/shiny-treasure-ex/sv4a_ja
SV4a,シャイニートレジャーex,sv4a_ja,138,INSIDE_DB_RANGE,360,,,https://images.scrydex.com/pokemon/sv4a_ja-138/medium,https://scrydex.com/pokemon/cards/pidgeotto/sv4a_ja-138?variant=normal,https://scrydex.com/pokemon/expansions/shiny-treasure-ex/sv4a_ja
SV4a,シャイニートレジャーex,sv4a_ja,139,INSIDE_DB_RANGE,360,,RR,https://images.scrydex.com/pokemon/sv4a_ja-139/medium,https://scrydex.com/pokemon/cards/pidgeot-ex/sv4a_ja-139?variant=holofoil,https://scrydex.com/pokemon/expansions/shiny-treasure-ex/sv4a_ja
SV4a,シャイニートレジャーex,sv4a_ja,140,INSIDE_DB_RANGE,360,,,https://images.scrydex.com/pokemon/sv4a_ja-140/medium,https://scrydex.com/pokemon/cards/jigglypuff/sv4a_ja-140?variant=normal,https://scrydex.com/pokemon/expansions/shiny-treasure-ex/sv4a_ja
SV4a,シャイニートレジャーex,sv4a_ja,141,INSIDE_DB_RANGE,360,,RR,https://images.scrydex.com/pokemon/sv4a_ja-141/medium,https://scrydex.com/pokemon/cards/wigglytuff-ex/sv4a_ja-141?variant=holofoil,https://scrydex.com/pokemon/expansions/shiny-treasure-ex/sv4a_ja
SV4a,シャイニートレジャーex,sv4a_ja,142,INSIDE_DB_RANGE,360,,,https://images.scrydex.com/pokemon/sv4a_ja-142/medium,https://scrydex.com/pokemon/cards/doduo/sv4a_ja-142?variant=normal,https://scrydex.com/pokemon/expansions/shiny-treasure-ex/sv4a_ja
SV4a,シャイニートレジャーex,sv4a_ja,143,INSIDE_DB_RANGE,360,,,https://images.scrydex.com/pokemon/sv4a_ja-143/medium,https://scrydex.com/pokemon/cards/dodrio/sv4a_ja-143?variant=holofoil,https://scrydex.com/pokemon/expansions/shiny-treasure-ex/sv4a_ja
SV4a,シャイニートレジャーex,sv4a_ja,144,INSIDE_DB_RANGE,360,,,https://images.scrydex.com/pokemon/sv4a_ja-144/medium,https://scrydex.com/pokemon/cards/ditto/sv4a_ja-144?variant=holofoil,https://scrydex.com/pokemon/expansions/shiny-treasure-ex/sv4a_ja
SV4a,シャイニートレジャーex,sv4a_ja,145,INSIDE_DB_RANGE,360,,,https://images.scrydex.com/pokemon/sv4a_ja-145/medium,https://scrydex.com/pokemon/cards/snorlax/sv4a_ja-145?variant=normal,https://scrydex.com/pokemon/expansions/shiny-treasure-ex/sv4a_ja
SV4a,シャイニートレジャーex,sv4a_ja,146,INSIDE_DB_RANGE,360,,,https://images.scrydex.com/pokemon/sv4a_ja-146/medium,https://scrydex.com/pokemon/cards/wingull/sv4a_ja-146?variant=normal,https://scrydex.com/pokemon/expansions/shiny-treasure-ex/sv4a_ja
SV4a,シャイニートレジャーex,sv4a_ja,148,INSIDE_DB_RANGE,360,,,https://images.scrydex.com/pokemon/sv4a_ja-148/medium,https://scrydex.com/pokemon/cards/skwovet/sv4a_ja-148?variant=normal,https://scrydex.com/pokemon/expansions/shiny-treasure-ex/sv4a_ja
SV4a,シャイニートレジャーex,sv4a_ja,149,INSIDE_DB_RANGE,360,,,https://images.scrydex.com/pokemon/sv4a_ja-149/medium,https://scrydex.com/pokemon/cards/greedent/sv4a_ja-149?variant=normal,https://scrydex.com/pokemon/expansions/shiny-treasure-ex/sv4a_ja
SV4a,シャイニートレジャーex,sv4a_ja,150,INSIDE_DB_RANGE,360,,,https://images.scrydex.com/pokemon/sv4a_ja-150/medium,https://scrydex.com/pokemon/cards/lechonk/sv4a_ja-150?variant=normal,https://scrydex.com/pokemon/expansions/shiny-treasure-ex/sv4a_ja
SV4a,シャイニートレジャーex,sv4a_ja,151,INSIDE_DB_RANGE,360,,,https://images.scrydex.com/pokemon/sv4a_ja-151/medium,https://scrydex.com/pokemon/cards/oinkologne/sv4a_ja-151?variant=normal,https://scrydex.com/pokemon/expansions/shiny-treasure-ex/sv4a_ja
SV4a,シャイニートレジャーex,sv4a_ja,152,INSIDE_DB_RANGE,360,,,https://images.scrydex.com/pokemon/sv4a_ja-152/medium,https://scrydex.com/pokemon/cards/tandemaus/sv4a_ja-152?variant=normal,https://scrydex.com/pokemon/expansions/shiny-treasure-ex/sv4a_ja
SV4a,シャイニートレジャーex,sv4a_ja,153,INSIDE_DB_RANGE,360,,,https://images.scrydex.com/pokemon/sv4a_ja-153/medium,https://scrydex.com/pokemon/cards/maushold/sv4a_ja-153?variant=normal,https://scrydex.com/pokemon/expansions/shiny-treasure-ex/sv4a_ja
SV4a,シャイニートレジャーex,sv4a_ja,154,INSIDE_DB_RANGE,360,,RR,https://images.scrydex.com/pokemon/sv4a_ja-154/medium,https://scrydex.com/pokemon/cards/squawkabilly-ex/sv4a_ja-154?variant=holofoil,https://scrydex.com/pokemon/expansions/shiny-treasure-ex/sv4a_ja
SV4a,シャイニートレジャーex,sv4a_ja,155,INSIDE_DB_RANGE,360,,,https://images.scrydex.com/pokemon/sv4a_ja-155/medium,https://scrydex.com/pokemon/cards/flamigo/sv4a_ja-155?variant=normal,https://scrydex.com/pokemon/expansions/shiny-treasure-ex/sv4a_ja
SV4a,シャイニートレジャーex,sv4a_ja,156,INSIDE_DB_RANGE,360,,,https://images.scrydex.com/pokemon/sv4a_ja-156/medium,https://scrydex.com/pokemon/cards/electric-generator/sv4a_ja-156?variant=normal,https://scrydex.com/pokemon/expansions/shiny-treasure-ex/sv4a_ja
SV4a,シャイニートレジャーex,sv4a_ja,157,INSIDE_DB_RANGE,360,,,https://images.scrydex.com/pokemon/sv4a_ja-157/medium,https://scrydex.com/pokemon/cards/superior-energy-retrieval/sv4a_ja-157?variant=normal,https://scrydex.com/pokemon/expansions/shiny-treasure-ex/sv4a_ja
SV4a,シャイニートレジャーex,sv4a_ja,158,INSIDE_DB_RANGE,360,,,https://images.scrydex.com/pokemon/sv4a_ja-158/medium,https://scrydex.com/pokemon/cards/super-rod/sv4a_ja-158?variant=normal,https://scrydex.com/pokemon/expansions/shiny-treasure-ex/sv4a_ja
SV4a,シャイニートレジャーex,sv4a_ja,159,INSIDE_DB_RANGE,360,,,https://images.scrydex.com/pokemon/sv4a_ja-159/medium,https://scrydex.com/pokemon/cards/nest-ball/sv4a_ja-159?variant=normal,https://scrydex.com/pokemon/expansions/shiny-treasure-ex/sv4a_ja
SV4a,シャイニートレジャーex,sv4a_ja,160,INSIDE_DB_RANGE,360,,,https://images.scrydex.com/pokemon/sv4a_ja-160/medium,https://scrydex.com/pokemon/cards/nemonas-backpack/sv4a_ja-160?variant=normal,https://scrydex.com/pokemon/expansions/shiny-treasure-ex/sv4a_ja
SV4a,シャイニートレジャーex,sv4a_ja,161,INSIDE_DB_RANGE,360,,,https://images.scrydex.com/pokemon/sv4a_ja-161/medium,https://scrydex.com/pokemon/cards/ultra-ball/sv4a_ja-161?variant=normal,https://scrydex.com/pokemon/expansions/shiny-treasure-ex/sv4a_ja
SV4a,シャイニートレジャーex,sv4a_ja,162,INSIDE_DB_RANGE,360,,,https://images.scrydex.com/pokemon/sv4a_ja-162/medium,https://scrydex.com/pokemon/cards/letter-of-encouragement/sv4a_ja-162?variant=normal,https://scrydex.com/pokemon/expansions/shiny-treasure-ex/sv4a_ja
SV4a,シャイニートレジャーex,sv4a_ja,163,INSIDE_DB_RANGE,360,,,https://images.scrydex.com/pokemon/sv4a_ja-163/medium,https://scrydex.com/pokemon/cards/rare-candy/sv4a_ja-163?variant=normal,https://scrydex.com/pokemon/expansions/shiny-treasure-ex/sv4a_ja
SV4a,シャイニートレジャーex,sv4a_ja,164,INSIDE_DB_RANGE,360,,,https://images.scrydex.com/pokemon/sv4a_ja-164/medium,https://scrydex.com/pokemon/cards/rock-chestplate/sv4a_ja-164?variant=normal,https://scrydex.com/pokemon/expansions/shiny-treasure-ex/sv4a_ja
SV4a,シャイニートレジャーex,sv4a_ja,165,INSIDE_DB_RANGE,360,,,https://images.scrydex.com/pokemon/sv4a_ja-165/medium,https://scrydex.com/pokemon/cards/big-air-balloon/sv4a_ja-165?variant=normal,https://scrydex.com/pokemon/expansions/shiny-treasure-ex/sv4a_ja
SV4a,シャイニートレジャーex,sv4a_ja,166,INSIDE_DB_RANGE,360,,,https://images.scrydex.com/pokemon/sv4a_ja-166/medium,https://scrydex.com/pokemon/cards/rigid-band/sv4a_ja-166?variant=normal,https://scrydex.com/pokemon/expansions/shiny-treasure-ex/sv4a_ja
SV4a,シャイニートレジャーex,sv4a_ja,167,INSIDE_DB_RANGE,360,,,https://images.scrydex.com/pokemon/sv4a_ja-167/medium,https://scrydex.com/pokemon/cards/leftovers/sv4a_ja-167?variant=normal,https://scrydex.com/pokemon/expansions/shiny-treasure-ex/sv4a_ja
XY,ハイクラスパック「THE BEST OF XY」,xy_ja,1,INSIDE_DB_RANGE,188,,,https://images.scrydex.com/pokemon/xy_ja-1/medium,https://scrydex.com/pokemon/cards/oddish/xy_ja-1?variant=normal,https://scrydex.com/pokemon/expansions/the-best-of-xy/xy_ja
XY,ハイクラスパック「THE BEST OF XY」,xy_ja,2,INSIDE_DB_RANGE,188,,,https://images.scrydex.com/pokemon/xy_ja-2/medium,https://scrydex.com/pokemon/cards/gloom/xy_ja-2?variant=normal,https://scrydex.com/pokemon/expansions/the-best-of-xy/xy_ja
XY,ハイクラスパック「THE BEST OF XY」,xy_ja,3,INSIDE_DB_RANGE,188,,,https://images.scrydex.com/pokemon/xy_ja-3/medium,https://scrydex.com/pokemon/cards/vileplume/xy_ja-3?variant=normal,https://scrydex.com/pokemon/expansions/the-best-of-xy/xy_ja
XY,ハイクラスパック「THE BEST OF XY」,xy_ja,4,INSIDE_DB_RANGE,188,,,https://images.scrydex.com/pokemon/xy_ja-4/medium,https://scrydex.com/pokemon/cards/spinarak/xy_ja-4?variant=normal,https://scrydex.com/pokemon/expansions/the-best-of-xy/xy_ja
XY,ハイクラスパック「THE BEST OF XY」,xy_ja,5,INSIDE_DB_RANGE,188,,,https://images.scrydex.com/pokemon/xy_ja-5/medium,https://scrydex.com/pokemon/cards/ariados/xy_ja-5?variant=normal,https://scrydex.com/pokemon/expansions/the-best-of-xy/xy_ja
XY,ハイクラスパック「THE BEST OF XY」,xy_ja,6,INSIDE_DB_RANGE,188,,,https://images.scrydex.com/pokemon/xy_ja-6/medium,https://scrydex.com/pokemon/cards/sceptile-ex/xy_ja-6?variant=holofoil,https://scrydex.com/pokemon/expansions/the-best-of-xy/xy_ja
XY,ハイクラスパック「THE BEST OF XY」,xy_ja,7,INSIDE_DB_RANGE,188,,,https://images.scrydex.com/pokemon/xy_ja-7/medium,https://scrydex.com/pokemon/cards/m-sceptile-ex/xy_ja-7?variant=holofoil,https://scrydex.com/pokemon/expansions/the-best-of-xy/xy_ja
XY,ハイクラスパック「THE BEST OF XY」,xy_ja,8,INSIDE_DB_RANGE,188,,,https://images.scrydex.com/pokemon/xy_ja-8/medium,https://scrydex.com/pokemon/cards/combee/xy_ja-8?variant=normal,https://scrydex.com/pokemon/expansions/the-best-of-xy/xy_ja
XY,ハイクラスパック「THE BEST OF XY」,xy_ja,9,INSIDE_DB_RANGE,188,,,https://images.scrydex.com/pokemon/xy_ja-9/medium,https://scrydex.com/pokemon/cards/vespiquen/xy_ja-9?variant=normal,https://scrydex.com/pokemon/expansions/the-best-of-xy/xy_ja
XY,ハイクラスパック「THE BEST OF XY」,xy_ja,10,INSIDE_DB_RANGE,188,,,https://images.scrydex.com/pokemon/xy_ja-10/medium,https://scrydex.com/pokemon/cards/flareon/xy_ja-10?variant=normal,https://scrydex.com/pokemon/expansions/the-best-of-xy/xy_ja
XY,ハイクラスパック「THE BEST OF XY」,xy_ja,11,INSIDE_DB_RANGE,188,,,https://images.scrydex.com/pokemon/xy_ja-11/medium,https://scrydex.com/pokemon/cards/entei/xy_ja-11?variant=normal,https://scrydex.com/pokemon/expansions/the-best-of-xy/xy_ja
XY,ハイクラスパック「THE BEST OF XY」,xy_ja,13,INSIDE_DB_RANGE,188,,,https://images.scrydex.com/pokemon/xy_ja-13/medium,https://scrydex.com/pokemon/cards/m-camerupt-ex/xy_ja-13?variant=holofoil,https://scrydex.com/pokemon/expansions/the-best-of-xy/xy_ja
XY,ハイクラスパック「THE BEST OF XY」,xy_ja,14,INSIDE_DB_RANGE,188,,,https://images.scrydex.com/pokemon/xy_ja-14/medium,https://scrydex.com/pokemon/cards/volcanion/xy_ja-14?variant=normal,https://scrydex.com/pokemon/expansions/the-best-of-xy/xy_ja
XY,ハイクラスパック「THE BEST OF XY」,xy_ja,15,INSIDE_DB_RANGE,188,,,https://images.scrydex.com/pokemon/xy_ja-15/medium,https://scrydex.com/pokemon/cards/volcanion-ex/xy_ja-15?variant=holofoil,https://scrydex.com/pokemon/expansions/the-best-of-xy/xy_ja
XY,ハイクラスパック「THE BEST OF XY」,xy_ja,16,INSIDE_DB_RANGE,188,,,https://images.scrydex.com/pokemon/xy_ja-16/medium,https://scrydex.com/pokemon/cards/vaporeon/xy_ja-16?variant=normal,https://scrydex.com/pokemon/expansions/the-best-of-xy/xy_ja
XY,ハイクラスパック「THE BEST OF XY」,xy_ja,17,INSIDE_DB_RANGE,188,,,https://images.scrydex.com/pokemon/xy_ja-17/medium,https://scrydex.com/pokemon/cards/articuno/xy_ja-17?variant=normal,https://scrydex.com/pokemon/expansions/the-best-of-xy/xy_ja
XY,ハイクラスパック「THE BEST OF XY」,xy_ja,18,INSIDE_DB_RANGE,188,,,https://images.scrydex.com/pokemon/xy_ja-18/medium,https://scrydex.com/pokemon/cards/remoraid/xy_ja-18?variant=normal,https://scrydex.com/pokemon/expansions/the-best-of-xy/xy_ja
XY,ハイクラスパック「THE BEST OF XY」,xy_ja,19,INSIDE_DB_RANGE,188,,,https://images.scrydex.com/pokemon/xy_ja-19/medium,https://scrydex.com/pokemon/cards/octillery/xy_ja-19?variant=normal,https://scrydex.com/pokemon/expansions/the-best-of-xy/xy_ja
XY,ハイクラスパック「THE BEST OF XY」,xy_ja,20,INSIDE_DB_RANGE,188,,,https://images.scrydex.com/pokemon/xy_ja-20/medium,https://scrydex.com/pokemon/cards/glaceon-ex/xy_ja-20?variant=holofoil,https://scrydex.com/pokemon/expansions/the-best-of-xy/xy_ja
XY,ハイクラスパック「THE BEST OF XY」,xy_ja,21,INSIDE_DB_RANGE,188,,,https://images.scrydex.com/pokemon/xy_ja-21/medium,https://scrydex.com/pokemon/cards/manaphy-ex/xy_ja-21?variant=holofoil,https://scrydex.com/pokemon/expansions/the-best-of-xy/xy_ja
XY,ハイクラスパック「THE BEST OF XY」,xy_ja,22,INSIDE_DB_RANGE,188,,,https://images.scrydex.com/pokemon/xy_ja-22/medium,https://scrydex.com/pokemon/cards/seismitoad-ex/xy_ja-22?variant=holofoil,https://scrydex.com/pokemon/expansions/the-best-of-xy/xy_ja
XY,ハイクラスパック「THE BEST OF XY」,xy_ja,23,INSIDE_DB_RANGE,188,,,https://images.scrydex.com/pokemon/xy_ja-23/medium,https://scrydex.com/pokemon/cards/white-kyurem/xy_ja-23?variant=normal,https://scrydex.com/pokemon/expansions/the-best-of-xy/xy_ja
XY,ハイクラスパック「THE BEST OF XY」,xy_ja,24,INSIDE_DB_RANGE,188,,,https://images.scrydex.com/pokemon/xy_ja-24/medium,https://scrydex.com/pokemon/cards/froakie/xy_ja-24?variant=normal,https://scrydex.com/pokemon/expansions/the-best-of-xy/xy_ja
XY,ハイクラスパック「THE BEST OF XY」,xy_ja,25,INSIDE_DB_RANGE,188,,,https://images.scrydex.com/pokemon/xy_ja-25/medium,https://scrydex.com/pokemon/cards/frogadier/xy_ja-25?variant=normal,https://scrydex.com/pokemon/expansions/the-best-of-xy/xy_ja
XY,ハイクラスパック「THE BEST OF XY」,xy_ja,26,INSIDE_DB_RANGE,188,,,https://images.scrydex.com/pokemon/xy_ja-26/medium,https://scrydex.com/pokemon/cards/greninja/xy_ja-26?variant=normal,https://scrydex.com/pokemon/expansions/the-best-of-xy/xy_ja
XY,ハイクラスパック「THE BEST OF XY」,xy_ja,27,INSIDE_DB_RANGE,188,,,https://images.scrydex.com/pokemon/xy_ja-27/medium,https://scrydex.com/pokemon/cards/greninja/xy_ja-27?variant=normal,https://scrydex.com/pokemon/expansions/the-best-of-xy/xy_ja
XY,ハイクラスパック「THE BEST OF XY」,xy_ja,28,INSIDE_DB_RANGE,188,,,https://images.scrydex.com/pokemon/xy_ja-28/medium,https://scrydex.com/pokemon/cards/greninja-break/xy_ja-28?variant=holofoil,https://scrydex.com/pokemon/expansions/the-best-of-xy/xy_ja
XY,ハイクラスパック「THE BEST OF XY」,xy_ja,29,INSIDE_DB_RANGE,188,,,https://images.scrydex.com/pokemon/xy_ja-29/medium,https://scrydex.com/pokemon/cards/pikachu/xy_ja-29?variant=normal,https://scrydex.com/pokemon/expansions/the-best-of-xy/xy_ja
XY,ハイクラスパック「THE BEST OF XY」,xy_ja,30,INSIDE_DB_RANGE,188,,,https://images.scrydex.com/pokemon/xy_ja-30/medium,https://scrydex.com/pokemon/cards/raichu/xy_ja-30?variant=normal,https://scrydex.com/pokemon/expansions/the-best-of-xy/xy_ja
XY,ハイクラスパック「THE BEST OF XY」,xy_ja,31,INSIDE_DB_RANGE,188,,,https://images.scrydex.com/pokemon/xy_ja-31/medium,https://scrydex.com/pokemon/cards/jolteon/xy_ja-31?variant=normal,https://scrydex.com/pokemon/expansions/the-best-of-xy/xy_ja
XY,ハイクラスパック「THE BEST OF XY」,xy_ja,32,INSIDE_DB_RANGE,188,,,https://images.scrydex.com/pokemon/xy_ja-32/medium,https://scrydex.com/pokemon/cards/jolteon-ex/xy_ja-32?variant=holofoil,https://scrydex.com/pokemon/expansions/the-best-of-xy/xy_ja
XY,ハイクラスパック「THE BEST OF XY」,xy_ja,33,INSIDE_DB_RANGE,188,,,https://images.scrydex.com/pokemon/xy_ja-33/medium,https://scrydex.com/pokemon/cards/raikou/xy_ja-33?variant=normal,https://scrydex.com/pokemon/expansions/the-best-of-xy/xy_ja
XY,ハイクラスパック「THE BEST OF XY」,xy_ja,34,INSIDE_DB_RANGE,188,,,https://images.scrydex.com/pokemon/xy_ja-34/medium,https://scrydex.com/pokemon/cards/manectric-ex/xy_ja-34?variant=holofoil,https://scrydex.com/pokemon/expansions/the-best-of-xy/xy_ja
XY,ハイクラスパック「THE BEST OF XY」,xy_ja,35,INSIDE_DB_RANGE,188,,,https://images.scrydex.com/pokemon/xy_ja-35/medium,https://scrydex.com/pokemon/cards/m-manectric-ex/xy_ja-35?variant=holofoil,https://scrydex.com/pokemon/expansions/the-best-of-xy/xy_ja
XY,ハイクラスパック「THE BEST OF XY」,xy_ja,36,INSIDE_DB_RANGE,188,,,https://images.scrydex.com/pokemon/xy_ja-36/medium,https://scrydex.com/pokemon/cards/joltik/xy_ja-36?variant=normal,https://scrydex.com/pokemon/expansions/the-best-of-xy/xy_ja
XY,ハイクラスパック「THE BEST OF XY」,xy_ja,37,INSIDE_DB_RANGE,188,,,https://images.scrydex.com/pokemon/xy_ja-37/medium,https://scrydex.com/pokemon/cards/zubat/xy_ja-37?variant=normal,https://scrydex.com/pokemon/expansions/the-best-of-xy/xy_ja
XY,ハイクラスパック「THE BEST OF XY」,xy_ja,38,INSIDE_DB_RANGE,188,,,https://images.scrydex.com/pokemon/xy_ja-38/medium,https://scrydex.com/pokemon/cards/golbat/xy_ja-38?variant=normal,https://scrydex.com/pokemon/expansions/the-best-of-xy/xy_ja
XY,ハイクラスパック「THE BEST OF XY」,xy_ja,39,INSIDE_DB_RANGE,188,,,https://images.scrydex.com/pokemon/xy_ja-39/medium,https://scrydex.com/pokemon/cards/crobat/xy_ja-39?variant=normal,https://scrydex.com/pokemon/expansions/the-best-of-xy/xy_ja
XY,ハイクラスパック「THE BEST OF XY」,xy_ja,40,INSIDE_DB_RANGE,188,,,https://images.scrydex.com/pokemon/xy_ja-40/medium,https://scrydex.com/pokemon/cards/alakazam-ex/xy_ja-40?variant=holofoil,https://scrydex.com/pokemon/expansions/the-best-of-xy/xy_ja
XY,ハイクラスパック「THE BEST OF XY」,xy_ja,41,INSIDE_DB_RANGE,188,,,https://images.scrydex.com/pokemon/xy_ja-41/medium,https://scrydex.com/pokemon/cards/m-alakazam-ex/xy_ja-41?variant=holofoil,https://scrydex.com/pokemon/expansions/the-best-of-xy/xy_ja
XY,ハイクラスパック「THE BEST OF XY」,xy_ja,42,INSIDE_DB_RANGE,188,,,https://images.scrydex.com/pokemon/xy_ja-42/medium,https://scrydex.com/pokemon/cards/mewtwo-ex/xy_ja-42?variant=holofoil,https://scrydex.com/pokemon/expansions/the-best-of-xy/xy_ja
XY,ハイクラスパック「THE BEST OF XY」,xy_ja,43,INSIDE_DB_RANGE,188,,,https://images.scrydex.com/pokemon/xy_ja-43/medium,https://scrydex.com/pokemon/cards/m-mewtwo-ex/xy_ja-43?variant=holofoil,https://scrydex.com/pokemon/expansions/the-best-of-xy/xy_ja
XY,ハイクラスパック「THE BEST OF XY」,xy_ja,44,INSIDE_DB_RANGE,188,,,https://images.scrydex.com/pokemon/xy_ja-44/medium,https://scrydex.com/pokemon/cards/mew/xy_ja-44?variant=normal,https://scrydex.com/pokemon/expansions/the-best-of-xy/xy_ja
XY,ハイクラスパック「THE BEST OF XY」,xy_ja,45,INSIDE_DB_RANGE,188,,,https://images.scrydex.com/pokemon/xy_ja-45/medium,https://scrydex.com/pokemon/cards/espeon-ex/xy_ja-45?variant=holofoil,https://scrydex.com/pokemon/expansions/the-best-of-xy/xy_ja
XY,ハイクラスパック「THE BEST OF XY」,xy_ja,46,INSIDE_DB_RANGE,188,,,https://images.scrydex.com/pokemon/xy_ja-46/medium,https://scrydex.com/pokemon/cards/unown/xy_ja-46?variant=normal,https://scrydex.com/pokemon/expansions/the-best-of-xy/xy_ja
XY,ハイクラスパック「THE BEST OF XY」,xy_ja,47,INSIDE_DB_RANGE,188,,,https://images.scrydex.com/pokemon/xy_ja-47/medium,https://scrydex.com/pokemon/cards/wobbuffet/xy_ja-47?variant=normal,https://scrydex.com/pokemon/expansions/the-best-of-xy/xy_ja
XY,ハイクラスパック「THE BEST OF XY」,xy_ja,48,INSIDE_DB_RANGE,188,,,https://images.scrydex.com/pokemon/xy_ja-48/medium,https://scrydex.com/pokemon/cards/giratina/xy_ja-48?variant=normal,https://scrydex.com/pokemon/expansions/the-best-of-xy/xy_ja
XY,ハイクラスパック「THE BEST OF XY」,xy_ja,49,INSIDE_DB_RANGE,188,,,https://images.scrydex.com/pokemon/xy_ja-49/medium,https://scrydex.com/pokemon/cards/trubbish/xy_ja-49?variant=normal,https://scrydex.com/pokemon/expansions/the-best-of-xy/xy_ja
XY,ハイクラスパック「THE BEST OF XY」,xy_ja,50,INSIDE_DB_RANGE,188,,,https://images.scrydex.com/pokemon/xy_ja-50/medium,https://scrydex.com/pokemon/cards/garbodor/xy_ja-50?variant=normal,https://scrydex.com/pokemon/expansions/the-best-of-xy/xy_ja
XY,ハイクラスパック「THE BEST OF XY」,xy_ja,51,INSIDE_DB_RANGE,188,,,https://images.scrydex.com/pokemon/xy_ja-51/medium,https://scrydex.com/pokemon/cards/litwick/xy_ja-51?variant=normal,https://scrydex.com/pokemon/expansions/the-best-of-xy/xy_ja
XY,ハイクラスパック「THE BEST OF XY」,xy_ja,52,INSIDE_DB_RANGE,188,,,https://images.scrydex.com/pokemon/xy_ja-52/medium,https://scrydex.com/pokemon/cards/lampent/xy_ja-52?variant=normal,https://scrydex.com/pokemon/expansions/the-best-of-xy/xy_ja
XY,ハイクラスパック「THE BEST OF XY」,xy_ja,53,INSIDE_DB_RANGE,188,,,https://images.scrydex.com/pokemon/xy_ja-53/medium,https://scrydex.com/pokemon/cards/phantump/xy_ja-53?variant=normal,https://scrydex.com/pokemon/expansions/the-best-of-xy/xy_ja
XY,ハイクラスパック「THE BEST OF XY」,xy_ja,54,INSIDE_DB_RANGE,188,,,https://images.scrydex.com/pokemon/xy_ja-54/medium,https://scrydex.com/pokemon/cards/trevenant/xy_ja-54?variant=normal,https://scrydex.com/pokemon/expansions/the-best-of-xy/xy_ja
XY,ハイクラスパック「THE BEST OF XY」,xy_ja,56,INSIDE_DB_RANGE,188,,,https://images.scrydex.com/pokemon/xy_ja-56/medium,https://scrydex.com/pokemon/cards/pumpkaboo/xy_ja-56?variant=normal,https://scrydex.com/pokemon/expansions/the-best-of-xy/xy_ja
XY,ハイクラスパック「THE BEST OF XY」,xy_ja,57,INSIDE_DB_RANGE,188,,,https://images.scrydex.com/pokemon/xy_ja-57/medium,https://scrydex.com/pokemon/cards/hoopa/xy_ja-57?variant=normal,https://scrydex.com/pokemon/expansions/the-best-of-xy/xy_ja
XY,ハイクラスパック「THE BEST OF XY」,xy_ja,59,INSIDE_DB_RANGE,188,,,https://images.scrydex.com/pokemon/xy_ja-59/medium,https://scrydex.com/pokemon/cards/meditite/xy_ja-59?variant=normal,https://scrydex.com/pokemon/expansions/the-best-of-xy/xy_ja
XY,ハイクラスパック「THE BEST OF XY」,xy_ja,60,INSIDE_DB_RANGE,188,,,https://images.scrydex.com/pokemon/xy_ja-60/medium,https://scrydex.com/pokemon/cards/medicham/xy_ja-60?variant=normal,https://scrydex.com/pokemon/expansions/the-best-of-xy/xy_ja
XY,ハイクラスパック「THE BEST OF XY」,xy_ja,64,INSIDE_DB_RANGE,188,,,https://images.scrydex.com/pokemon/xy_ja-64/medium,https://scrydex.com/pokemon/cards/landorus/xy_ja-64?variant=normal,https://scrydex.com/pokemon/expansions/the-best-of-xy/xy_ja
XY,ハイクラスパック「THE BEST OF XY」,xy_ja,65,INSIDE_DB_RANGE,188,,,https://images.scrydex.com/pokemon/xy_ja-65/medium,https://scrydex.com/pokemon/cards/carbink/xy_ja-65?variant=normal,https://scrydex.com/pokemon/expansions/the-best-of-xy/xy_ja
XY,ハイクラスパック「THE BEST OF XY」,xy_ja,66,INSIDE_DB_RANGE,188,,,https://images.scrydex.com/pokemon/xy_ja-66/medium,https://scrydex.com/pokemon/cards/carbink/xy_ja-66?variant=normal,https://scrydex.com/pokemon/expansions/the-best-of-xy/xy_ja
XY,ハイクラスパック「THE BEST OF XY」,xy_ja,68,INSIDE_DB_RANGE,188,,,https://images.scrydex.com/pokemon/xy_ja-68/medium,https://scrydex.com/pokemon/cards/zygarde/xy_ja-68?variant=normal,https://scrydex.com/pokemon/expansions/the-best-of-xy/xy_ja
XY,ハイクラスパック「THE BEST OF XY」,xy_ja,73,INSIDE_DB_RANGE,188,,,https://images.scrydex.com/pokemon/xy_ja-73/medium,https://scrydex.com/pokemon/cards/zorua/xy_ja-73?variant=normal,https://scrydex.com/pokemon/expansions/the-best-of-xy/xy_ja
XY,ハイクラスパック「THE BEST OF XY」,xy_ja,74,INSIDE_DB_RANGE,188,,,https://images.scrydex.com/pokemon/xy_ja-74/medium,https://scrydex.com/pokemon/cards/zoroark/xy_ja-74?variant=normal,https://scrydex.com/pokemon/expansions/the-best-of-xy/xy_ja
XY,ハイクラスパック「THE BEST OF XY」,xy_ja,77,INSIDE_DB_RANGE,188,,,https://images.scrydex.com/pokemon/xy_ja-77/medium,https://scrydex.com/pokemon/cards/yveltal/xy_ja-77?variant=normal,https://scrydex.com/pokemon/expansions/the-best-of-xy/xy_ja
XY,ハイクラスパック「THE BEST OF XY」,xy_ja,78,INSIDE_DB_RANGE,188,,,https://images.scrydex.com/pokemon/xy_ja-78/medium,https://scrydex.com/pokemon/cards/yveltal/xy_ja-78?variant=normal,https://scrydex.com/pokemon/expansions/the-best-of-xy/xy_ja
XY,ハイクラスパック「THE BEST OF XY」,xy_ja,80,INSIDE_DB_RANGE,188,,,https://images.scrydex.com/pokemon/xy_ja-80/medium,https://scrydex.com/pokemon/cards/jirachi/xy_ja-80?variant=normal,https://scrydex.com/pokemon/expansions/the-best-of-xy/xy_ja
XY,ハイクラスパック「THE BEST OF XY」,xy_ja,81,INSIDE_DB_RANGE,188,,,https://images.scrydex.com/pokemon/xy_ja-81/medium,https://scrydex.com/pokemon/cards/bronzor/xy_ja-81?variant=normal,https://scrydex.com/pokemon/expansions/the-best-of-xy/xy_ja
XY,ハイクラスパック「THE BEST OF XY」,xy_ja,82,INSIDE_DB_RANGE,188,,,https://images.scrydex.com/pokemon/xy_ja-82/medium,https://scrydex.com/pokemon/cards/bronzong/xy_ja-82?variant=normal,https://scrydex.com/pokemon/expansions/the-best-of-xy/xy_ja
XY,ハイクラスパック「THE BEST OF XY」,xy_ja,84,INSIDE_DB_RANGE,188,,,https://images.scrydex.com/pokemon/xy_ja-84/medium,https://scrydex.com/pokemon/cards/heatran/xy_ja-84?variant=normal,https://scrydex.com/pokemon/expansions/the-best-of-xy/xy_ja
XY,ハイクラスパック「THE BEST OF XY」,xy_ja,85,INSIDE_DB_RANGE,188,,,https://images.scrydex.com/pokemon/xy_ja-85/medium,https://scrydex.com/pokemon/cards/cobalion/xy_ja-85?variant=normal,https://scrydex.com/pokemon/expansions/the-best-of-xy/xy_ja
XY,ハイクラスパック「THE BEST OF XY」,xy_ja,88,INSIDE_DB_RANGE,188,,,https://images.scrydex.com/pokemon/xy_ja-88/medium,https://scrydex.com/pokemon/cards/magearna/xy_ja-88?variant=normal,https://scrydex.com/pokemon/expansions/the-best-of-xy/xy_ja
XY,ハイクラスパック「THE BEST OF XY」,xy_ja,90,INSIDE_DB_RANGE,188,,,https://images.scrydex.com/pokemon/xy_ja-90/medium,https://scrydex.com/pokemon/cards/mr-mime/xy_ja-90?variant=normal,https://scrydex.com/pokemon/expansions/the-best-of-xy/xy_ja
XY,ハイクラスパック「THE BEST OF XY」,xy_ja,93,INSIDE_DB_RANGE,188,,,https://images.scrydex.com/pokemon/xy_ja-93/medium,https://scrydex.com/pokemon/cards/spritzee/xy_ja-93?variant=normal,https://scrydex.com/pokemon/expansions/the-best-of-xy/xy_ja
XY,ハイクラスパック「THE BEST OF XY」,xy_ja,94,INSIDE_DB_RANGE,188,,,https://images.scrydex.com/pokemon/xy_ja-94/medium,https://scrydex.com/pokemon/cards/aromatisse/xy_ja-94?variant=normal,https://scrydex.com/pokemon/expansions/the-best-of-xy/xy_ja
XY,ハイクラスパック「THE BEST OF XY」,xy_ja,95,INSIDE_DB_RANGE,188,,,https://images.scrydex.com/pokemon/xy_ja-95/medium,https://scrydex.com/pokemon/cards/xerneas/xy_ja-95?variant=normal,https://scrydex.com/pokemon/expansions/the-best-of-xy/xy_ja
XY,ハイクラスパック「THE BEST OF XY」,xy_ja,96,INSIDE_DB_RANGE,188,,,https://images.scrydex.com/pokemon/xy_ja-96/medium,https://scrydex.com/pokemon/cards/xerneas/xy_ja-96?variant=normal,https://scrydex.com/pokemon/expansions/the-best-of-xy/xy_ja
XY,ハイクラスパック「THE BEST OF XY」,xy_ja,100,INSIDE_DB_RANGE,188,,,https://images.scrydex.com/pokemon/xy_ja-100/medium,https://scrydex.com/pokemon/cards/eevee/xy_ja-100?variant=normal,https://scrydex.com/pokemon/expansions/the-best-of-xy/xy_ja
XY,ハイクラスパック「THE BEST OF XY」,xy_ja,101,INSIDE_DB_RANGE,188,,,https://images.scrydex.com/pokemon/xy_ja-101/medium,https://scrydex.com/pokemon/cards/miltank/xy_ja-101?variant=normal,https://scrydex.com/pokemon/expansions/the-best-of-xy/xy_ja
XY,ハイクラスパック「THE BEST OF XY」,xy_ja,102,INSIDE_DB_RANGE,188,,,https://images.scrydex.com/pokemon/xy_ja-102/medium,https://scrydex.com/pokemon/cards/lugia/xy_ja-102?variant=normal,https://scrydex.com/pokemon/expansions/the-best-of-xy/xy_ja
XY,ハイクラスパック「THE BEST OF XY」,xy_ja,107,INSIDE_DB_RANGE,188,,,https://images.scrydex.com/pokemon/xy_ja-107/medium,https://scrydex.com/pokemon/cards/bunnelby/xy_ja-107?variant=normal,https://scrydex.com/pokemon/expansions/the-best-of-xy/xy_ja
XY,ハイクラスパック「THE BEST OF XY」,xy_ja,108,INSIDE_DB_RANGE,188,,,https://images.scrydex.com/pokemon/xy_ja-108/medium,https://scrydex.com/pokemon/cards/special-charge/xy_ja-108?variant=normal,https://scrydex.com/pokemon/expansions/the-best-of-xy/xy_ja
XY,ハイクラスパック「THE BEST OF XY」,xy_ja,109,INSIDE_DB_RANGE,188,,,https://images.scrydex.com/pokemon/xy_ja-109/medium,https://scrydex.com/pokemon/cards/target-whistle/xy_ja-109?variant=normal,https://scrydex.com/pokemon/expansions/the-best-of-xy/xy_ja
XY,ハイクラスパック「THE BEST OF XY」,xy_ja,110,INSIDE_DB_RANGE,188,,,https://images.scrydex.com/pokemon/xy_ja-110/medium,https://scrydex.com/pokemon/cards/acro-bike/xy_ja-110?variant=normal,https://scrydex.com/pokemon/expansions/the-best-of-xy/xy_ja
XY,ハイクラスパック「THE BEST OF XY」,xy_ja,111,INSIDE_DB_RANGE,188,,,https://images.scrydex.com/pokemon/xy_ja-111/medium,https://scrydex.com/pokemon/cards/dive-ball/xy_ja-111?variant=normal,https://scrydex.com/pokemon/expansions/the-best-of-xy/xy_ja
XY,ハイクラスパック「THE BEST OF XY」,xy_ja,112,INSIDE_DB_RANGE,188,,,https://images.scrydex.com/pokemon/xy_ja-112/medium,https://scrydex.com/pokemon/cards/puzzle-of-time/xy_ja-112?variant=normal,https://scrydex.com/pokemon/expansions/the-best-of-xy/xy_ja
XY,ハイクラスパック「THE BEST OF XY」,xy_ja,113,INSIDE_DB_RANGE,188,,,https://images.scrydex.com/pokemon/xy_ja-113/medium,https://scrydex.com/pokemon/cards/trainers-mail/xy_ja-113?variant=normal,https://scrydex.com/pokemon/expansions/the-best-of-xy/xy_ja
XY,ハイクラスパック「THE BEST OF XY」,xy_ja,114,INSIDE_DB_RANGE,188,,,https://images.scrydex.com/pokemon/xy_ja-114/medium,https://scrydex.com/pokemon/cards/battle-compressor/xy_ja-114?variant=normal,https://scrydex.com/pokemon/expansions/the-best-of-xy/xy_ja
XY,ハイクラスパック「THE BEST OF XY」,xy_ja,115,INSIDE_DB_RANGE,188,,,https://images.scrydex.com/pokemon/xy_ja-115/medium,https://scrydex.com/pokemon/cards/vs-seeker/xy_ja-115?variant=normal,https://scrydex.com/pokemon/expansions/the-best-of-xy/xy_ja
XY,ハイクラスパック「THE BEST OF XY」,xy_ja,116,INSIDE_DB_RANGE,188,,,https://images.scrydex.com/pokemon/xy_ja-116/medium,https://scrydex.com/pokemon/cards/max-elixir/xy_ja-116?variant=normal,https://scrydex.com/pokemon/expansions/the-best-of-xy/xy_ja
XY,ハイクラスパック「THE BEST OF XY」,xy_ja,117,INSIDE_DB_RANGE,188,,,https://images.scrydex.com/pokemon/xy_ja-117/medium,https://scrydex.com/pokemon/cards/fairy-drop/xy_ja-117?variant=normal,https://scrydex.com/pokemon/expansions/the-best-of-xy/xy_ja
XY,ハイクラスパック「THE BEST OF XY」,xy_ja,118,INSIDE_DB_RANGE,188,,,https://images.scrydex.com/pokemon/xy_ja-118/medium,https://scrydex.com/pokemon/cards/heavy-ball/xy_ja-118?variant=normal,https://scrydex.com/pokemon/expansions/the-best-of-xy/xy_ja
XY,ハイクラスパック「THE BEST OF XY」,xy_ja,119,INSIDE_DB_RANGE,188,,,https://images.scrydex.com/pokemon/xy_ja-119/medium,https://scrydex.com/pokemon/cards/robo-substitute/xy_ja-119?variant=normal,https://scrydex.com/pokemon/expansions/the-best-of-xy/xy_ja
XY,ハイクラスパック「THE BEST OF XY」,xy_ja,120,INSIDE_DB_RANGE,188,,,https://images.scrydex.com/pokemon/xy_ja-120/medium,https://scrydex.com/pokemon/cards/mega-turbo/xy_ja-120?variant=normal,https://scrydex.com/pokemon/expansions/the-best-of-xy/xy_ja
XY,ハイクラスパック「THE BEST OF XY」,xy_ja,121,INSIDE_DB_RANGE,188,,,https://images.scrydex.com/pokemon/xy_ja-121/medium,https://scrydex.com/pokemon/cards/level-ball/xy_ja-121?variant=normal,https://scrydex.com/pokemon/expansions/the-best-of-xy/xy_ja
XY,ハイクラスパック「THE BEST OF XY」,xy_ja,122,INSIDE_DB_RANGE,188,,,https://images.scrydex.com/pokemon/xy_ja-122/medium,https://scrydex.com/pokemon/cards/hard-charm/xy_ja-122?variant=normal,https://scrydex.com/pokemon/expansions/the-best-of-xy/xy_ja
XY,ハイクラスパック「THE BEST OF XY」,xy_ja,123,INSIDE_DB_RANGE,188,,,https://images.scrydex.com/pokemon/xy_ja-123/medium,https://scrydex.com/pokemon/cards/focus-sash/xy_ja-123?variant=normal,https://scrydex.com/pokemon/expansions/the-best-of-xy/xy_ja
XY,ハイクラスパック「THE BEST OF XY」,xy_ja,124,INSIDE_DB_RANGE,188,,,https://images.scrydex.com/pokemon/xy_ja-124/medium,https://scrydex.com/pokemon/cards/bursting-balloon/xy_ja-124?variant=normal,https://scrydex.com/pokemon/expansions/the-best-of-xy/xy_ja
XY,ハイクラスパック「THE BEST OF XY」,xy_ja,125,INSIDE_DB_RANGE,188,,,https://images.scrydex.com/pokemon/xy_ja-125/medium,https://scrydex.com/pokemon/cards/muscle-band/xy_ja-125?variant=normal,https://scrydex.com/pokemon/expansions/the-best-of-xy/xy_ja
XY,ハイクラスパック「THE BEST OF XY」,xy_ja,126,INSIDE_DB_RANGE,188,,,https://images.scrydex.com/pokemon/xy_ja-126/medium,https://scrydex.com/pokemon/cards/fighting-fury-belt/xy_ja-126?variant=normal,https://scrydex.com/pokemon/expansions/the-best-of-xy/xy_ja
XY,ハイクラスパック「THE BEST OF XY」,xy_ja,127,INSIDE_DB_RANGE,188,,,https://images.scrydex.com/pokemon/xy_ja-127/medium,https://scrydex.com/pokemon/cards/power-memory/xy_ja-127?variant=normal,https://scrydex.com/pokemon/expansions/the-best-of-xy/xy_ja
XY,ハイクラスパック「THE BEST OF XY」,xy_ja,128,INSIDE_DB_RANGE,188,,,https://images.scrydex.com/pokemon/xy_ja-128/medium,https://scrydex.com/pokemon/cards/gardevoir-spirit-link/xy_ja-128?variant=normal,https://scrydex.com/pokemon/expansions/the-best-of-xy/xy_ja
XY,ハイクラスパック「THE BEST OF XY」,xy_ja,129,INSIDE_DB_RANGE,188,,,https://images.scrydex.com/pokemon/xy_ja-129/medium,https://scrydex.com/pokemon/cards/sharpedo-spirit-link/xy_ja-129?variant=normal,https://scrydex.com/pokemon/expansions/the-best-of-xy/xy_ja
XY,ハイクラスパック「THE BEST OF XY」,xy_ja,130,INSIDE_DB_RANGE,188,,,https://images.scrydex.com/pokemon/xy_ja-130/medium,https://scrydex.com/pokemon/cards/sceptile-spirit-link/xy_ja-130?variant=normal,https://scrydex.com/pokemon/expansions/the-best-of-xy/xy_ja
XY,ハイクラスパック「THE BEST OF XY」,xy_ja,131,INSIDE_DB_RANGE,188,,,https://images.scrydex.com/pokemon/xy_ja-131/medium,https://scrydex.com/pokemon/cards/camerupt-spirit-link/xy_ja-131?variant=normal,https://scrydex.com/pokemon/expansions/the-best-of-xy/xy_ja
XY,ハイクラスパック「THE BEST OF XY」,xy_ja,132,INSIDE_DB_RANGE,188,,,https://images.scrydex.com/pokemon/xy_ja-132/medium,https://scrydex.com/pokemon/cards/alakazam-spirit-link/xy_ja-132?variant=normal,https://scrydex.com/pokemon/expansions/the-best-of-xy/xy_ja
XY,ハイクラスパック「THE BEST OF XY」,xy_ja,133,INSIDE_DB_RANGE,188,,,https://images.scrydex.com/pokemon/xy_ja-133/medium,https://scrydex.com/pokemon/cards/mewtwo-spirit-link/xy_ja-133?variant=normal,https://scrydex.com/pokemon/expansions/the-best-of-xy/xy_ja
XY,ハイクラスパック「THE BEST OF XY」,xy_ja,134,INSIDE_DB_RANGE,188,,,https://images.scrydex.com/pokemon/xy_ja-134/medium,https://scrydex.com/pokemon/cards/manectric-spirit-link/xy_ja-134?variant=normal,https://scrydex.com/pokemon/expansions/the-best-of-xy/xy_ja
XY,ハイクラスパック「THE BEST OF XY」,xy_ja,135,INSIDE_DB_RANGE,188,,,https://images.scrydex.com/pokemon/xy_ja-135/medium,https://scrydex.com/pokemon/cards/lucario-spirit-link/xy_ja-135?variant=normal,https://scrydex.com/pokemon/expansions/the-best-of-xy/xy_ja
XY,ハイクラスパック「THE BEST OF XY」,xy_ja,136,INSIDE_DB_RANGE,188,,,https://images.scrydex.com/pokemon/xy_ja-136/medium,https://scrydex.com/pokemon/cards/rayquaza-spirit-link/xy_ja-136?variant=normal,https://scrydex.com/pokemon/expansions/the-best-of-xy/xy_ja
XY,ハイクラスパック「THE BEST OF XY」,xy_ja,137,INSIDE_DB_RANGE,188,,,https://images.scrydex.com/pokemon/xy_ja-137/medium,https://scrydex.com/pokemon/cards/brigette/xy_ja-137?variant=normal,https://scrydex.com/pokemon/expansions/the-best-of-xy/xy_ja
XY,ハイクラスパック「THE BEST OF XY」,xy_ja,138,INSIDE_DB_RANGE,188,,,https://images.scrydex.com/pokemon/xy_ja-138/medium,https://scrydex.com/pokemon/cards/az/xy_ja-138?variant=normal,https://scrydex.com/pokemon/expansions/the-best-of-xy/xy_ja
XY,ハイクラスパック「THE BEST OF XY」,xy_ja,139,INSIDE_DB_RANGE,188,,,https://images.scrydex.com/pokemon/xy_ja-139/medium,https://scrydex.com/pokemon/cards/n/xy_ja-139?variant=normal,https://scrydex.com/pokemon/expansions/the-best-of-xy/xy_ja
XY,ハイクラスパック「THE BEST OF XY」,xy_ja,140,INSIDE_DB_RANGE,188,,,https://images.scrydex.com/pokemon/xy_ja-140/medium,https://scrydex.com/pokemon/cards/hex-maniac/xy_ja-140?variant=normal,https://scrydex.com/pokemon/expansions/the-best-of-xy/xy_ja
XY,ハイクラスパック「THE BEST OF XY」,xy_ja,141,INSIDE_DB_RANGE,188,,,https://images.scrydex.com/pokemon/xy_ja-141/medium,https://scrydex.com/pokemon/cards/blacksmith/xy_ja-141?variant=normal,https://scrydex.com/pokemon/expansions/the-best-of-xy/xy_ja
XY,ハイクラスパック「THE BEST OF XY」,xy_ja,142,INSIDE_DB_RANGE,188,,,https://images.scrydex.com/pokemon/xy_ja-142/medium,https://scrydex.com/pokemon/cards/karen/xy_ja-142?variant=normal,https://scrydex.com/pokemon/expansions/the-best-of-xy/xy_ja
XY,ハイクラスパック「THE BEST OF XY」,xy_ja,143,INSIDE_DB_RANGE,188,,,https://images.scrydex.com/pokemon/xy_ja-143/medium,https://scrydex.com/pokemon/cards/xerosic/xy_ja-143?variant=normal,https://scrydex.com/pokemon/expansions/the-best-of-xy/xy_ja
XY,ハイクラスパック「THE BEST OF XY」,xy_ja,144,INSIDE_DB_RANGE,188,,,https://images.scrydex.com/pokemon/xy_ja-144/medium,https://scrydex.com/pokemon/cards/korrina/xy_ja-144?variant=normal,https://scrydex.com/pokemon/expansions/the-best-of-xy/xy_ja
XY,ハイクラスパック「THE BEST OF XY」,xy_ja,145,INSIDE_DB_RANGE,188,,,https://images.scrydex.com/pokemon/xy_ja-145/medium,https://scrydex.com/pokemon/cards/delinquent/xy_ja-145?variant=normal,https://scrydex.com/pokemon/expansions/the-best-of-xy/xy_ja
XY,ハイクラスパック「THE BEST OF XY」,xy_ja,146,INSIDE_DB_RANGE,188,,,https://images.scrydex.com/pokemon/xy_ja-146/medium,https://scrydex.com/pokemon/cards/shauna/xy_ja-146?variant=normal,https://scrydex.com/pokemon/expansions/the-best-of-xy/xy_ja
XY,ハイクラスパック「THE BEST OF XY」,xy_ja,147,INSIDE_DB_RANGE,188,,,https://images.scrydex.com/pokemon/xy_ja-147/medium,https://scrydex.com/pokemon/cards/teammates/xy_ja-147?variant=normal,https://scrydex.com/pokemon/expansions/the-best-of-xy/xy_ja
XY,ハイクラスパック「THE BEST OF XY」,xy_ja,148,INSIDE_DB_RANGE,188,,,https://images.scrydex.com/pokemon/xy_ja-148/medium,https://scrydex.com/pokemon/cards/skyla/xy_ja-148?variant=normal,https://scrydex.com/pokemon/expansions/the-best-of-xy/xy_ja
XY,ハイクラスパック「THE BEST OF XY」,xy_ja,149,INSIDE_DB_RANGE,188,,,https://images.scrydex.com/pokemon/xy_ja-149/medium,https://scrydex.com/pokemon/cards/professor-sycamore/xy_ja-149?variant=normal,https://scrydex.com/pokemon/expansions/the-best-of-xy/xy_ja
XY,ハイクラスパック「THE BEST OF XY」,xy_ja,150,INSIDE_DB_RANGE,188,,,https://images.scrydex.com/pokemon/xy_ja-150/medium,https://scrydex.com/pokemon/cards/lysandre/xy_ja-150?variant=normal,https://scrydex.com/pokemon/expansions/the-best-of-xy/xy_ja
XY,ハイクラスパック「THE BEST OF XY」,xy_ja,151,INSIDE_DB_RANGE,188,,,https://images.scrydex.com/pokemon/xy_ja-151/medium,https://scrydex.com/pokemon/cards/team-flare-grunt/xy_ja-151?variant=normal,https://scrydex.com/pokemon/expansions/the-best-of-xy/xy_ja
XY,ハイクラスパック「THE BEST OF XY」,xy_ja,152,INSIDE_DB_RANGE,188,,,https://images.scrydex.com/pokemon/xy_ja-152/medium,https://scrydex.com/pokemon/cards/pokmon-ranger/xy_ja-152?variant=normal,https://scrydex.com/pokemon/expansions/the-best-of-xy/xy_ja
XY,ハイクラスパック「THE BEST OF XY」,xy_ja,153,INSIDE_DB_RANGE,188,,,https://images.scrydex.com/pokemon/xy_ja-153/medium,https://scrydex.com/pokemon/cards/rough-seas/xy_ja-153?variant=normal,https://scrydex.com/pokemon/expansions/the-best-of-xy/xy_ja
XY,ハイクラスパック「THE BEST OF XY」,xy_ja,154,INSIDE_DB_RANGE,188,,,https://images.scrydex.com/pokemon/xy_ja-154/medium,https://scrydex.com/pokemon/cards/forest-of-giant-plants/xy_ja-154?variant=normal,https://scrydex.com/pokemon/expansions/the-best-of-xy/xy_ja
XY,ハイクラスパック「THE BEST OF XY」,xy_ja,155,INSIDE_DB_RANGE,188,,,https://images.scrydex.com/pokemon/xy_ja-155/medium,https://scrydex.com/pokemon/cards/silent-lab/xy_ja-155?variant=normal,https://scrydex.com/pokemon/expansions/the-best-of-xy/xy_ja
XY,ハイクラスパック「THE BEST OF XY」,xy_ja,156,INSIDE_DB_RANGE,188,,,https://images.scrydex.com/pokemon/xy_ja-156/medium,https://scrydex.com/pokemon/cards/dimension-valley/xy_ja-156?variant=normal,https://scrydex.com/pokemon/expansions/the-best-of-xy/xy_ja
XY,ハイクラスパック「THE BEST OF XY」,xy_ja,157,INSIDE_DB_RANGE,188,,,https://images.scrydex.com/pokemon/xy_ja-157/medium,https://scrydex.com/pokemon/cards/scorched-earth/xy_ja-157?variant=normal,https://scrydex.com/pokemon/expansions/the-best-of-xy/xy_ja
XY,ハイクラスパック「THE BEST OF XY」,xy_ja,158,INSIDE_DB_RANGE,188,,,https://images.scrydex.com/pokemon/xy_ja-158/medium,https://scrydex.com/pokemon/cards/sky-field/xy_ja-158?variant=normal,https://scrydex.com/pokemon/expansions/the-best-of-xy/xy_ja
XY,ハイクラスパック「THE BEST OF XY」,xy_ja,159,INSIDE_DB_RANGE,188,,,https://images.scrydex.com/pokemon/xy_ja-159/medium,https://scrydex.com/pokemon/cards/parallel-city/xy_ja-159?variant=normal,https://scrydex.com/pokemon/expansions/the-best-of-xy/xy_ja
XY,ハイクラスパック「THE BEST OF XY」,xy_ja,160,INSIDE_DB_RANGE,188,,,https://images.scrydex.com/pokemon/xy_ja-160/medium,https://scrydex.com/pokemon/cards/fairy-garden/xy_ja-160?variant=normal,https://scrydex.com/pokemon/expansions/the-best-of-xy/xy_ja
XY,ハイクラスパック「THE BEST OF XY」,xy_ja,161,INSIDE_DB_RANGE,188,,,https://images.scrydex.com/pokemon/xy_ja-161/medium,https://scrydex.com/pokemon/cards/reverse-valley/xy_ja-161?variant=normal,https://scrydex.com/pokemon/expansions/the-best-of-xy/xy_ja
XY,ハイクラスパック「THE BEST OF XY」,xy_ja,162,INSIDE_DB_RANGE,188,,,https://images.scrydex.com/pokemon/xy_ja-162/medium,https://scrydex.com/pokemon/cards/herbal-energy/xy_ja-162?variant=normal,https://scrydex.com/pokemon/expansions/the-best-of-xy/xy_ja
XY,ハイクラスパック「THE BEST OF XY」,xy_ja,163,INSIDE_DB_RANGE,188,,,https://images.scrydex.com/pokemon/xy_ja-163/medium,https://scrydex.com/pokemon/cards/burning-energy/xy_ja-163?variant=normal,https://scrydex.com/pokemon/expansions/the-best-of-xy/xy_ja
XY,ハイクラスパック「THE BEST OF XY」,xy_ja,164,INSIDE_DB_RANGE,188,,,https://images.scrydex.com/pokemon/xy_ja-164/medium,https://scrydex.com/pokemon/cards/splash-energy/xy_ja-164?variant=normal,https://scrydex.com/pokemon/expansions/the-best-of-xy/xy_ja
XY,ハイクラスパック「THE BEST OF XY」,xy_ja,165,INSIDE_DB_RANGE,188,,,https://images.scrydex.com/pokemon/xy_ja-165/medium,https://scrydex.com/pokemon/cards/flash-energy/xy_ja-165?variant=normal,https://scrydex.com/pokemon/expansions/the-best-of-xy/xy_ja
XY,ハイクラスパック「THE BEST OF XY」,xy_ja,166,INSIDE_DB_RANGE,188,,,https://images.scrydex.com/pokemon/xy_ja-166/medium,https://scrydex.com/pokemon/cards/mystery-energy/xy_ja-166?variant=normal,https://scrydex.com/pokemon/expansions/the-best-of-xy/xy_ja
XY,ハイクラスパック「THE BEST OF XY」,xy_ja,167,INSIDE_DB_RANGE,188,,,https://images.scrydex.com/pokemon/xy_ja-167/medium,https://scrydex.com/pokemon/cards/strong-energy/xy_ja-167?variant=normal,https://scrydex.com/pokemon/expansions/the-best-of-xy/xy_ja
XY,ハイクラスパック「THE BEST OF XY」,xy_ja,168,INSIDE_DB_RANGE,188,,,https://images.scrydex.com/pokemon/xy_ja-168/medium,https://scrydex.com/pokemon/cards/dangerous-energy/xy_ja-168?variant=normal,https://scrydex.com/pokemon/expansions/the-best-of-xy/xy_ja
XY,ハイクラスパック「THE BEST OF XY」,xy_ja,169,INSIDE_DB_RANGE,188,,,https://images.scrydex.com/pokemon/xy_ja-169/medium,https://scrydex.com/pokemon/cards/shield-energy/xy_ja-169?variant=normal,https://scrydex.com/pokemon/expansions/the-best-of-xy/xy_ja
XY,ハイクラスパック「THE BEST OF XY」,xy_ja,170,INSIDE_DB_RANGE,188,,,https://images.scrydex.com/pokemon/xy_ja-170/medium,https://scrydex.com/pokemon/cards/wonder-energy/xy_ja-170?variant=normal,https://scrydex.com/pokemon/expansions/the-best-of-xy/xy_ja
XY,ハイクラスパック「THE BEST OF XY」,xy_ja,171,INSIDE_DB_RANGE,188,,,https://images.scrydex.com/pokemon/xy_ja-171/medium,https://scrydex.com/pokemon/cards/double-dragon-energy/xy_ja-171?variant=normal,https://scrydex.com/pokemon/expansions/the-best-of-xy/xy_ja
S8a,拡張パック「25th ANNIVERSARY COLLECTION」,swsh8a_ja,26,INSIDE_DB_RANGE,38,,RRR,https://images.scrydex.com/pokemon/swsh8a_ja-26/medium,https://scrydex.com/pokemon/cards/pikachu-v-union/swsh8a_ja-26?variant=holofoil,https://scrydex.com/pokemon/expansions/25th-anniversary-collection/swsh8a_ja
S8a,拡張パック「25th ANNIVERSARY COLLECTION」,swsh8a_ja,27,INSIDE_DB_RANGE,38,,RRR,https://images.scrydex.com/pokemon/swsh8a_ja-27/medium,https://scrydex.com/pokemon/cards/pikachu-v-union/swsh8a_ja-27?variant=holofoil,https://scrydex.com/pokemon/expansions/25th-anniversary-collection/swsh8a_ja
S8a,拡張パック「25th ANNIVERSARY COLLECTION」,swsh8a_ja,28,INSIDE_DB_RANGE,38,,RRR,https://images.scrydex.com/pokemon/swsh8a_ja-28/medium,https://scrydex.com/pokemon/cards/pikachu-v-union/swsh8a_ja-28?variant=holofoil,https://scrydex.com/pokemon/expansions/25th-anniversary-collection/swsh8a_ja
XY6,ポケモンカードゲームXY 拡張パック「エメラルドブレイク」,xy6_ja,1,INSIDE_DB_RANGE,91,,C,https://images.scrydex.com/pokemon/xy6_ja-1/medium,https://scrydex.com/pokemon/cards/exeggcute/xy6_ja-1?variant=firstEdition,https://scrydex.com/pokemon/expansions/emerald-break/xy6_ja
XY6,ポケモンカードゲームXY 拡張パック「エメラルドブレイク」,xy6_ja,2,INSIDE_DB_RANGE,91,,C,https://images.scrydex.com/pokemon/xy6_ja-2/medium,https://scrydex.com/pokemon/cards/exeggutor/xy6_ja-2?variant=firstEdition,https://scrydex.com/pokemon/expansions/emerald-break/xy6_ja
XY6,ポケモンカードゲームXY 拡張パック「エメラルドブレイク」,xy6_ja,3,INSIDE_DB_RANGE,91,,C,https://images.scrydex.com/pokemon/xy6_ja-3/medium,https://scrydex.com/pokemon/cards/wurmple/xy6_ja-3?variant=firstEdition,https://scrydex.com/pokemon/expansions/emerald-break/xy6_ja
XY6,ポケモンカードゲームXY 拡張パック「エメラルドブレイク」,xy6_ja,4,INSIDE_DB_RANGE,91,,C,https://images.scrydex.com/pokemon/xy6_ja-4/medium,https://scrydex.com/pokemon/cards/silcoon/xy6_ja-4?variant=firstEdition,https://scrydex.com/pokemon/expansions/emerald-break/xy6_ja
XY6,ポケモンカードゲームXY 拡張パック「エメラルドブレイク」,xy6_ja,5,INSIDE_DB_RANGE,91,,R,https://images.scrydex.com/pokemon/xy6_ja-5/medium,https://scrydex.com/pokemon/cards/beautifly/xy6_ja-5?variant=firstEditionHolofoil,https://scrydex.com/pokemon/expansions/emerald-break/xy6_ja
XY6,ポケモンカードゲームXY 拡張パック「エメラルドブレイク」,xy6_ja,6,INSIDE_DB_RANGE,91,,C,https://images.scrydex.com/pokemon/xy6_ja-6/medium,https://scrydex.com/pokemon/cards/cascoon/xy6_ja-6?variant=firstEdition,https://scrydex.com/pokemon/expansions/emerald-break/xy6_ja
XY6,ポケモンカードゲームXY 拡張パック「エメラルドブレイク」,xy6_ja,7,INSIDE_DB_RANGE,91,,C,https://images.scrydex.com/pokemon/xy6_ja-7/medium,https://scrydex.com/pokemon/cards/dustox/xy6_ja-7?variant=firstEdition,https://scrydex.com/pokemon/expansions/emerald-break/xy6_ja
XY6,ポケモンカードゲームXY 拡張パック「エメラルドブレイク」,xy6_ja,8,INSIDE_DB_RANGE,91,,C,https://images.scrydex.com/pokemon/xy6_ja-8/medium,https://scrydex.com/pokemon/cards/dustox/xy6_ja-8?variant=firstEdition,https://scrydex.com/pokemon/expansions/emerald-break/xy6_ja
XY6,ポケモンカードゲームXY 拡張パック「エメラルドブレイク」,xy6_ja,9,INSIDE_DB_RANGE,91,,C,https://images.scrydex.com/pokemon/xy6_ja-9/medium,https://scrydex.com/pokemon/cards/nincada/xy6_ja-9?variant=firstEdition,https://scrydex.com/pokemon/expansions/emerald-break/xy6_ja
XY6,ポケモンカードゲームXY 拡張パック「エメラルドブレイク」,xy6_ja,10,INSIDE_DB_RANGE,91,,C,https://images.scrydex.com/pokemon/xy6_ja-10/medium,https://scrydex.com/pokemon/cards/ninjask/xy6_ja-10?variant=firstEdition,https://scrydex.com/pokemon/expansions/emerald-break/xy6_ja
XY6,ポケモンカードゲームXY 拡張パック「エメラルドブレイク」,xy6_ja,11,INSIDE_DB_RANGE,91,,U,https://images.scrydex.com/pokemon/xy6_ja-11/medium,https://scrydex.com/pokemon/cards/shedinja/xy6_ja-11?variant=firstEdition,https://scrydex.com/pokemon/expansions/emerald-break/xy6_ja
XY6,ポケモンカードゲームXY 拡張パック「エメラルドブレイク」,xy6_ja,12,INSIDE_DB_RANGE,91,,C,https://images.scrydex.com/pokemon/xy6_ja-12/medium,https://scrydex.com/pokemon/cards/tropius/xy6_ja-12?variant=firstEdition,https://scrydex.com/pokemon/expansions/emerald-break/xy6_ja
XY6,ポケモンカードゲームXY 拡張パック「エメラルドブレイク」,xy6_ja,13,INSIDE_DB_RANGE,91,,C,https://images.scrydex.com/pokemon/xy6_ja-13/medium,https://scrydex.com/pokemon/cards/fletchinder/xy6_ja-13?variant=firstEdition,https://scrydex.com/pokemon/expansions/emerald-break/xy6_ja
XY6,ポケモンカードゲームXY 拡張パック「エメラルドブレイク」,xy6_ja,14,INSIDE_DB_RANGE,91,,U,https://images.scrydex.com/pokemon/xy6_ja-14/medium,https://scrydex.com/pokemon/cards/talonflame/xy6_ja-14?variant=firstEdition,https://scrydex.com/pokemon/expansions/emerald-break/xy6_ja
XY6,ポケモンカードゲームXY 拡張パック「エメラルドブレイク」,xy6_ja,15,INSIDE_DB_RANGE,91,,U,https://images.scrydex.com/pokemon/xy6_ja-15/medium,https://scrydex.com/pokemon/cards/articuno/xy6_ja-15?variant=firstEdition,https://scrydex.com/pokemon/expansions/emerald-break/xy6_ja
XY6,ポケモンカードゲームXY 拡張パック「エメラルドブレイク」,xy6_ja,16,INSIDE_DB_RANGE,91,,U,https://images.scrydex.com/pokemon/xy6_ja-16/medium,https://scrydex.com/pokemon/cards/articuno/xy6_ja-16?variant=firstEdition,https://scrydex.com/pokemon/expansions/emerald-break/xy6_ja
XY6,ポケモンカードゲームXY 拡張パック「エメラルドブレイク」,xy6_ja,17,INSIDE_DB_RANGE,91,,C,https://images.scrydex.com/pokemon/xy6_ja-17/medium,https://scrydex.com/pokemon/cards/wingull/xy6_ja-17?variant=firstEdition,https://scrydex.com/pokemon/expansions/emerald-break/xy6_ja
XY6,ポケモンカードゲームXY 拡張パック「エメラルドブレイク」,xy6_ja,18,INSIDE_DB_RANGE,91,,C,https://images.scrydex.com/pokemon/xy6_ja-18/medium,https://scrydex.com/pokemon/cards/pelipper/xy6_ja-18?variant=firstEdition,https://scrydex.com/pokemon/expansions/emerald-break/xy6_ja
XY6,ポケモンカードゲームXY 拡張パック「エメラルドブレイク」,xy6_ja,19,INSIDE_DB_RANGE,91,,C,https://images.scrydex.com/pokemon/xy6_ja-19/medium,https://scrydex.com/pokemon/cards/voltorb/xy6_ja-19?variant=firstEdition,https://scrydex.com/pokemon/expansions/emerald-break/xy6_ja
XY6,ポケモンカードゲームXY 拡張パック「エメラルドブレイク」,xy6_ja,20,INSIDE_DB_RANGE,91,,C,https://images.scrydex.com/pokemon/xy6_ja-20/medium,https://scrydex.com/pokemon/cards/electrode/xy6_ja-20?variant=firstEdition,https://scrydex.com/pokemon/expansions/emerald-break/xy6_ja
XY6,ポケモンカードゲームXY 拡張パック「エメラルドブレイク」,xy6_ja,21,INSIDE_DB_RANGE,91,,U,https://images.scrydex.com/pokemon/xy6_ja-21/medium,https://scrydex.com/pokemon/cards/zapdos/xy6_ja-21?variant=firstEdition,https://scrydex.com/pokemon/expansions/emerald-break/xy6_ja
XY6,ポケモンカードゲームXY 拡張パック「エメラルドブレイク」,xy6_ja,22,INSIDE_DB_RANGE,91,,RR,https://images.scrydex.com/pokemon/xy6_ja-22/medium,https://scrydex.com/pokemon/cards/thundurus-ex/xy6_ja-22?variant=firstEditionHolofoil,https://scrydex.com/pokemon/expansions/emerald-break/xy6_ja
XY6,ポケモンカードゲームXY 拡張パック「エメラルドブレイク」,xy6_ja,23,INSIDE_DB_RANGE,91,,C,https://images.scrydex.com/pokemon/xy6_ja-23/medium,https://scrydex.com/pokemon/cards/natu/xy6_ja-23?variant=firstEdition,https://scrydex.com/pokemon/expansions/emerald-break/xy6_ja
XY6,ポケモンカードゲームXY 拡張パック「エメラルドブレイク」,xy6_ja,24,INSIDE_DB_RANGE,91,,C,https://images.scrydex.com/pokemon/xy6_ja-24/medium,https://scrydex.com/pokemon/cards/natu/xy6_ja-24?variant=firstEdition,https://scrydex.com/pokemon/expansions/emerald-break/xy6_ja
XY6,ポケモンカードゲームXY 拡張パック「エメラルドブレイク」,xy6_ja,25,INSIDE_DB_RANGE,91,,C,https://images.scrydex.com/pokemon/xy6_ja-25/medium,https://scrydex.com/pokemon/cards/xatu/xy6_ja-25?variant=firstEdition,https://scrydex.com/pokemon/expansions/emerald-break/xy6_ja
XY6,ポケモンカードゲームXY 拡張パック「エメラルドブレイク」,xy6_ja,26,INSIDE_DB_RANGE,91,,C,https://images.scrydex.com/pokemon/xy6_ja-26/medium,https://scrydex.com/pokemon/cards/shuppet/xy6_ja-26?variant=firstEdition,https://scrydex.com/pokemon/expansions/emerald-break/xy6_ja
XY6,ポケモンカードゲームXY 拡張パック「エメラルドブレイク」,xy6_ja,27,INSIDE_DB_RANGE,91,,U,https://images.scrydex.com/pokemon/xy6_ja-27/medium,https://scrydex.com/pokemon/cards/banette/xy6_ja-27?variant=firstEdition,https://scrydex.com/pokemon/expansions/emerald-break/xy6_ja
XY6,ポケモンカードゲームXY 拡張パック「エメラルドブレイク」,xy6_ja,28,INSIDE_DB_RANGE,91,,U,https://images.scrydex.com/pokemon/xy6_ja-28/medium,https://scrydex.com/pokemon/cards/banette/xy6_ja-28?variant=firstEdition,https://scrydex.com/pokemon/expansions/emerald-break/xy6_ja
XY6,ポケモンカードゲームXY 拡張パック「エメラルドブレイク」,xy6_ja,29,INSIDE_DB_RANGE,91,,R,https://images.scrydex.com/pokemon/xy6_ja-29/medium,https://scrydex.com/pokemon/cards/deoxys/xy6_ja-29?variant=firstEditionHolofoil,https://scrydex.com/pokemon/expansions/emerald-break/xy6_ja
XY6,ポケモンカードゲームXY 拡張パック「エメラルドブレイク」,xy6_ja,30,INSIDE_DB_RANGE,91,,RR,https://images.scrydex.com/pokemon/xy6_ja-30/medium,https://scrydex.com/pokemon/cards/gallade-ex/xy6_ja-30?variant=firstEditionHolofoil,https://scrydex.com/pokemon/expansions/emerald-break/xy6_ja
XY6,ポケモンカードゲームXY 拡張パック「エメラルドブレイク」,xy6_ja,31,INSIDE_DB_RANGE,91,,RR,https://images.scrydex.com/pokemon/xy6_ja-31/medium,https://scrydex.com/pokemon/cards/m-gallade-ex/xy6_ja-31?variant=firstEditionHolofoil,https://scrydex.com/pokemon/expansions/emerald-break/xy6_ja
XY6,ポケモンカードゲームXY 拡張パック「エメラルドブレイク」,xy6_ja,32,INSIDE_DB_RANGE,91,,C,https://images.scrydex.com/pokemon/xy6_ja-32/medium,https://scrydex.com/pokemon/cards/gligar/xy6_ja-32?variant=firstEdition,https://scrydex.com/pokemon/expansions/emerald-break/xy6_ja
XY6,ポケモンカードゲームXY 拡張パック「エメラルドブレイク」,xy6_ja,33,INSIDE_DB_RANGE,91,,C,https://images.scrydex.com/pokemon/xy6_ja-33/medium,https://scrydex.com/pokemon/cards/gliscor/xy6_ja-33?variant=firstEdition,https://scrydex.com/pokemon/expansions/emerald-break/xy6_ja
XY6,ポケモンカードゲームXY 拡張パック「エメラルドブレイク」,xy6_ja,34,INSIDE_DB_RANGE,91,,R,https://images.scrydex.com/pokemon/xy6_ja-34/medium,https://scrydex.com/pokemon/cards/absol/xy6_ja-34?variant=firstEditionHolofoil,https://scrydex.com/pokemon/expansions/emerald-break/xy6_ja
XY6,ポケモンカードゲームXY 拡張パック「エメラルドブレイク」,xy6_ja,35,INSIDE_DB_RANGE,91,,R,https://images.scrydex.com/pokemon/xy6_ja-35/medium,https://scrydex.com/pokemon/cards/jirachi/xy6_ja-35?variant=firstEditionHolofoil,https://scrydex.com/pokemon/expansions/emerald-break/xy6_ja
XY6,ポケモンカードゲームXY 拡張パック「エメラルドブレイク」,xy6_ja,36,INSIDE_DB_RANGE,91,,C,https://images.scrydex.com/pokemon/xy6_ja-36/medium,https://scrydex.com/pokemon/cards/togepi/xy6_ja-36?variant=firstEdition,https://scrydex.com/pokemon/expansions/emerald-break/xy6_ja
XY6,ポケモンカードゲームXY 拡張パック「エメラルドブレイク」,xy6_ja,37,INSIDE_DB_RANGE,91,,C,https://images.scrydex.com/pokemon/xy6_ja-37/medium,https://scrydex.com/pokemon/cards/togetic/xy6_ja-37?variant=firstEdition,https://scrydex.com/pokemon/expansions/emerald-break/xy6_ja
XY6,ポケモンカードゲームXY 拡張パック「エメラルドブレイク」,xy6_ja,38,INSIDE_DB_RANGE,91,,U,https://images.scrydex.com/pokemon/xy6_ja-38/medium,https://scrydex.com/pokemon/cards/togekiss/xy6_ja-38?variant=firstEdition,https://scrydex.com/pokemon/expansions/emerald-break/xy6_ja
XY6,ポケモンカードゲームXY 拡張パック「エメラルドブレイク」,xy6_ja,39,INSIDE_DB_RANGE,91,,R,https://images.scrydex.com/pokemon/xy6_ja-39/medium,https://scrydex.com/pokemon/cards/togekiss/xy6_ja-39?variant=firstEditionHolofoil,https://scrydex.com/pokemon/expansions/emerald-break/xy6_ja
XY6,ポケモンカードゲームXY 拡張パック「エメラルドブレイク」,xy6_ja,40,INSIDE_DB_RANGE,91,,C,https://images.scrydex.com/pokemon/xy6_ja-40/medium,https://scrydex.com/pokemon/cards/dratini/xy6_ja-40?variant=firstEdition,https://scrydex.com/pokemon/expansions/emerald-break/xy6_ja
XY6,ポケモンカードゲームXY 拡張パック「エメラルドブレイク」,xy6_ja,41,INSIDE_DB_RANGE,91,,C,https://images.scrydex.com/pokemon/xy6_ja-41/medium,https://scrydex.com/pokemon/cards/dragonair/xy6_ja-41?variant=firstEdition,https://scrydex.com/pokemon/expansions/emerald-break/xy6_ja
XY6,ポケモンカードゲームXY 拡張パック「エメラルドブレイク」,xy6_ja,42,INSIDE_DB_RANGE,91,,U,https://images.scrydex.com/pokemon/xy6_ja-42/medium,https://scrydex.com/pokemon/cards/dragonite/xy6_ja-42?variant=firstEdition,https://scrydex.com/pokemon/expansions/emerald-break/xy6_ja
XY6,ポケモンカードゲームXY 拡張パック「エメラルドブレイク」,xy6_ja,43,INSIDE_DB_RANGE,91,,R,https://images.scrydex.com/pokemon/xy6_ja-43/medium,https://scrydex.com/pokemon/cards/dragonite/xy6_ja-43?variant=firstEditionHolofoil,https://scrydex.com/pokemon/expansions/emerald-break/xy6_ja
XY6,ポケモンカードゲームXY 拡張パック「エメラルドブレイク」,xy6_ja,44,INSIDE_DB_RANGE,91,,C,https://images.scrydex.com/pokemon/xy6_ja-44/medium,https://scrydex.com/pokemon/cards/altaria/xy6_ja-44?variant=firstEdition,https://scrydex.com/pokemon/expansions/emerald-break/xy6_ja
XY6,ポケモンカードゲームXY 拡張パック「エメラルドブレイク」,xy6_ja,45,INSIDE_DB_RANGE,91,,C,https://images.scrydex.com/pokemon/xy6_ja-45/medium,https://scrydex.com/pokemon/cards/bagon/xy6_ja-45?variant=firstEdition,https://scrydex.com/pokemon/expansions/emerald-break/xy6_ja
XY6,ポケモンカードゲームXY 拡張パック「エメラルドブレイク」,xy6_ja,46,INSIDE_DB_RANGE,91,,U,https://images.scrydex.com/pokemon/xy6_ja-46/medium,https://scrydex.com/pokemon/cards/shelgon/xy6_ja-46?variant=firstEdition,https://scrydex.com/pokemon/expansions/emerald-break/xy6_ja
XY6,ポケモンカードゲームXY 拡張パック「エメラルドブレイク」,xy6_ja,47,INSIDE_DB_RANGE,91,,R,https://images.scrydex.com/pokemon/xy6_ja-47/medium,https://scrydex.com/pokemon/cards/salamence/xy6_ja-47?variant=firstEditionHolofoil,https://scrydex.com/pokemon/expansions/emerald-break/xy6_ja
XY6,ポケモンカードゲームXY 拡張パック「エメラルドブレイク」,xy6_ja,48,INSIDE_DB_RANGE,91,,RR,https://images.scrydex.com/pokemon/xy6_ja-48/medium,https://scrydex.com/pokemon/cards/latios-ex/xy6_ja-48?variant=firstEditionHolofoil,https://scrydex.com/pokemon/expansions/emerald-break/xy6_ja
XY6,ポケモンカードゲームXY 拡張パック「エメラルドブレイク」,xy6_ja,49,INSIDE_DB_RANGE,91,,RR,https://images.scrydex.com/pokemon/xy6_ja-49/medium,https://scrydex.com/pokemon/cards/m-latios-ex/xy6_ja-49?variant=firstEditionHolofoil,https://scrydex.com/pokemon/expansions/emerald-break/xy6_ja
XY6,ポケモンカードゲームXY 拡張パック「エメラルドブレイク」,xy6_ja,50,INSIDE_DB_RANGE,91,,RR,https://images.scrydex.com/pokemon/xy6_ja-50/medium,https://scrydex.com/pokemon/cards/hydreigon-ex/xy6_ja-50?variant=firstEditionHolofoil,https://scrydex.com/pokemon/expansions/emerald-break/xy6_ja
XY6,ポケモンカードゲームXY 拡張パック「エメラルドブレイク」,xy6_ja,51,INSIDE_DB_RANGE,91,,R,https://images.scrydex.com/pokemon/xy6_ja-51/medium,https://scrydex.com/pokemon/cards/reshiram/xy6_ja-51?variant=firstEditionHolofoil,https://scrydex.com/pokemon/expansions/emerald-break/xy6_ja
XY6,ポケモンカードゲームXY 拡張パック「エメラルドブレイク」,xy6_ja,52,INSIDE_DB_RANGE,91,,C,https://images.scrydex.com/pokemon/xy6_ja-52/medium,https://scrydex.com/pokemon/cards/spearow/xy6_ja-52?variant=firstEdition,https://scrydex.com/pokemon/expansions/emerald-break/xy6_ja
XY6,ポケモンカードゲームXY 拡張パック「エメラルドブレイク」,xy6_ja,53,INSIDE_DB_RANGE,91,,C,https://images.scrydex.com/pokemon/xy6_ja-53/medium,https://scrydex.com/pokemon/cards/fearow/xy6_ja-53?variant=firstEdition,https://scrydex.com/pokemon/expansions/emerald-break/xy6_ja
XY6,ポケモンカードゲームXY 拡張パック「エメラルドブレイク」,xy6_ja,54,INSIDE_DB_RANGE,91,,C,https://images.scrydex.com/pokemon/xy6_ja-54/medium,https://scrydex.com/pokemon/cards/dunsparce/xy6_ja-54?variant=firstEdition,https://scrydex.com/pokemon/expansions/emerald-break/xy6_ja
XY6,ポケモンカードゲームXY 拡張パック「エメラルドブレイク」,xy6_ja,55,INSIDE_DB_RANGE,91,,C,https://images.scrydex.com/pokemon/xy6_ja-55/medium,https://scrydex.com/pokemon/cards/skarmory/xy6_ja-55?variant=firstEdition,https://scrydex.com/pokemon/expansions/emerald-break/xy6_ja
XY6,ポケモンカードゲームXY 拡張パック「エメラルドブレイク」,xy6_ja,56,INSIDE_DB_RANGE,91,,C,https://images.scrydex.com/pokemon/xy6_ja-56/medium,https://scrydex.com/pokemon/cards/taillow/xy6_ja-56?variant=firstEdition,https://scrydex.com/pokemon/expansions/emerald-break/xy6_ja
XY6,ポケモンカードゲームXY 拡張パック「エメラルドブレイク」,xy6_ja,57,INSIDE_DB_RANGE,91,,C,https://images.scrydex.com/pokemon/xy6_ja-57/medium,https://scrydex.com/pokemon/cards/swellow/xy6_ja-57?variant=firstEdition,https://scrydex.com/pokemon/expansions/emerald-break/xy6_ja
XY6,ポケモンカードゲームXY 拡張パック「エメラルドブレイク」,xy6_ja,58,INSIDE_DB_RANGE,91,,R,https://images.scrydex.com/pokemon/xy6_ja-58/medium,https://scrydex.com/pokemon/cards/swellow/xy6_ja-58?variant=firstEditionHolofoil,https://scrydex.com/pokemon/expansions/emerald-break/xy6_ja
XY6,ポケモンカードゲームXY 拡張パック「エメラルドブレイク」,xy6_ja,59,INSIDE_DB_RANGE,91,,C,https://images.scrydex.com/pokemon/xy6_ja-59/medium,https://scrydex.com/pokemon/cards/swablu/xy6_ja-59?variant=firstEdition,https://scrydex.com/pokemon/expansions/emerald-break/xy6_ja
XY6,ポケモンカードゲームXY 拡張パック「エメラルドブレイク」,xy6_ja,60,INSIDE_DB_RANGE,91,,U,https://images.scrydex.com/pokemon/xy6_ja-60/medium,https://scrydex.com/pokemon/cards/altaria/xy6_ja-60?variant=firstEdition,https://scrydex.com/pokemon/expansions/emerald-break/xy6_ja
XY6,ポケモンカードゲームXY 拡張パック「エメラルドブレイク」,xy6_ja,61,INSIDE_DB_RANGE,91,,RR,https://images.scrydex.com/pokemon/xy6_ja-61/medium,https://scrydex.com/pokemon/cards/rayquaza-ex/xy6_ja-61?variant=firstEditionHolofoil,https://scrydex.com/pokemon/expansions/emerald-break/xy6_ja
XY6,ポケモンカードゲームXY 拡張パック「エメラルドブレイク」,xy6_ja,62,INSIDE_DB_RANGE,91,,RR,https://images.scrydex.com/pokemon/xy6_ja-62/medium,https://scrydex.com/pokemon/cards/m-rayquaza-ex/xy6_ja-62?variant=firstEditionHolofoil,https://scrydex.com/pokemon/expansions/emerald-break/xy6_ja
XY6,ポケモンカードゲームXY 拡張パック「エメラルドブレイク」,xy6_ja,63,INSIDE_DB_RANGE,91,,RR,https://images.scrydex.com/pokemon/xy6_ja-63/medium,https://scrydex.com/pokemon/cards/shaymin-ex/xy6_ja-63?variant=firstEditionHolofoil,https://scrydex.com/pokemon/expansions/emerald-break/xy6_ja
XY6,ポケモンカードゲームXY 拡張パック「エメラルドブレイク」,xy6_ja,64,INSIDE_DB_RANGE,91,,C,https://images.scrydex.com/pokemon/xy6_ja-64/medium,https://scrydex.com/pokemon/cards/pidove/xy6_ja-64?variant=firstEdition,https://scrydex.com/pokemon/expansions/emerald-break/xy6_ja
XY6,ポケモンカードゲームXY 拡張パック「エメラルドブレイク」,xy6_ja,65,INSIDE_DB_RANGE,91,,C,https://images.scrydex.com/pokemon/xy6_ja-65/medium,https://scrydex.com/pokemon/cards/tranquill/xy6_ja-65?variant=firstEdition,https://scrydex.com/pokemon/expansions/emerald-break/xy6_ja
XY6,ポケモンカードゲームXY 拡張パック「エメラルドブレイク」,xy6_ja,66,INSIDE_DB_RANGE,91,,U,https://images.scrydex.com/pokemon/xy6_ja-66/medium,https://scrydex.com/pokemon/cards/unfezant/xy6_ja-66?variant=firstEdition,https://scrydex.com/pokemon/expansions/emerald-break/xy6_ja
XY6,ポケモンカードゲームXY 拡張パック「エメラルドブレイク」,xy6_ja,67,INSIDE_DB_RANGE,91,,U,https://images.scrydex.com/pokemon/xy6_ja-67/medium,https://scrydex.com/pokemon/cards/unfezant/xy6_ja-67?variant=firstEdition,https://scrydex.com/pokemon/expansions/emerald-break/xy6_ja
XY6,ポケモンカードゲームXY 拡張パック「エメラルドブレイク」,xy6_ja,68,INSIDE_DB_RANGE,91,,C,https://images.scrydex.com/pokemon/xy6_ja-68/medium,https://scrydex.com/pokemon/cards/fletchling/xy6_ja-68?variant=firstEdition,https://scrydex.com/pokemon/expansions/emerald-break/xy6_ja
XY6,ポケモンカードゲームXY 拡張パック「エメラルドブレイク」,xy6_ja,69,INSIDE_DB_RANGE,91,,U,https://images.scrydex.com/pokemon/xy6_ja-69/medium,https://scrydex.com/pokemon/cards/revive/xy6_ja-69?variant=firstEdition,https://scrydex.com/pokemon/expansions/emerald-break/xy6_ja
XY6,ポケモンカードゲームXY 拡張パック「エメラルドブレイク」,xy6_ja,70,INSIDE_DB_RANGE,91,,U,https://images.scrydex.com/pokemon/xy6_ja-70/medium,https://scrydex.com/pokemon/cards/trainers-mail/xy6_ja-70?variant=firstEdition,https://scrydex.com/pokemon/expansions/emerald-break/xy6_ja
XY6,ポケモンカードゲームXY 拡張パック「エメラルドブレイク」,xy6_ja,71,INSIDE_DB_RANGE,91,,U,https://images.scrydex.com/pokemon/xy6_ja-71/medium,https://scrydex.com/pokemon/cards/mega-turbo/xy6_ja-71?variant=firstEdition,https://scrydex.com/pokemon/expansions/emerald-break/xy6_ja
XY6,ポケモンカードゲームXY 拡張パック「エメラルドブレイク」,xy6_ja,72,INSIDE_DB_RANGE,91,,U,https://images.scrydex.com/pokemon/xy6_ja-72/medium,https://scrydex.com/pokemon/cards/wide-lens/xy6_ja-72?variant=firstEdition,https://scrydex.com/pokemon/expansions/emerald-break/xy6_ja
XY6,ポケモンカードゲームXY 拡張パック「エメラルドブレイク」,xy6_ja,73,INSIDE_DB_RANGE,91,,U,https://images.scrydex.com/pokemon/xy6_ja-73/medium,https://scrydex.com/pokemon/cards/gallade-spirit-link/xy6_ja-73?variant=firstEdition,https://scrydex.com/pokemon/expansions/emerald-break/xy6_ja
XY6,ポケモンカードゲームXY 拡張パック「エメラルドブレイク」,xy6_ja,74,INSIDE_DB_RANGE,91,,U,https://images.scrydex.com/pokemon/xy6_ja-74/medium,https://scrydex.com/pokemon/cards/latios-spirit-link/xy6_ja-74?variant=firstEdition,https://scrydex.com/pokemon/expansions/emerald-break/xy6_ja
XY6,ポケモンカードゲームXY 拡張パック「エメラルドブレイク」,xy6_ja,75,INSIDE_DB_RANGE,91,,U,https://images.scrydex.com/pokemon/xy6_ja-75/medium,https://scrydex.com/pokemon/cards/winona/xy6_ja-75?variant=firstEdition,https://scrydex.com/pokemon/expansions/emerald-break/xy6_ja
XY6,ポケモンカードゲームXY 拡張パック「エメラルドブレイク」,xy6_ja,76,INSIDE_DB_RANGE,91,,U,https://images.scrydex.com/pokemon/xy6_ja-76/medium,https://scrydex.com/pokemon/cards/wally/xy6_ja-76?variant=firstEdition,https://scrydex.com/pokemon/expansions/emerald-break/xy6_ja
XY6,ポケモンカードゲームXY 拡張パック「エメラルドブレイク」,xy6_ja,77,INSIDE_DB_RANGE,91,,U,https://images.scrydex.com/pokemon/xy6_ja-77/medium,https://scrydex.com/pokemon/cards/sky-field/xy6_ja-77?variant=firstEdition,https://scrydex.com/pokemon/expansions/emerald-break/xy6_ja
XY6,ポケモンカードゲームXY 拡張パック「エメラルドブレイク」,xy6_ja,78,INSIDE_DB_RANGE,91,,U,https://images.scrydex.com/pokemon/xy6_ja-78/medium,https://scrydex.com/pokemon/cards/double-dragon-energy/xy6_ja-78?variant=firstEdition,https://scrydex.com/pokemon/expansions/emerald-break/xy6_ja
XY7,ポケモンカードゲームXY 拡張パック「バンデットリング」,xy7_ja,1,INSIDE_DB_RANGE,97,,C,https://images.scrydex.com/pokemon/xy7_ja-1/medium,https://scrydex.com/pokemon/cards/oddish/xy7_ja-1?variant=firstEdition,https://scrydex.com/pokemon/expansions/bandit-ring/xy7_ja
XY7,ポケモンカードゲームXY 拡張パック「バンデットリング」,xy7_ja,2,INSIDE_DB_RANGE,97,,C,https://images.scrydex.com/pokemon/xy7_ja-2/medium,https://scrydex.com/pokemon/cards/gloom/xy7_ja-2?variant=firstEdition,https://scrydex.com/pokemon/expansions/bandit-ring/xy7_ja
XY7,ポケモンカードゲームXY 拡張パック「バンデットリング」,xy7_ja,3,INSIDE_DB_RANGE,97,,U,https://images.scrydex.com/pokemon/xy7_ja-3/medium,https://scrydex.com/pokemon/cards/vileplume/xy7_ja-3?variant=firstEdition,https://scrydex.com/pokemon/expansions/bandit-ring/xy7_ja
XY7,ポケモンカードゲームXY 拡張パック「バンデットリング」,xy7_ja,4,INSIDE_DB_RANGE,97,,C,https://images.scrydex.com/pokemon/xy7_ja-4/medium,https://scrydex.com/pokemon/cards/bellossom/xy7_ja-4?variant=firstEdition,https://scrydex.com/pokemon/expansions/bandit-ring/xy7_ja
XY7,ポケモンカードゲームXY 拡張パック「バンデットリング」,xy7_ja,5,INSIDE_DB_RANGE,97,,C,https://images.scrydex.com/pokemon/xy7_ja-5/medium,https://scrydex.com/pokemon/cards/spinarak/xy7_ja-5?variant=firstEdition,https://scrydex.com/pokemon/expansions/bandit-ring/xy7_ja
XY7,ポケモンカードゲームXY 拡張パック「バンデットリング」,xy7_ja,6,INSIDE_DB_RANGE,97,,C,https://images.scrydex.com/pokemon/xy7_ja-6/medium,https://scrydex.com/pokemon/cards/ariados/xy7_ja-6?variant=firstEdition,https://scrydex.com/pokemon/expansions/bandit-ring/xy7_ja
XY7,ポケモンカードゲームXY 拡張パック「バンデットリング」,xy7_ja,7,INSIDE_DB_RANGE,97,,RR,https://images.scrydex.com/pokemon/xy7_ja-7/medium,https://scrydex.com/pokemon/cards/sceptile-ex/xy7_ja-7?variant=firstEditionHolofoil,https://scrydex.com/pokemon/expansions/bandit-ring/xy7_ja
XY7,ポケモンカードゲームXY 拡張パック「バンデットリング」,xy7_ja,8,INSIDE_DB_RANGE,97,,RR,https://images.scrydex.com/pokemon/xy7_ja-8/medium,https://scrydex.com/pokemon/cards/m-sceptile-ex/xy7_ja-8?variant=firstEditionHolofoil,https://scrydex.com/pokemon/expansions/bandit-ring/xy7_ja
XY7,ポケモンカードゲームXY 拡張パック「バンデットリング」,xy7_ja,9,INSIDE_DB_RANGE,97,,C,https://images.scrydex.com/pokemon/xy7_ja-9/medium,https://scrydex.com/pokemon/cards/combee/xy7_ja-9?variant=firstEdition,https://scrydex.com/pokemon/expansions/bandit-ring/xy7_ja
XY7,ポケモンカードゲームXY 拡張パック「バンデットリング」,xy7_ja,10,INSIDE_DB_RANGE,97,,C,https://images.scrydex.com/pokemon/xy7_ja-10/medium,https://scrydex.com/pokemon/cards/vespiquen/xy7_ja-10?variant=firstEdition,https://scrydex.com/pokemon/expansions/bandit-ring/xy7_ja
XY7,ポケモンカードゲームXY 拡張パック「バンデットリング」,xy7_ja,11,INSIDE_DB_RANGE,97,,C,https://images.scrydex.com/pokemon/xy7_ja-11/medium,https://scrydex.com/pokemon/cards/vespiquen/xy7_ja-11?variant=firstEdition,https://scrydex.com/pokemon/expansions/bandit-ring/xy7_ja
XY7,ポケモンカードゲームXY 拡張パック「バンデットリング」,xy7_ja,12,INSIDE_DB_RANGE,97,,R,https://images.scrydex.com/pokemon/xy7_ja-12/medium,https://scrydex.com/pokemon/cards/virizion/xy7_ja-12?variant=firstEditionHolofoil,https://scrydex.com/pokemon/expansions/bandit-ring/xy7_ja
XY7,ポケモンカードゲームXY 拡張パック「バンデットリング」,xy7_ja,13,INSIDE_DB_RANGE,97,,C,https://images.scrydex.com/pokemon/xy7_ja-13/medium,https://scrydex.com/pokemon/cards/flareon/xy7_ja-13?variant=firstEdition,https://scrydex.com/pokemon/expansions/bandit-ring/xy7_ja
XY7,ポケモンカードゲームXY 拡張パック「バンデットリング」,xy7_ja,14,INSIDE_DB_RANGE,97,,U,https://images.scrydex.com/pokemon/xy7_ja-14/medium,https://scrydex.com/pokemon/cards/entei/xy7_ja-14?variant=firstEdition,https://scrydex.com/pokemon/expansions/bandit-ring/xy7_ja
XY7,ポケモンカードゲームXY 拡張パック「バンデットリング」,xy7_ja,15,INSIDE_DB_RANGE,97,,R,https://images.scrydex.com/pokemon/xy7_ja-15/medium,https://scrydex.com/pokemon/cards/entei/xy7_ja-15?variant=firstEditionHolofoil,https://scrydex.com/pokemon/expansions/bandit-ring/xy7_ja
XY7,ポケモンカードゲームXY 拡張パック「バンデットリング」,xy7_ja,16,INSIDE_DB_RANGE,97,,C,https://images.scrydex.com/pokemon/xy7_ja-16/medium,https://scrydex.com/pokemon/cards/larvesta/xy7_ja-16?variant=firstEdition,https://scrydex.com/pokemon/expansions/bandit-ring/xy7_ja
XY7,ポケモンカードゲームXY 拡張パック「バンデットリング」,xy7_ja,17,INSIDE_DB_RANGE,97,,R,https://images.scrydex.com/pokemon/xy7_ja-17/medium,https://scrydex.com/pokemon/cards/volcarona/xy7_ja-17?variant=firstEditionHolofoil,https://scrydex.com/pokemon/expansions/bandit-ring/xy7_ja
XY7,ポケモンカードゲームXY 拡張パック「バンデットリング」,xy7_ja,18,INSIDE_DB_RANGE,97,,U,https://images.scrydex.com/pokemon/xy7_ja-18/medium,https://scrydex.com/pokemon/cards/volcarona/xy7_ja-18?variant=firstEdition,https://scrydex.com/pokemon/expansions/bandit-ring/xy7_ja
XY7,ポケモンカードゲームXY 拡張パック「バンデットリング」,xy7_ja,19,INSIDE_DB_RANGE,97,,C,https://images.scrydex.com/pokemon/xy7_ja-19/medium,https://scrydex.com/pokemon/cards/magikarp/xy7_ja-19?variant=firstEdition,https://scrydex.com/pokemon/expansions/bandit-ring/xy7_ja
XY7,ポケモンカードゲームXY 拡張パック「バンデットリング」,xy7_ja,20,INSIDE_DB_RANGE,97,,U,https://images.scrydex.com/pokemon/xy7_ja-20/medium,https://scrydex.com/pokemon/cards/gyarados/xy7_ja-20?variant=firstEdition,https://scrydex.com/pokemon/expansions/bandit-ring/xy7_ja
XY7,ポケモンカードゲームXY 拡張パック「バンデットリング」,xy7_ja,21,INSIDE_DB_RANGE,97,,R,https://images.scrydex.com/pokemon/xy7_ja-21/medium,https://scrydex.com/pokemon/cards/gyarados/xy7_ja-21?variant=firstEditionHolofoil,https://scrydex.com/pokemon/expansions/bandit-ring/xy7_ja
XY7,ポケモンカードゲームXY 拡張パック「バンデットリング」,xy7_ja,22,INSIDE_DB_RANGE,97,,C,https://images.scrydex.com/pokemon/xy7_ja-22/medium,https://scrydex.com/pokemon/cards/vaporeon/xy7_ja-22?variant=firstEdition,https://scrydex.com/pokemon/expansions/bandit-ring/xy7_ja
XY7,ポケモンカードゲームXY 拡張パック「バンデットリング」,xy7_ja,23,INSIDE_DB_RANGE,97,,C,https://images.scrydex.com/pokemon/xy7_ja-23/medium,https://scrydex.com/pokemon/cards/relicanth/xy7_ja-23?variant=firstEdition,https://scrydex.com/pokemon/expansions/bandit-ring/xy7_ja
XY7,ポケモンカードゲームXY 拡張パック「バンデットリング」,xy7_ja,24,INSIDE_DB_RANGE,97,,U,https://images.scrydex.com/pokemon/xy7_ja-24/medium,https://scrydex.com/pokemon/cards/regice/xy7_ja-24?variant=firstEdition,https://scrydex.com/pokemon/expansions/bandit-ring/xy7_ja
XY7,ポケモンカードゲームXY 拡張パック「バンデットリング」,xy7_ja,25,INSIDE_DB_RANGE,97,,RR,https://images.scrydex.com/pokemon/xy7_ja-25/medium,https://scrydex.com/pokemon/cards/kyurem-ex/xy7_ja-25?variant=firstEditionHolofoil,https://scrydex.com/pokemon/expansions/bandit-ring/xy7_ja
XY7,ポケモンカードゲームXY 拡張パック「バンデットリング」,xy7_ja,26,INSIDE_DB_RANGE,97,,R,https://images.scrydex.com/pokemon/xy7_ja-26/medium,https://scrydex.com/pokemon/cards/jolteon/xy7_ja-26?variant=firstEditionHolofoil,https://scrydex.com/pokemon/expansions/bandit-ring/xy7_ja
XY7,ポケモンカードゲームXY 拡張パック「バンデットリング」,xy7_ja,27,INSIDE_DB_RANGE,97,,RR,https://images.scrydex.com/pokemon/xy7_ja-27/medium,https://scrydex.com/pokemon/cards/ampharos-ex/xy7_ja-27?variant=firstEditionHolofoil,https://scrydex.com/pokemon/expansions/bandit-ring/xy7_ja
XY7,ポケモンカードゲームXY 拡張パック「バンデットリング」,xy7_ja,28,INSIDE_DB_RANGE,97,,RR,https://images.scrydex.com/pokemon/xy7_ja-28/medium,https://scrydex.com/pokemon/cards/m-ampharos-ex/xy7_ja-28?variant=firstEditionHolofoil,https://scrydex.com/pokemon/expansions/bandit-ring/xy7_ja
XY7,ポケモンカードゲームXY 拡張パック「バンデットリング」,xy7_ja,29,INSIDE_DB_RANGE,97,,C,https://images.scrydex.com/pokemon/xy7_ja-29/medium,https://scrydex.com/pokemon/cards/rotom/xy7_ja-29?variant=firstEdition,https://scrydex.com/pokemon/expansions/bandit-ring/xy7_ja
XY7,ポケモンカードゲームXY 拡張パック「バンデットリング」,xy7_ja,30,INSIDE_DB_RANGE,97,,C,https://images.scrydex.com/pokemon/xy7_ja-30/medium,https://scrydex.com/pokemon/cards/unown/xy7_ja-30?variant=firstEdition,https://scrydex.com/pokemon/expansions/bandit-ring/xy7_ja
XY7,ポケモンカードゲームXY 拡張パック「バンデットリング」,xy7_ja,31,INSIDE_DB_RANGE,97,,C,https://images.scrydex.com/pokemon/xy7_ja-31/medium,https://scrydex.com/pokemon/cards/baltoy/xy7_ja-31?variant=firstEdition,https://scrydex.com/pokemon/expansions/bandit-ring/xy7_ja
XY7,ポケモンカードゲームXY 拡張パック「バンデットリング」,xy7_ja,32,INSIDE_DB_RANGE,97,,C,https://images.scrydex.com/pokemon/xy7_ja-32/medium,https://scrydex.com/pokemon/cards/baltoy/xy7_ja-32?variant=firstEdition,https://scrydex.com/pokemon/expansions/bandit-ring/xy7_ja
XY7,ポケモンカードゲームXY 拡張パック「バンデットリング」,xy7_ja,33,INSIDE_DB_RANGE,97,,U,https://images.scrydex.com/pokemon/xy7_ja-33/medium,https://scrydex.com/pokemon/cards/claydol/xy7_ja-33?variant=firstEdition,https://scrydex.com/pokemon/expansions/bandit-ring/xy7_ja
XY7,ポケモンカードゲームXY 拡張パック「バンデットリング」,xy7_ja,34,INSIDE_DB_RANGE,97,,C,https://images.scrydex.com/pokemon/xy7_ja-34/medium,https://scrydex.com/pokemon/cards/golett/xy7_ja-34?variant=firstEdition,https://scrydex.com/pokemon/expansions/bandit-ring/xy7_ja
XY7,ポケモンカードゲームXY 拡張パック「バンデットリング」,xy7_ja,35,INSIDE_DB_RANGE,97,,U,https://images.scrydex.com/pokemon/xy7_ja-35/medium,https://scrydex.com/pokemon/cards/golurk/xy7_ja-35?variant=firstEdition,https://scrydex.com/pokemon/expansions/bandit-ring/xy7_ja
XY7,ポケモンカードゲームXY 拡張パック「バンデットリング」,xy7_ja,36,INSIDE_DB_RANGE,97,,RR,https://images.scrydex.com/pokemon/xy7_ja-36/medium,https://scrydex.com/pokemon/cards/hoopa-ex/xy7_ja-36?variant=firstEditionHolofoil,https://scrydex.com/pokemon/expansions/bandit-ring/xy7_ja
XY7,ポケモンカードゲームXY 拡張パック「バンデットリング」,xy7_ja,37,INSIDE_DB_RANGE,97,,RR,https://images.scrydex.com/pokemon/xy7_ja-37/medium,https://scrydex.com/pokemon/cards/machamp-ex/xy7_ja-37?variant=firstEditionHolofoil,https://scrydex.com/pokemon/expansions/bandit-ring/xy7_ja
XY7,ポケモンカードゲームXY 拡張パック「バンデットリング」,xy7_ja,38,INSIDE_DB_RANGE,97,,C,https://images.scrydex.com/pokemon/xy7_ja-38/medium,https://scrydex.com/pokemon/cards/wooper/xy7_ja-38?variant=firstEdition,https://scrydex.com/pokemon/expansions/bandit-ring/xy7_ja
XY7,ポケモンカードゲームXY 拡張パック「バンデットリング」,xy7_ja,39,INSIDE_DB_RANGE,97,,C,https://images.scrydex.com/pokemon/xy7_ja-39/medium,https://scrydex.com/pokemon/cards/quagsire/xy7_ja-39?variant=firstEdition,https://scrydex.com/pokemon/expansions/bandit-ring/xy7_ja
XY7,ポケモンカードゲームXY 拡張パック「バンデットリング」,xy7_ja,40,INSIDE_DB_RANGE,97,,U,https://images.scrydex.com/pokemon/xy7_ja-40/medium,https://scrydex.com/pokemon/cards/regirock/xy7_ja-40?variant=firstEdition,https://scrydex.com/pokemon/expansions/bandit-ring/xy7_ja
XY7,ポケモンカードゲームXY 拡張パック「バンデットリング」,xy7_ja,41,INSIDE_DB_RANGE,97,,C,https://images.scrydex.com/pokemon/xy7_ja-41/medium,https://scrydex.com/pokemon/cards/golurk/xy7_ja-41?variant=firstEdition,https://scrydex.com/pokemon/expansions/bandit-ring/xy7_ja
XY7,ポケモンカードゲームXY 拡張パック「バンデットリング」,xy7_ja,42,INSIDE_DB_RANGE,97,,RR,https://images.scrydex.com/pokemon/xy7_ja-42/medium,https://scrydex.com/pokemon/cards/tyranitar-ex/xy7_ja-42?variant=firstEditionHolofoil,https://scrydex.com/pokemon/expansions/bandit-ring/xy7_ja
XY7,ポケモンカードゲームXY 拡張パック「バンデットリング」,xy7_ja,43,INSIDE_DB_RANGE,97,,RR,https://images.scrydex.com/pokemon/xy7_ja-43/medium,https://scrydex.com/pokemon/cards/m-tyranitar-ex/xy7_ja-43?variant=firstEditionHolofoil,https://scrydex.com/pokemon/expansions/bandit-ring/xy7_ja
XY7,ポケモンカードゲームXY 拡張パック「バンデットリング」,xy7_ja,44,INSIDE_DB_RANGE,97,,C,https://images.scrydex.com/pokemon/xy7_ja-44/medium,https://scrydex.com/pokemon/cards/sableye/xy7_ja-44?variant=firstEdition,https://scrydex.com/pokemon/expansions/bandit-ring/xy7_ja
XY7,ポケモンカードゲームXY 拡張パック「バンデットリング」,xy7_ja,45,INSIDE_DB_RANGE,97,,C,https://images.scrydex.com/pokemon/xy7_ja-45/medium,https://scrydex.com/pokemon/cards/inkay/xy7_ja-45?variant=firstEdition,https://scrydex.com/pokemon/expansions/bandit-ring/xy7_ja
XY7,ポケモンカードゲームXY 拡張パック「バンデットリング」,xy7_ja,46,INSIDE_DB_RANGE,97,,C,https://images.scrydex.com/pokemon/xy7_ja-46/medium,https://scrydex.com/pokemon/cards/malamar/xy7_ja-46?variant=firstEdition,https://scrydex.com/pokemon/expansions/bandit-ring/xy7_ja
XY7,ポケモンカードゲームXY 拡張パック「バンデットリング」,xy7_ja,47,INSIDE_DB_RANGE,97,,C,https://images.scrydex.com/pokemon/xy7_ja-47/medium,https://scrydex.com/pokemon/cards/beldum/xy7_ja-47?variant=firstEdition,https://scrydex.com/pokemon/expansions/bandit-ring/xy7_ja
XY7,ポケモンカードゲームXY 拡張パック「バンデットリング」,xy7_ja,48,INSIDE_DB_RANGE,97,,C,https://images.scrydex.com/pokemon/xy7_ja-48/medium,https://scrydex.com/pokemon/cards/metang/xy7_ja-48?variant=firstEdition,https://scrydex.com/pokemon/expansions/bandit-ring/xy7_ja
XY7,ポケモンカードゲームXY 拡張パック「バンデットリング」,xy7_ja,49,INSIDE_DB_RANGE,97,,R,https://images.scrydex.com/pokemon/xy7_ja-49/medium,https://scrydex.com/pokemon/cards/metagross/xy7_ja-49?variant=firstEditionHolofoil,https://scrydex.com/pokemon/expansions/bandit-ring/xy7_ja
XY7,ポケモンカードゲームXY 拡張パック「バンデットリング」,xy7_ja,50,INSIDE_DB_RANGE,97,,U,https://images.scrydex.com/pokemon/xy7_ja-50/medium,https://scrydex.com/pokemon/cards/metagross/xy7_ja-50?variant=firstEdition,https://scrydex.com/pokemon/expansions/bandit-ring/xy7_ja
XY7,ポケモンカードゲームXY 拡張パック「バンデットリング」,xy7_ja,51,INSIDE_DB_RANGE,97,,U,https://images.scrydex.com/pokemon/xy7_ja-51/medium,https://scrydex.com/pokemon/cards/registeel/xy7_ja-51?variant=firstEdition,https://scrydex.com/pokemon/expansions/bandit-ring/xy7_ja
XY7,ポケモンカードゲームXY 拡張パック「バンデットリング」,xy7_ja,52,INSIDE_DB_RANGE,97,,C,https://images.scrydex.com/pokemon/xy7_ja-52/medium,https://scrydex.com/pokemon/cards/ralts/xy7_ja-52?variant=firstEdition,https://scrydex.com/pokemon/expansions/bandit-ring/xy7_ja
XY7,ポケモンカードゲームXY 拡張パック「バンデットリング」,xy7_ja,53,INSIDE_DB_RANGE,97,,C,https://images.scrydex.com/pokemon/xy7_ja-53/medium,https://scrydex.com/pokemon/cards/kirlia/xy7_ja-53?variant=firstEdition,https://scrydex.com/pokemon/expansions/bandit-ring/xy7_ja
XY7,ポケモンカードゲームXY 拡張パック「バンデットリング」,xy7_ja,54,INSIDE_DB_RANGE,97,,R,https://images.scrydex.com/pokemon/xy7_ja-54/medium,https://scrydex.com/pokemon/cards/gardevoir/xy7_ja-54?variant=firstEditionHolofoil,https://scrydex.com/pokemon/expansions/bandit-ring/xy7_ja
XY7,ポケモンカードゲームXY 拡張パック「バンデットリング」,xy7_ja,55,INSIDE_DB_RANGE,97,,C,https://images.scrydex.com/pokemon/xy7_ja-55/medium,https://scrydex.com/pokemon/cards/cottonee/xy7_ja-55?variant=firstEdition,https://scrydex.com/pokemon/expansions/bandit-ring/xy7_ja
XY7,ポケモンカードゲームXY 拡張パック「バンデットリング」,xy7_ja,56,INSIDE_DB_RANGE,97,,C,https://images.scrydex.com/pokemon/xy7_ja-56/medium,https://scrydex.com/pokemon/cards/whimsicott/xy7_ja-56?variant=firstEdition,https://scrydex.com/pokemon/expansions/bandit-ring/xy7_ja
XY7,ポケモンカードゲームXY 拡張パック「バンデットリング」,xy7_ja,57,INSIDE_DB_RANGE,97,,RR,https://images.scrydex.com/pokemon/xy7_ja-57/medium,https://scrydex.com/pokemon/cards/giratina-ex/xy7_ja-57?variant=firstEditionHolofoil,https://scrydex.com/pokemon/expansions/bandit-ring/xy7_ja
XY7,ポケモンカードゲームXY 拡張パック「バンデットリング」,xy7_ja,58,INSIDE_DB_RANGE,97,,C,https://images.scrydex.com/pokemon/xy7_ja-58/medium,https://scrydex.com/pokemon/cards/goomy/xy7_ja-58?variant=firstEdition,https://scrydex.com/pokemon/expansions/bandit-ring/xy7_ja
XY7,ポケモンカードゲームXY 拡張パック「バンデットリング」,xy7_ja,59,INSIDE_DB_RANGE,97,,C,https://images.scrydex.com/pokemon/xy7_ja-59/medium,https://scrydex.com/pokemon/cards/sliggoo/xy7_ja-59?variant=firstEdition,https://scrydex.com/pokemon/expansions/bandit-ring/xy7_ja
XY7,ポケモンカードゲームXY 拡張パック「バンデットリング」,xy7_ja,60,INSIDE_DB_RANGE,97,,R,https://images.scrydex.com/pokemon/xy7_ja-60/medium,https://scrydex.com/pokemon/cards/goodra/xy7_ja-60?variant=firstEditionHolofoil,https://scrydex.com/pokemon/expansions/bandit-ring/xy7_ja
XY7,ポケモンカードゲームXY 拡張パック「バンデットリング」,xy7_ja,61,INSIDE_DB_RANGE,97,,C,https://images.scrydex.com/pokemon/xy7_ja-61/medium,https://scrydex.com/pokemon/cards/meowth/xy7_ja-61?variant=firstEdition,https://scrydex.com/pokemon/expansions/bandit-ring/xy7_ja
XY7,ポケモンカードゲームXY 拡張パック「バンデットリング」,xy7_ja,62,INSIDE_DB_RANGE,97,,C,https://images.scrydex.com/pokemon/xy7_ja-62/medium,https://scrydex.com/pokemon/cards/persian/xy7_ja-62?variant=firstEdition,https://scrydex.com/pokemon/expansions/bandit-ring/xy7_ja
XY7,ポケモンカードゲームXY 拡張パック「バンデットリング」,xy7_ja,63,INSIDE_DB_RANGE,97,,C,https://images.scrydex.com/pokemon/xy7_ja-63/medium,https://scrydex.com/pokemon/cards/eevee/xy7_ja-63?variant=firstEdition,https://scrydex.com/pokemon/expansions/bandit-ring/xy7_ja
XY7,ポケモンカードゲームXY 拡張パック「バンデットリング」,xy7_ja,64,INSIDE_DB_RANGE,97,,C,https://images.scrydex.com/pokemon/xy7_ja-64/medium,https://scrydex.com/pokemon/cards/porygon/xy7_ja-64?variant=firstEdition,https://scrydex.com/pokemon/expansions/bandit-ring/xy7_ja
XY7,ポケモンカードゲームXY 拡張パック「バンデットリング」,xy7_ja,65,INSIDE_DB_RANGE,97,,C,https://images.scrydex.com/pokemon/xy7_ja-65/medium,https://scrydex.com/pokemon/cards/porygon2/xy7_ja-65?variant=firstEdition,https://scrydex.com/pokemon/expansions/bandit-ring/xy7_ja
XY7,ポケモンカードゲームXY 拡張パック「バンデットリング」,xy7_ja,66,INSIDE_DB_RANGE,97,,U,https://images.scrydex.com/pokemon/xy7_ja-66/medium,https://scrydex.com/pokemon/cards/porygon-z/xy7_ja-66?variant=firstEdition,https://scrydex.com/pokemon/expansions/bandit-ring/xy7_ja
XY7,ポケモンカードゲームXY 拡張パック「バンデットリング」,xy7_ja,67,INSIDE_DB_RANGE,97,,R,https://images.scrydex.com/pokemon/xy7_ja-67/medium,https://scrydex.com/pokemon/cards/porygon-z/xy7_ja-67?variant=firstEditionHolofoil,https://scrydex.com/pokemon/expansions/bandit-ring/xy7_ja
XY7,ポケモンカードゲームXY 拡張パック「バンデットリング」,xy7_ja,68,INSIDE_DB_RANGE,97,,RR,https://images.scrydex.com/pokemon/xy7_ja-68/medium,https://scrydex.com/pokemon/cards/lugia-ex/xy7_ja-68?variant=firstEditionHolofoil,https://scrydex.com/pokemon/expansions/bandit-ring/xy7_ja
XY7,ポケモンカードゲームXY 拡張パック「バンデットリング」,xy7_ja,69,INSIDE_DB_RANGE,97,,U,https://images.scrydex.com/pokemon/xy7_ja-69/medium,https://scrydex.com/pokemon/cards/eco-arm/xy7_ja-69?variant=firstEdition,https://scrydex.com/pokemon/expansions/bandit-ring/xy7_ja
XY7,ポケモンカードゲームXY 拡張パック「バンデットリング」,xy7_ja,70,INSIDE_DB_RANGE,97,,U,https://images.scrydex.com/pokemon/xy7_ja-70/medium,https://scrydex.com/pokemon/cards/paint-roller/xy7_ja-70?variant=firstEdition,https://scrydex.com/pokemon/expansions/bandit-ring/xy7_ja
XY7,ポケモンカードゲームXY 拡張パック「バンデットリング」,xy7_ja,71,INSIDE_DB_RANGE,97,,U,https://images.scrydex.com/pokemon/xy7_ja-71/medium,https://scrydex.com/pokemon/cards/level-ball/xy7_ja-71?variant=firstEdition,https://scrydex.com/pokemon/expansions/bandit-ring/xy7_ja
XY7,ポケモンカードゲームXY 拡張パック「バンデットリング」,xy7_ja,72,INSIDE_DB_RANGE,97,,U,https://images.scrydex.com/pokemon/xy7_ja-72/medium,https://scrydex.com/pokemon/cards/lucky-helmet/xy7_ja-72?variant=firstEdition,https://scrydex.com/pokemon/expansions/bandit-ring/xy7_ja
XY7,ポケモンカードゲームXY 拡張パック「バンデットリング」,xy7_ja,73,INSIDE_DB_RANGE,97,,U,https://images.scrydex.com/pokemon/xy7_ja-73/medium,https://scrydex.com/pokemon/cards/sceptile-spirit-link/xy7_ja-73?variant=firstEdition,https://scrydex.com/pokemon/expansions/bandit-ring/xy7_ja
XY7,ポケモンカードゲームXY 拡張パック「バンデットリング」,xy7_ja,74,INSIDE_DB_RANGE,97,,U,https://images.scrydex.com/pokemon/xy7_ja-74/medium,https://scrydex.com/pokemon/cards/ampharos-spirit-link/xy7_ja-74?variant=firstEdition,https://scrydex.com/pokemon/expansions/bandit-ring/xy7_ja
XY7,ポケモンカードゲームXY 拡張パック「バンデットリング」,xy7_ja,75,INSIDE_DB_RANGE,97,,U,https://images.scrydex.com/pokemon/xy7_ja-75/medium,https://scrydex.com/pokemon/cards/tyranitar-spirit-link/xy7_ja-75?variant=firstEdition,https://scrydex.com/pokemon/expansions/bandit-ring/xy7_ja
XY7,ポケモンカードゲームXY 拡張パック「バンデットリング」,xy7_ja,76,INSIDE_DB_RANGE,97,,U,https://images.scrydex.com/pokemon/xy7_ja-76/medium,https://scrydex.com/pokemon/cards/ace-trainer/xy7_ja-76?variant=firstEdition,https://scrydex.com/pokemon/expansions/bandit-ring/xy7_ja
XY7,ポケモンカードゲームXY 拡張パック「バンデットリング」,xy7_ja,77,INSIDE_DB_RANGE,97,,U,https://images.scrydex.com/pokemon/xy7_ja-77/medium,https://scrydex.com/pokemon/cards/hex-maniac/xy7_ja-77?variant=firstEdition,https://scrydex.com/pokemon/expansions/bandit-ring/xy7_ja
XY7,ポケモンカードゲームXY 拡張パック「バンデットリング」,xy7_ja,78,INSIDE_DB_RANGE,97,,U,https://images.scrydex.com/pokemon/xy7_ja-78/medium,https://scrydex.com/pokemon/cards/faded-town/xy7_ja-78?variant=firstEdition,https://scrydex.com/pokemon/expansions/bandit-ring/xy7_ja
XY7,ポケモンカードゲームXY 拡張パック「バンデットリング」,xy7_ja,79,INSIDE_DB_RANGE,97,,U,https://images.scrydex.com/pokemon/xy7_ja-79/medium,https://scrydex.com/pokemon/cards/forest-of-giant-plants/xy7_ja-79?variant=firstEdition,https://scrydex.com/pokemon/expansions/bandit-ring/xy7_ja
XY7,ポケモンカードゲームXY 拡張パック「バンデットリング」,xy7_ja,80,INSIDE_DB_RANGE,97,,U,https://images.scrydex.com/pokemon/xy7_ja-80/medium,https://scrydex.com/pokemon/cards/flash-energy/xy7_ja-80?variant=firstEdition,https://scrydex.com/pokemon/expansions/bandit-ring/xy7_ja
XY7,ポケモンカードゲームXY 拡張パック「バンデットリング」,xy7_ja,81,INSIDE_DB_RANGE,97,,U,https://images.scrydex.com/pokemon/xy7_ja-81/medium,https://scrydex.com/pokemon/cards/dangerous-energy/xy7_ja-81?variant=firstEdition,https://scrydex.com/pokemon/expansions/bandit-ring/xy7_ja
WCS23,ポケモンワールドチャンピオンシップス2023横浜 記念デッキ「ピカチュウ」,wcs23_ja,31,BEYOND_DB_MAX,30,,,https://images.scrydex.com/pokemon/wcs23_ja-31/medium,https://scrydex.com/pokemon/cards/basic-lightning-energy/wcs23_ja-31?variant=holofoil,https://scrydex.com/pokemon/expansions/world-championships-2023-yokohama-deck-pikachu/wcs23_ja
WCS23,ポケモンワールドチャンピオンシップス2023横浜 記念デッキ「ピカチュウ」,wcs23_ja,32,BEYOND_DB_MAX,30,,,https://images.scrydex.com/pokemon/wcs23_ja-32/medium,https://scrydex.com/pokemon/cards/basic-fighting-energy/wcs23_ja-32?variant=holofoil,https://scrydex.com/pokemon/expansions/world-championships-2023-yokohama-deck-pikachu/wcs23_ja
